date_LST,pm_size,pollutant,pm_mass_concentration,maia_surface_monitor_id,site_name,latitude,longitude,station_location_type,source_name,measurement_id,elevation,height,source_url,station_country,station_state_or_province,qc_completeness,qc_actual_samples,qc_anomalous,qc_duplicate_samples,qc_duplicate_time,qc_expected_samples,qc_negative,qc_outlier,qc_stuck,qc_total_samples,qc_unphysical,qc_valid,source_file,qc_expected_range_flag,qc_mean_concentration_prior_year,qc_standard_deviation_prior_year
20241231,PM_2.5,Black_Carbon,0.0,USA-LosAngeles-0001-34.1994N_118.1732W_0800,AethLabs JPL,34.19941255,-118.1732079,research,aethalometer,SPECIES_USA-LosAngeles-0001_,,,,US,Pasadena,0.0028,900.0,0.0,0.0,0.0,720.0,0.0,0.0,898.0,900.0,0.0,2.0,MAIA_ANC_SURFACEMONITOR_PM_2.5_SPECIES_USA-LosAngeles_20241231T000000Z_F01_V2026p06p10.nc,,,
20250101,PM_2.5,Black_Carbon,0.0,USA-LosAngeles-0001-34.1994N_118.1732W_0800,AethLabs JPL,34.19941255,-118.1732079,research,aethalometer,SPECIES_USA-LosAngeles-0001_,,,,US,Pasadena,0.0028,900.0,0.0,0.0,0.0,720.0,0.0,0.0,898.0,900.0,0.0,2.0,MAIA_ANC_SURFACEMONITOR_PM_2.5_SPECIES_USA-LosAngeles_20250101T000000Z_F01_V2026p06p10.nc,,,
20250101,PM_2.5,Dust,0.7783,USA-LosAngeles-0001-33.8306N_117.9385W_1811,"Los Angeles-Long Beach-Anaheim, CA 11",33.83062,-117.93845,government,AQS,SPECIES_USA-LosAngeles-0001_,,,,US,Anaheim,,,,,,,,,,,,,MAIA_ANC_SURFACEMONITOR_PM_2.5_SPECIES_USA-LosAngeles_20250101T000000Z_F01_V2026p06p10.nc,-9999.0,-9999.0,-9999.0
20250101,PM_2.5,Dust,1.2926,USA-LosAngeles-0001-33.9996N_117.4160W_1811,"Riverside-San Bernardino-Ontario, CA 11",33.99958,-117.41601,government,AQS,SPECIES_USA-LosAngeles-0001_,,,,US,Rubidoux,,,,,,,,,,,,,MAIA_ANC_SURFACEMONITOR_PM_2.5_SPECIES_USA-LosAngeles_20250101T000000Z_F01_V2026p06p10.nc,-9999.0,-9999.0,-9999.0
20250101,PM_2.5,Dust,1.1137,USA-LosAngeles-0001-34.0666N_118.2269W_1811,"Los Angeles-Long Beach-Anaheim, CA 11",34.06659,-118.22688,government,AQS,SPECIES_USA-LosAngeles-0001_,,,,US,Los Angeles,,,,,,,,,,,,,MAIA_ANC_SURFACEMONITOR_PM_2.5_SPECIES_USA-LosAngeles_20250101T000000Z_F01_V2026p06p10.nc,-9999.0,-9999.0,-9999.0
20250101,PM_2.5,Dust,1.052,USA-LosAngeles-0001-34.0666N_118.2269W_1812,"Los Angeles-Long Beach-Anaheim, CA 12",34.06659,-118.22688,government,AQS,SPECIES_USA-LosAngeles-0001_,,,,US,Los Angeles,,,,,,,,,,,,,MAIA_ANC_SURFACEMONITOR_PM_2.5_SPECIES_USA-LosAngeles_20250101T000000Z_F01_V2026p06p10.nc,-9999.0,-9999.0,-9999.0
20250101,PM_2.5,Dust,1.3288,USA-LosAngeles-0001-34.1000N_117.4920W_1811,"Riverside-San Bernardino-Ontario, CA 11",34.10002,-117.49201,government,AQS,SPECIES_USA-LosAngeles-0001_,,,,US,Fontana,,,,,,,,,,,,,MAIA_ANC_SURFACEMONITOR_PM_2.5_SPECIES_USA-LosAngeles_20250101T000000Z_F01_V2026p06p10.nc,-9999.0,-9999.0,-9999.0
20250101,PM_2.5,Dust,4.1249,USA-LosAngeles-0001-34.1939N_116.9141W_1801,"Riverside-San Bernardino-Ontario, CA 1",34.193925,-116.914063,government,AQS,SPECIES_USA-LosAngeles-0001_,,,,US,Not in a City,,,,,,,,,,,,,MAIA_ANC_SURFACEMONITOR_PM_2.5_SPECIES_USA-LosAngeles_20250101T000000Z_F01_V2026p06p10.nc,0.0,0.13754363636363637,0.09184300560024129
20250101,PM_2.5,Dust,0.3921,USA-LosAngeles-0001-35.3566N_119.0626W_1805,"Bakersfield, CA 5",35.356615,-119.062613,government,AQS,SPECIES_USA-LosAngeles-0001_,,,,US,Bakersfield,,,,,,,,,,,,,MAIA_ANC_SURFACEMONITOR_PM_2.5_SPECIES_USA-LosAngeles_20250101T000000Z_F01_V2026p06p10.nc,1.0,0.426276,0.21017801708075942
20250101,PM_2.5,Dust,0.3742,USA-LosAngeles-0001-35.3566N_119.0626W_1806,"Bakersfield, CA 6",35.356615,-119.062613,government,AQS,SPECIES_USA-LosAngeles-0001_,,,,US,Bakersfield,,,,,,,,,,,,,MAIA_ANC_SURFACEMONITOR_PM_2.5_SPECIES_USA-LosAngeles_20250101T000000Z_F01_V2026p06p10.nc,1.0,0.47933000000000003,0.34271362885067763
20250101,PM_2.5,Dust,0.5567,USA-LosAngeles-0001-36.3081N_119.3129W_1805,N/A,36.30815,-119.3129,government,AQS,SPECIES_USA-LosAngeles-0001_,,,,US,N/A,,,,,,,,,,,,,MAIA_ANC_SURFACEMONITOR_PM_2.5_SPECIES_USA-LosAngeles_20250101T000000Z_F01_V2026p06p10.nc,1.0,0.4454850000000001,0.13882173493969405
20250101,PM_2.5,Dust,0.0831,USA-LosAngeles-0001-36.4988N_118.8248W_1801,"Visalia-Porterville, CA 1",36.498835,-118.824821,government,AQS,SPECIES_USA-LosAngeles-0001_,,,,US,Sequoia National Park,,,,,,,,,,,,,MAIA_ANC_SURFACEMONITOR_PM_2.5_SPECIES_USA-LosAngeles_20250101T000000Z_F01_V2026p06p10.nc,1.0,0.06566454545454546,0.032651107836874485
20250101,PM_2.5,Dust,0.9135,USA-LosAngeles-0001-36.7854N_119.7732W_1801,"Fresno, CA 1",36.78538,-119.77321,government,AQS,SPECIES_USA-LosAngeles-0001_,,,,US,Fresno,,,,,,,,,,,,,MAIA_ANC_SURFACEMONITOR_PM_2.5_SPECIES_USA-LosAngeles_20250101T000000Z_F01_V2026p06p10.nc,0.0,0.37174545454545455,0.154331419081477
20250101,PM_2.5,Dust,0.3857,USA-LosAngeles-0001-36.7854N_119.7732W_1805,"Fresno, CA 5",36.78538,-119.77321,government,AQS,SPECIES_USA-LosAngeles-0001_,,,,US,Fresno,,,,,,,,,,,,,MAIA_ANC_SURFACEMONITOR_PM_2.5_SPECIES_USA-LosAngeles_20250101T000000Z_F01_V2026p06p10.nc,1.0,0.2370081818181818,0.11422267135398152
20250101,PM_2.5,Dust,1.3171,USA-LosAngeles-0001-37.3607N_118.3308W_1801,"Bishop, CA 1",37.360684,-118.330783,government,AQS,SPECIES_USA-LosAngeles-0001_,,,,US,Not in a City,,,,,,,,,,,,,MAIA_ANC_SURFACEMONITOR_PM_2.5_SPECIES_USA-LosAngeles_20250101T000000Z_F01_V2026p06p10.nc,1.0,0.339499090909091,0.3459530004982166
20250101,PM_2.5,Dust,0.0505,USA-LosAngeles-0001-37.7133N_119.7062W_1801, 1,37.71325,-119.7062,government,AQS,SPECIES_USA-LosAngeles-0001_,,,,US,Not in a City,,,,,,,,,,,,,MAIA_ANC_SURFACEMONITOR_PM_2.5_SPECIES_USA-LosAngeles_20250101T000000Z_F01_V2026p06p10.nc,1.0,0.03261272727272728,0.03150998055188491
20250101,PM_2.5,Dust,0.0574,USA-LosAngeles-0001-37.7133N_119.7062W_1802, 2,37.71325,-119.7062,government,AQS,SPECIES_USA-LosAngeles-0001_,,,,US,Not in a City,,,,,,,,,,,,,MAIA_ANC_SURFACEMONITOR_PM_2.5_SPECIES_USA-LosAngeles_20250101T000000Z_F01_V2026p06p10.nc,-9999.0,-9999.0,-9999.0
20250101,PM_2.5,Elemental_Carbon,0.02,USA-LosAngeles-0001-34.1939N_116.9141W_1801,"Riverside-San Bernardino-Ontario, CA 1",34.193925,-116.914063,government,AQS,SPECIES_USA-LosAngeles-0001_,,,,US,Not in a City,,,,,,,,,,,,,MAIA_ANC_SURFACEMONITOR_PM_2.5_SPECIES_USA-LosAngeles_20250101T000000Z_F01_V2026p06p10.nc,-9999.0,0.0005,0.0957
20250101,PM_2.5,Elemental_Carbon,2.399,USA-LosAngeles-0001-35.3566N_119.0626W_1806,"Bakersfield, CA 6",35.356615,-119.062613,government,AQS,SPECIES_USA-LosAngeles-0001_,,,,US,Bakersfield,,,,,,,,,,,,,MAIA_ANC_SURFACEMONITOR_PM_2.5_SPECIES_USA-LosAngeles_20250101T000000Z_F01_V2026p06p10.nc,-9999.0,0.0046,1.9558
20250101,PM_2.5,Elemental_Carbon,0.22,USA-LosAngeles-0001-36.4988N_118.8248W_1801,"Visalia-Porterville, CA 1",36.498835,-118.824821,government,AQS,SPECIES_USA-LosAngeles-0001_,,,,US,Sequoia National Park,,,,,,,,,,,,,MAIA_ANC_SURFACEMONITOR_PM_2.5_SPECIES_USA-LosAngeles_20250101T000000Z_F01_V2026p06p10.nc,-9999.0,0.0009,0.1446
20250101,PM_2.5,Elemental_Carbon,3.96,USA-LosAngeles-0001-36.7854N_119.7732W_1801,"Fresno, CA 1",36.78538,-119.77321,government,AQS,SPECIES_USA-LosAngeles-0001_,,,,US,Fresno,,,,,,,,,,,,,MAIA_ANC_SURFACEMONITOR_PM_2.5_SPECIES_USA-LosAngeles_20250101T000000Z_F01_V2026p06p10.nc,-9999.0,0.0058,1.0029
20250101,PM_2.5,Elemental_Carbon,4.034,USA-LosAngeles-0001-36.7854N_119.7732W_1805,"Fresno, CA 5",36.78538,-119.77321,government,AQS,SPECIES_USA-LosAngeles-0001_,,,,US,Fresno,,,,,,,,,,,,,MAIA_ANC_SURFACEMONITOR_PM_2.5_SPECIES_USA-LosAngeles_20250101T000000Z_F01_V2026p06p10.nc,-9999.0,0.0071,1.2484
20250101,PM_2.5,Elemental_Carbon,0.25,USA-LosAngeles-0001-37.3607N_118.3308W_1801,"Bishop, CA 1",37.360684,-118.330783,government,AQS,SPECIES_USA-LosAngeles-0001_,,,,US,Not in a City,,,,,,,,,,,,,MAIA_ANC_SURFACEMONITOR_PM_2.5_SPECIES_USA-LosAngeles_20250101T000000Z_F01_V2026p06p10.nc,-9999.0,0.0006,0.1049
20250101,PM_2.5,Elemental_Carbon,0.03,USA-LosAngeles-0001-37.7133N_119.7062W_1801, 1,37.71325,-119.7062,government,AQS,SPECIES_USA-LosAngeles-0001_,,,,US,Not in a City,,,,,,,,,,,,,MAIA_ANC_SURFACEMONITOR_PM_2.5_SPECIES_USA-LosAngeles_20250101T000000Z_F01_V2026p06p10.nc,-9999.0,0.0003,0.0479
20250101,PM_2.5,Nitrate,16.57,USA-LosAngeles-0001-33.8306N_117.9385W_1811,"Los Angeles-Long Beach-Anaheim, CA 11",33.83062,-117.93845,government,AQS,SPECIES_USA-LosAngeles-0001_,,,,US,Anaheim,,,,,,,,,,,,,MAIA_ANC_SURFACEMONITOR_PM_2.5_SPECIES_USA-LosAngeles_20250101T000000Z_F01_V2026p06p10.nc,-9999.0,0.0,
20250101,PM_2.5,Nitrate,11.24,USA-LosAngeles-0001-33.9996N_117.4160W_1811,"Riverside-San Bernardino-Ontario, CA 11",33.99958,-117.41601,government,AQS,SPECIES_USA-LosAngeles-0001_,,,,US,Rubidoux,,,,,,,,,,,,,MAIA_ANC_SURFACEMONITOR_PM_2.5_SPECIES_USA-LosAngeles_20250101T000000Z_F01_V2026p06p10.nc,-9999.0,0.0,
20250101,PM_2.5,Nitrate,7.61,USA-LosAngeles-0001-34.0666N_118.2269W_1811,"Los Angeles-Long Beach-Anaheim, CA 11",34.06659,-118.22688,government,AQS,SPECIES_USA-LosAngeles-0001_,,,,US,Los Angeles,,,,,,,,,,,,,MAIA_ANC_SURFACEMONITOR_PM_2.5_SPECIES_USA-LosAngeles_20250101T000000Z_F01_V2026p06p10.nc,-9999.0,0.0,
20250101,PM_2.5,Nitrate,7.82,USA-LosAngeles-0001-34.0666N_118.2269W_1812,"Los Angeles-Long Beach-Anaheim, CA 12",34.06659,-118.22688,government,AQS,SPECIES_USA-LosAngeles-0001_,,,,US,Los Angeles,,,,,,,,,,,,,MAIA_ANC_SURFACEMONITOR_PM_2.5_SPECIES_USA-LosAngeles_20250101T000000Z_F01_V2026p06p10.nc,-9999.0,0.0,
20250101,PM_2.5,Nitrate,7.29,USA-LosAngeles-0001-34.1000N_117.4920W_1811,"Riverside-San Bernardino-Ontario, CA 11",34.10002,-117.49201,government,AQS,SPECIES_USA-LosAngeles-0001_,,,,US,Fontana,,,,,,,,,,,,,MAIA_ANC_SURFACEMONITOR_PM_2.5_SPECIES_USA-LosAngeles_20250101T000000Z_F01_V2026p06p10.nc,-9999.0,0.0,
20250101,PM_2.5,Nitrate,0.014,USA-LosAngeles-0001-34.1939N_116.9141W_1801,"Riverside-San Bernardino-Ontario, CA 1",34.193925,-116.914063,government,AQS,SPECIES_USA-LosAngeles-0001_,,,,US,Not in a City,,,,,,,,,,,,,MAIA_ANC_SURFACEMONITOR_PM_2.5_SPECIES_USA-LosAngeles_20250101T000000Z_F01_V2026p06p10.nc,-9999.0,0.003,0.8563
20250101,PM_2.5,Nitrate,8.16,USA-LosAngeles-0001-35.3566N_119.0626W_1805,"Bakersfield, CA 5",35.356615,-119.062613,government,AQS,SPECIES_USA-LosAngeles-0001_,,,,US,Bakersfield,,,,,,,,,,,,,MAIA_ANC_SURFACEMONITOR_PM_2.5_SPECIES_USA-LosAngeles_20250101T000000Z_F01_V2026p06p10.nc,-9999.0,0.027,5.6187
20250101,PM_2.5,Nitrate,7.95,USA-LosAngeles-0001-35.3566N_119.0626W_1806,"Bakersfield, CA 6",35.356615,-119.062613,government,AQS,SPECIES_USA-LosAngeles-0001_,,,,US,Bakersfield,,,,,,,,,,,,,MAIA_ANC_SURFACEMONITOR_PM_2.5_SPECIES_USA-LosAngeles_20250101T000000Z_F01_V2026p06p10.nc,-9999.0,0.0075,5.3647
20250101,PM_2.5,Nitrate,7.87,USA-LosAngeles-0001-36.3081N_119.3129W_1805,N/A,36.30815,-119.3129,government,AQS,SPECIES_USA-LosAngeles-0001_,,,,US,N/A,,,,,,,,,,,,,MAIA_ANC_SURFACEMONITOR_PM_2.5_SPECIES_USA-LosAngeles_20250101T000000Z_F01_V2026p06p10.nc,-9999.0,0.0157,5.37
20250101,PM_2.5,Nitrate,1.078,USA-LosAngeles-0001-36.4988N_118.8248W_1801,"Visalia-Porterville, CA 1",36.498835,-118.824821,government,AQS,SPECIES_USA-LosAngeles-0001_,,,,US,Sequoia National Park,,,,,,,,,,,,,MAIA_ANC_SURFACEMONITOR_PM_2.5_SPECIES_USA-LosAngeles_20250101T000000Z_F01_V2026p06p10.nc,-9999.0,0.0036,0.8348
20250101,PM_2.5,Nitrate,6.437,USA-LosAngeles-0001-36.7854N_119.7732W_1801,"Fresno, CA 1",36.78538,-119.77321,government,AQS,SPECIES_USA-LosAngeles-0001_,,,,US,Fresno,,,,,,,,,,,,,MAIA_ANC_SURFACEMONITOR_PM_2.5_SPECIES_USA-LosAngeles_20250101T000000Z_F01_V2026p06p10.nc,-9999.0,0.0217,4.2647
20250101,PM_2.5,Nitrate,6.13,USA-LosAngeles-0001-36.7854N_119.7732W_1805,"Fresno, CA 5",36.78538,-119.77321,government,AQS,SPECIES_USA-LosAngeles-0001_,,,,US,Fresno,,,,,,,,,,,,,MAIA_ANC_SURFACEMONITOR_PM_2.5_SPECIES_USA-LosAngeles_20250101T000000Z_F01_V2026p06p10.nc,-9999.0,0.0212,4.1249
20250101,PM_2.5,Nitrate,0.056,USA-LosAngeles-0001-37.3607N_118.3308W_1801,"Bishop, CA 1",37.360684,-118.330783,government,AQS,SPECIES_USA-LosAngeles-0001_,,,,US,Not in a City,,,,,,,,,,,,,MAIA_ANC_SURFACEMONITOR_PM_2.5_SPECIES_USA-LosAngeles_20250101T000000Z_F01_V2026p06p10.nc,-9999.0,0.0004,0.0856
20250101,PM_2.5,Nitrate,0.018,USA-LosAngeles-0001-37.7133N_119.7062W_1801, 1,37.71325,-119.7062,government,AQS,SPECIES_USA-LosAngeles-0001_,,,,US,Not in a City,,,,,,,,,,,,,MAIA_ANC_SURFACEMONITOR_PM_2.5_SPECIES_USA-LosAngeles_20250101T000000Z_F01_V2026p06p10.nc,-9999.0,0.0003,0.0812
20250101,PM_2.5,Organic_Carbon,0.07,USA-LosAngeles-0001-34.1939N_116.9141W_1801,"Riverside-San Bernardino-Ontario, CA 1",34.193925,-116.914063,government,AQS,SPECIES_USA-LosAngeles-0001_,,,,US,Not in a City,,,,,,,,,,,,,MAIA_ANC_SURFACEMONITOR_PM_2.5_SPECIES_USA-LosAngeles_20250101T000000Z_F01_V2026p06p10.nc,-9999.0,0.0021,0.3571
20250101,PM_2.5,Organic_Carbon,5.81,USA-LosAngeles-0001-35.3566N_119.0626W_1806,"Bakersfield, CA 6",35.356615,-119.062613,government,AQS,SPECIES_USA-LosAngeles-0001_,,,,US,Bakersfield,,,,,,,,,,,,,MAIA_ANC_SURFACEMONITOR_PM_2.5_SPECIES_USA-LosAngeles_20250101T000000Z_F01_V2026p06p10.nc,-9999.0,0.0117,4.5733
20250101,PM_2.5,Organic_Carbon,1.34,USA-LosAngeles-0001-36.4988N_118.8248W_1801,"Visalia-Porterville, CA 1",36.498835,-118.824821,government,AQS,SPECIES_USA-LosAngeles-0001_,,,,US,Sequoia National Park,,,,,,,,,,,,,MAIA_ANC_SURFACEMONITOR_PM_2.5_SPECIES_USA-LosAngeles_20250101T000000Z_F01_V2026p06p10.nc,-9999.0,0.0049,0.7814
20250101,PM_2.5,Organic_Carbon,10.04,USA-LosAngeles-0001-36.7854N_119.7732W_1801,"Fresno, CA 1",36.78538,-119.77321,government,AQS,SPECIES_USA-LosAngeles-0001_,,,,US,Fresno,,,,,,,,,,,,,MAIA_ANC_SURFACEMONITOR_PM_2.5_SPECIES_USA-LosAngeles_20250101T000000Z_F01_V2026p06p10.nc,-9999.0,0.0206,3.6491
20250101,PM_2.5,Organic_Carbon,9.493,USA-LosAngeles-0001-36.7854N_119.7732W_1805,"Fresno, CA 5",36.78538,-119.77321,government,AQS,SPECIES_USA-LosAngeles-0001_,,,,US,Fresno,,,,,,,,,,,,,MAIA_ANC_SURFACEMONITOR_PM_2.5_SPECIES_USA-LosAngeles_20250101T000000Z_F01_V2026p06p10.nc,-9999.0,0.0241,4.1545
20250101,PM_2.5,Organic_Carbon,0.46,USA-LosAngeles-0001-37.3607N_118.3308W_1801,"Bishop, CA 1",37.360684,-118.330783,government,AQS,SPECIES_USA-LosAngeles-0001_,,,,US,Not in a City,,,,,,,,,,,,,MAIA_ANC_SURFACEMONITOR_PM_2.5_SPECIES_USA-LosAngeles_20250101T000000Z_F01_V2026p06p10.nc,-9999.0,0.0024,0.3902
20250101,PM_2.5,Organic_Carbon,0.14,USA-LosAngeles-0001-37.7133N_119.7062W_1801, 1,37.71325,-119.7062,government,AQS,SPECIES_USA-LosAngeles-0001_,,,,US,Not in a City,,,,,,,,,,,,,MAIA_ANC_SURFACEMONITOR_PM_2.5_SPECIES_USA-LosAngeles_20250101T000000Z_F01_V2026p06p10.nc,-9999.0,0.0016,0.3008
20250101,PM_2.5,Sulfate,3.23,USA-LosAngeles-0001-33.8306N_117.9385W_1811,"Los Angeles-Long Beach-Anaheim, CA 11",33.83062,-117.93845,government,AQS,SPECIES_USA-LosAngeles-0001_,,,,US,Anaheim,,,,,,,,,,,,,MAIA_ANC_SURFACEMONITOR_PM_2.5_SPECIES_USA-LosAngeles_20250101T000000Z_F01_V2026p06p10.nc,-9999.0,0.0,
20250101,PM_2.5,Sulfate,2.1,USA-LosAngeles-0001-33.9996N_117.4160W_1811,"Riverside-San Bernardino-Ontario, CA 11",33.99958,-117.41601,government,AQS,SPECIES_USA-LosAngeles-0001_,,,,US,Rubidoux,,,,,,,,,,,,,MAIA_ANC_SURFACEMONITOR_PM_2.5_SPECIES_USA-LosAngeles_20250101T000000Z_F01_V2026p06p10.nc,-9999.0,0.0,
20250101,PM_2.5,Sulfate,2.07,USA-LosAngeles-0001-34.0666N_118.2269W_1811,"Los Angeles-Long Beach-Anaheim, CA 11",34.06659,-118.22688,government,AQS,SPECIES_USA-LosAngeles-0001_,,,,US,Los Angeles,,,,,,,,,,,,,MAIA_ANC_SURFACEMONITOR_PM_2.5_SPECIES_USA-LosAngeles_20250101T000000Z_F01_V2026p06p10.nc,-9999.0,0.0,
20250101,PM_2.5,Sulfate,2.07,USA-LosAngeles-0001-34.0666N_118.2269W_1812,"Los Angeles-Long Beach-Anaheim, CA 12",34.06659,-118.22688,government,AQS,SPECIES_USA-LosAngeles-0001_,,,,US,Los Angeles,,,,,,,,,,,,,MAIA_ANC_SURFACEMONITOR_PM_2.5_SPECIES_USA-LosAngeles_20250101T000000Z_F01_V2026p06p10.nc,-9999.0,0.0,
20250101,PM_2.5,Sulfate,1.32,USA-LosAngeles-0001-34.1000N_117.4920W_1811,"Riverside-San Bernardino-Ontario, CA 11",34.10002,-117.49201,government,AQS,SPECIES_USA-LosAngeles-0001_,,,,US,Fontana,,,,,,,,,,,,,MAIA_ANC_SURFACEMONITOR_PM_2.5_SPECIES_USA-LosAngeles_20250101T000000Z_F01_V2026p06p10.nc,-9999.0,0.0,
20250101,PM_2.5,Sulfate,0.062,USA-LosAngeles-0001-34.1939N_116.9141W_1801,"Riverside-San Bernardino-Ontario, CA 1",34.193925,-116.914063,government,AQS,SPECIES_USA-LosAngeles-0001_,,,,US,Not in a City,,,,,,,,,,,,,MAIA_ANC_SURFACEMONITOR_PM_2.5_SPECIES_USA-LosAngeles_20250101T000000Z_F01_V2026p06p10.nc,-9999.0,0.0009,0.1562
20250101,PM_2.5,Sulfate,2.0,USA-LosAngeles-0001-35.3566N_119.0626W_1805,"Bakersfield, CA 5",35.356615,-119.062613,government,AQS,SPECIES_USA-LosAngeles-0001_,,,,US,Bakersfield,,,,,,,,,,,,,MAIA_ANC_SURFACEMONITOR_PM_2.5_SPECIES_USA-LosAngeles_20250101T000000Z_F01_V2026p06p10.nc,-9999.0,0.0057,1.2076
20250101,PM_2.5,Sulfate,1.98,USA-LosAngeles-0001-35.3566N_119.0626W_1806,"Bakersfield, CA 6",35.356615,-119.062613,government,AQS,SPECIES_USA-LosAngeles-0001_,,,,US,Bakersfield,,,,,,,,,,,,,MAIA_ANC_SURFACEMONITOR_PM_2.5_SPECIES_USA-LosAngeles_20250101T000000Z_F01_V2026p06p10.nc,-9999.0,0.0013,0.8347
20250101,PM_2.5,Sulfate,1.31,USA-LosAngeles-0001-36.3081N_119.3129W_1805,N/A,36.30815,-119.3129,government,AQS,SPECIES_USA-LosAngeles-0001_,,,,US,N/A,,,,,,,,,,,,,MAIA_ANC_SURFACEMONITOR_PM_2.5_SPECIES_USA-LosAngeles_20250101T000000Z_F01_V2026p06p10.nc,-9999.0,0.0032,1.1187
20250101,PM_2.5,Sulfate,0.483,USA-LosAngeles-0001-36.4988N_118.8248W_1801,"Visalia-Porterville, CA 1",36.498835,-118.824821,government,AQS,SPECIES_USA-LosAngeles-0001_,,,,US,Sequoia National Park,,,,,,,,,,,,,MAIA_ANC_SURFACEMONITOR_PM_2.5_SPECIES_USA-LosAngeles_20250101T000000Z_F01_V2026p06p10.nc,-9999.0,0.0015,0.2594
20250101,PM_2.5,Sulfate,1.125,USA-LosAngeles-0001-36.7854N_119.7732W_1801,"Fresno, CA 1",36.78538,-119.77321,government,AQS,SPECIES_USA-LosAngeles-0001_,,,,US,Fresno,,,,,,,,,,,,,MAIA_ANC_SURFACEMONITOR_PM_2.5_SPECIES_USA-LosAngeles_20250101T000000Z_F01_V2026p06p10.nc,-9999.0,0.0043,0.8006
20250101,PM_2.5,Sulfate,1.17,USA-LosAngeles-0001-36.7854N_119.7732W_1805,"Fresno, CA 5",36.78538,-119.77321,government,AQS,SPECIES_USA-LosAngeles-0001_,,,,US,Fresno,,,,,,,,,,,,,MAIA_ANC_SURFACEMONITOR_PM_2.5_SPECIES_USA-LosAngeles_20250101T000000Z_F01_V2026p06p10.nc,-9999.0,0.0045,0.8318
20250101,PM_2.5,Sulfate,0.118,USA-LosAngeles-0001-37.3607N_118.3308W_1801,"Bishop, CA 1",37.360684,-118.330783,government,AQS,SPECIES_USA-LosAngeles-0001_,,,,US,Not in a City,,,,,,,,,,,,,MAIA_ANC_SURFACEMONITOR_PM_2.5_SPECIES_USA-LosAngeles_20250101T000000Z_F01_V2026p06p10.nc,-9999.0,0.0009,0.1702
20250101,PM_2.5,Sulfate,0.071,USA-LosAngeles-0001-37.7133N_119.7062W_1801, 1,37.71325,-119.7062,government,AQS,SPECIES_USA-LosAngeles-0001_,,,,US,Not in a City,,,,,,,,,,,,,MAIA_ANC_SURFACEMONITOR_PM_2.5_SPECIES_USA-LosAngeles_20250101T000000Z_F01_V2026p06p10.nc,-9999.0,0.0005,0.0919
20250102,PM_2.5,Black_Carbon,0.0,USA-LosAngeles-0001-34.1994N_118.1732W_0800,AethLabs JPL,34.19941255,-118.1732079,research,aethalometer,SPECIES_USA-LosAngeles-0001_,,,,US,Pasadena,0.0028,900.0,0.0,0.0,0.0,720.0,0.0,0.0,898.0,900.0,0.0,2.0,MAIA_ANC_SURFACEMONITOR_PM_2.5_SPECIES_USA-LosAngeles_20250102T000000Z_F01_V2026p06p10.nc,,,
20250103,PM_2.5,Black_Carbon,0.0,USA-LosAngeles-0001-34.1994N_118.1732W_0800,AethLabs JPL,34.19941255,-118.1732079,research,aethalometer,SPECIES_USA-LosAngeles-0001_,,,,US,Pasadena,0.0028,900.0,0.0,0.0,0.0,720.0,0.0,0.0,898.0,900.0,0.0,2.0,MAIA_ANC_SURFACEMONITOR_PM_2.5_SPECIES_USA-LosAngeles_20250103T000000Z_F01_V2026p06p10.nc,,,
20250103,PM_2.5,Dust,1.2012,USA-LosAngeles-0001-34.0666N_118.2269W_1805,"Los Angeles-Long Beach-Anaheim, CA 5",34.06659,-118.22688,government,AQS,SPECIES_USA-LosAngeles-0001_,,,,US,Los Angeles,,,,,,,,,,,,,MAIA_ANC_SURFACEMONITOR_PM_2.5_SPECIES_USA-LosAngeles_20250103T000000Z_F01_V2026p06p10.nc,1.0,0.6212163636363637,0.27106348006166475
20250103,PM_2.5,Elemental_Carbon,2.212,USA-LosAngeles-0001-34.0666N_118.2269W_1805,"Los Angeles-Long Beach-Anaheim, CA 5",34.06659,-118.22688,government,AQS,SPECIES_USA-LosAngeles-0001_,,,,US,Los Angeles,,,,,,,,,,,,,MAIA_ANC_SURFACEMONITOR_PM_2.5_SPECIES_USA-LosAngeles_20250103T000000Z_F01_V2026p06p10.nc,-9999.0,0.0042,1.1453
20250103,PM_2.5,Nitrate,11.76,USA-LosAngeles-0001-34.0666N_118.2269W_1805,"Los Angeles-Long Beach-Anaheim, CA 5",34.06659,-118.22688,government,AQS,SPECIES_USA-LosAngeles-0001_,,,,US,Los Angeles,,,,,,,,,,,,,MAIA_ANC_SURFACEMONITOR_PM_2.5_SPECIES_USA-LosAngeles_20250103T000000Z_F01_V2026p06p10.nc,-9999.0,0.0196,4.1381
20250103,PM_2.5,Organic_Carbon,4.791,USA-LosAngeles-0001-34.0666N_118.2269W_1805,"Los Angeles-Long Beach-Anaheim, CA 5",34.06659,-118.22688,government,AQS,SPECIES_USA-LosAngeles-0001_,,,,US,Los Angeles,,,,,,,,,,,,,MAIA_ANC_SURFACEMONITOR_PM_2.5_SPECIES_USA-LosAngeles_20250103T000000Z_F01_V2026p06p10.nc,-9999.0,0.0102,2.7164
20250103,PM_2.5,Sulfate,1.53,USA-LosAngeles-0001-34.0666N_118.2269W_1805,"Los Angeles-Long Beach-Anaheim, CA 5",34.06659,-118.22688,government,AQS,SPECIES_USA-LosAngeles-0001_,,,,US,Los Angeles,,,,,,,,,,,,,MAIA_ANC_SURFACEMONITOR_PM_2.5_SPECIES_USA-LosAngeles_20250103T000000Z_F01_V2026p06p10.nc,-9999.0,0.0032,0.5912
20250104,PM_2.5,Black_Carbon,0.0,USA-LosAngeles-0001-34.1994N_118.1732W_0800,AethLabs JPL,34.19941255,-118.1732079,research,aethalometer,SPECIES_USA-LosAngeles-0001_,,,,US,Pasadena,0.0028,900.0,0.0,0.0,0.0,720.0,0.0,0.0,898.0,900.0,0.0,2.0,MAIA_ANC_SURFACEMONITOR_PM_2.5_SPECIES_USA-LosAngeles_20250104T000000Z_F01_V2026p06p10.nc,,,
20250104,PM_2.5,Dust,0.6065,USA-LosAngeles-0001-33.4636N_116.9715W_1801,"Riverside-San Bernardino-Ontario, CA 1",33.463644,-116.971457,government,AQS,SPECIES_USA-LosAngeles-0001_,,,,US,Not in a City,,,,,,,,,,,,,MAIA_ANC_SURFACEMONITOR_PM_2.5_SPECIES_USA-LosAngeles_20250104T000000Z_F01_V2026p06p10.nc,0.0,0.18405625,0.09451991799847005
20250104,PM_2.5,Dust,0.7132,USA-LosAngeles-0001-33.9996N_117.4160W_1805,"Riverside-San Bernardino-Ontario, CA 5",33.99958,-117.41601,government,AQS,SPECIES_USA-LosAngeles-0001_,,,,US,Rubidoux,,,,,,,,,,,,,MAIA_ANC_SURFACEMONITOR_PM_2.5_SPECIES_USA-LosAngeles_20250104T000000Z_F01_V2026p06p10.nc,1.0,0.8934112500000001,0.545894125390572
20250104,PM_2.5,Dust,0.5171,USA-LosAngeles-0001-34.0666N_118.2269W_1805,"Los Angeles-Long Beach-Anaheim, CA 5",34.06659,-118.22688,government,AQS,SPECIES_USA-LosAngeles-0001_,,,,US,Los Angeles,,,,,,,,,,,,,MAIA_ANC_SURFACEMONITOR_PM_2.5_SPECIES_USA-LosAngeles_20250104T000000Z_F01_V2026p06p10.nc,1.0,0.6212163636363637,0.27106348006166475
20250104,PM_2.5,Dust,0.2661,USA-LosAngeles-0001-34.1939N_116.9141W_1801,"Riverside-San Bernardino-Ontario, CA 1",34.193925,-116.914063,government,AQS,SPECIES_USA-LosAngeles-0001_,,,,US,Not in a City,,,,,,,,,,,,,MAIA_ANC_SURFACEMONITOR_PM_2.5_SPECIES_USA-LosAngeles_20250104T000000Z_F01_V2026p06p10.nc,1.0,0.13754363636363637,0.09184300560024129
20250104,PM_2.5,Dust,0.1584,USA-LosAngeles-0001-35.3566N_119.0626W_1805,"Bakersfield, CA 5",35.356615,-119.062613,government,AQS,SPECIES_USA-LosAngeles-0001_,,,,US,Bakersfield,,,,,,,,,,,,,MAIA_ANC_SURFACEMONITOR_PM_2.5_SPECIES_USA-LosAngeles_20250104T000000Z_F01_V2026p06p10.nc,1.0,0.426276,0.21017801708075942
20250104,PM_2.5,Dust,0.061,USA-LosAngeles-0001-36.4988N_118.8248W_1801,"Visalia-Porterville, CA 1",36.498835,-118.824821,government,AQS,SPECIES_USA-LosAngeles-0001_,,,,US,Sequoia National Park,,,,,,,,,,,,,MAIA_ANC_SURFACEMONITOR_PM_2.5_SPECIES_USA-LosAngeles_20250104T000000Z_F01_V2026p06p10.nc,1.0,0.06566454545454546,0.032651107836874485
20250104,PM_2.5,Dust,0.2101,USA-LosAngeles-0001-36.7854N_119.7732W_1801,"Fresno, CA 1",36.78538,-119.77321,government,AQS,SPECIES_USA-LosAngeles-0001_,,,,US,Fresno,,,,,,,,,,,,,MAIA_ANC_SURFACEMONITOR_PM_2.5_SPECIES_USA-LosAngeles_20250104T000000Z_F01_V2026p06p10.nc,1.0,0.37174545454545455,0.154331419081477
20250104,PM_2.5,Dust,0.24,USA-LosAngeles-0001-36.7854N_119.7732W_1805,"Fresno, CA 5",36.78538,-119.77321,government,AQS,SPECIES_USA-LosAngeles-0001_,,,,US,Fresno,,,,,,,,,,,,,MAIA_ANC_SURFACEMONITOR_PM_2.5_SPECIES_USA-LosAngeles_20250104T000000Z_F01_V2026p06p10.nc,1.0,0.2370081818181818,0.11422267135398152
20250104,PM_2.5,Dust,0.6744,USA-LosAngeles-0001-37.3607N_118.3308W_1801,"Bishop, CA 1",37.360684,-118.330783,government,AQS,SPECIES_USA-LosAngeles-0001_,,,,US,Not in a City,,,,,,,,,,,,,MAIA_ANC_SURFACEMONITOR_PM_2.5_SPECIES_USA-LosAngeles_20250104T000000Z_F01_V2026p06p10.nc,1.0,0.339499090909091,0.3459530004982166
20250104,PM_2.5,Dust,0.0258,USA-LosAngeles-0001-37.7133N_119.7062W_1801, 1,37.71325,-119.7062,government,AQS,SPECIES_USA-LosAngeles-0001_,,,,US,Not in a City,,,,,,,,,,,,,MAIA_ANC_SURFACEMONITOR_PM_2.5_SPECIES_USA-LosAngeles_20250104T000000Z_F01_V2026p06p10.nc,1.0,0.03261272727272728,0.03150998055188491
20250104,PM_2.5,Dust,0.025,USA-LosAngeles-0001-37.7133N_119.7062W_1802, 2,37.71325,-119.7062,government,AQS,SPECIES_USA-LosAngeles-0001_,,,,US,Not in a City,,,,,,,,,,,,,MAIA_ANC_SURFACEMONITOR_PM_2.5_SPECIES_USA-LosAngeles_20250104T000000Z_F01_V2026p06p10.nc,-9999.0,-9999.0,-9999.0
20250104,PM_2.5,Elemental_Carbon,0.54,USA-LosAngeles-0001-33.4636N_116.9715W_1801,"Riverside-San Bernardino-Ontario, CA 1",33.463644,-116.971457,government,AQS,SPECIES_USA-LosAngeles-0001_,,,,US,Not in a City,,,,,,,,,,,,,MAIA_ANC_SURFACEMONITOR_PM_2.5_SPECIES_USA-LosAngeles_20250104T000000Z_F01_V2026p06p10.nc,-9999.0,0.0009,0.1967
20250104,PM_2.5,Elemental_Carbon,1.389,USA-LosAngeles-0001-34.0666N_118.2269W_1805,"Los Angeles-Long Beach-Anaheim, CA 5",34.06659,-118.22688,government,AQS,SPECIES_USA-LosAngeles-0001_,,,,US,Los Angeles,,,,,,,,,,,,,MAIA_ANC_SURFACEMONITOR_PM_2.5_SPECIES_USA-LosAngeles_20250104T000000Z_F01_V2026p06p10.nc,-9999.0,0.0042,1.1453
20250104,PM_2.5,Elemental_Carbon,0.07,USA-LosAngeles-0001-34.1939N_116.9141W_1801,"Riverside-San Bernardino-Ontario, CA 1",34.193925,-116.914063,government,AQS,SPECIES_USA-LosAngeles-0001_,,,,US,Not in a City,,,,,,,,,,,,,MAIA_ANC_SURFACEMONITOR_PM_2.5_SPECIES_USA-LosAngeles_20250104T000000Z_F01_V2026p06p10.nc,-9999.0,0.0005,0.0957
20250104,PM_2.5,Elemental_Carbon,0.15,USA-LosAngeles-0001-36.4988N_118.8248W_1801,"Visalia-Porterville, CA 1",36.498835,-118.824821,government,AQS,SPECIES_USA-LosAngeles-0001_,,,,US,Sequoia National Park,,,,,,,,,,,,,MAIA_ANC_SURFACEMONITOR_PM_2.5_SPECIES_USA-LosAngeles_20250104T000000Z_F01_V2026p06p10.nc,-9999.0,0.0009,0.1446
20250104,PM_2.5,Elemental_Carbon,0.87,USA-LosAngeles-0001-36.7854N_119.7732W_1801,"Fresno, CA 1",36.78538,-119.77321,government,AQS,SPECIES_USA-LosAngeles-0001_,,,,US,Fresno,,,,,,,,,,,,,MAIA_ANC_SURFACEMONITOR_PM_2.5_SPECIES_USA-LosAngeles_20250104T000000Z_F01_V2026p06p10.nc,-9999.0,0.0058,1.0029
20250104,PM_2.5,Elemental_Carbon,1.21,USA-LosAngeles-0001-36.7854N_119.7732W_1805,"Fresno, CA 5",36.78538,-119.77321,government,AQS,SPECIES_USA-LosAngeles-0001_,,,,US,Fresno,,,,,,,,,,,,,MAIA_ANC_SURFACEMONITOR_PM_2.5_SPECIES_USA-LosAngeles_20250104T000000Z_F01_V2026p06p10.nc,-9999.0,0.0071,1.2484
20250104,PM_2.5,Elemental_Carbon,0.02,USA-LosAngeles-0001-37.3607N_118.3308W_1801,"Bishop, CA 1",37.360684,-118.330783,government,AQS,SPECIES_USA-LosAngeles-0001_,,,,US,Not in a City,,,,,,,,,,,,,MAIA_ANC_SURFACEMONITOR_PM_2.5_SPECIES_USA-LosAngeles_20250104T000000Z_F01_V2026p06p10.nc,-9999.0,0.0006,0.1049
20250104,PM_2.5,Elemental_Carbon,0.05,USA-LosAngeles-0001-37.7133N_119.7062W_1801, 1,37.71325,-119.7062,government,AQS,SPECIES_USA-LosAngeles-0001_,,,,US,Not in a City,,,,,,,,,,,,,MAIA_ANC_SURFACEMONITOR_PM_2.5_SPECIES_USA-LosAngeles_20250104T000000Z_F01_V2026p06p10.nc,-9999.0,0.0003,0.0479
20250104,PM_2.5,Nitrate,2.056,USA-LosAngeles-0001-33.4636N_116.9715W_1801,"Riverside-San Bernardino-Ontario, CA 1",33.463644,-116.971457,government,AQS,SPECIES_USA-LosAngeles-0001_,,,,US,Not in a City,,,,,,,,,,,,,MAIA_ANC_SURFACEMONITOR_PM_2.5_SPECIES_USA-LosAngeles_20250104T000000Z_F01_V2026p06p10.nc,-9999.0,0.0014,0.3501
20250104,PM_2.5,Nitrate,22.75,USA-LosAngeles-0001-33.9996N_117.4160W_1805,"Riverside-San Bernardino-Ontario, CA 5",33.99958,-117.41601,government,AQS,SPECIES_USA-LosAngeles-0001_,,,,US,Rubidoux,,,,,,,,,,,,,MAIA_ANC_SURFACEMONITOR_PM_2.5_SPECIES_USA-LosAngeles_20250104T000000Z_F01_V2026p06p10.nc,-9999.0,0.0215,4.695
20250104,PM_2.5,Nitrate,16.99,USA-LosAngeles-0001-34.0666N_118.2269W_1805,"Los Angeles-Long Beach-Anaheim, CA 5",34.06659,-118.22688,government,AQS,SPECIES_USA-LosAngeles-0001_,,,,US,Los Angeles,,,,,,,,,,,,,MAIA_ANC_SURFACEMONITOR_PM_2.5_SPECIES_USA-LosAngeles_20250104T000000Z_F01_V2026p06p10.nc,-9999.0,0.0196,4.1381
20250104,PM_2.5,Nitrate,1.14,USA-LosAngeles-0001-34.1939N_116.9141W_1801,"Riverside-San Bernardino-Ontario, CA 1",34.193925,-116.914063,government,AQS,SPECIES_USA-LosAngeles-0001_,,,,US,Not in a City,,,,,,,,,,,,,MAIA_ANC_SURFACEMONITOR_PM_2.5_SPECIES_USA-LosAngeles_20250104T000000Z_F01_V2026p06p10.nc,-9999.0,0.003,0.8563
20250104,PM_2.5,Nitrate,2.64,USA-LosAngeles-0001-35.3566N_119.0626W_1805,"Bakersfield, CA 5",35.356615,-119.062613,government,AQS,SPECIES_USA-LosAngeles-0001_,,,,US,Bakersfield,,,,,,,,,,,,,MAIA_ANC_SURFACEMONITOR_PM_2.5_SPECIES_USA-LosAngeles_20250104T000000Z_F01_V2026p06p10.nc,-9999.0,0.027,5.6187
20250104,PM_2.5,Nitrate,0.876,USA-LosAngeles-0001-36.4988N_118.8248W_1801,"Visalia-Porterville, CA 1",36.498835,-118.824821,government,AQS,SPECIES_USA-LosAngeles-0001_,,,,US,Sequoia National Park,,,,,,,,,,,,,MAIA_ANC_SURFACEMONITOR_PM_2.5_SPECIES_USA-LosAngeles_20250104T000000Z_F01_V2026p06p10.nc,-9999.0,0.0036,0.8348
20250104,PM_2.5,Nitrate,2.288,USA-LosAngeles-0001-36.7854N_119.7732W_1801,"Fresno, CA 1",36.78538,-119.77321,government,AQS,SPECIES_USA-LosAngeles-0001_,,,,US,Fresno,,,,,,,,,,,,,MAIA_ANC_SURFACEMONITOR_PM_2.5_SPECIES_USA-LosAngeles_20250104T000000Z_F01_V2026p06p10.nc,-9999.0,0.0217,4.2647
20250104,PM_2.5,Nitrate,2.25,USA-LosAngeles-0001-36.7854N_119.7732W_1805,"Fresno, CA 5",36.78538,-119.77321,government,AQS,SPECIES_USA-LosAngeles-0001_,,,,US,Fresno,,,,,,,,,,,,,MAIA_ANC_SURFACEMONITOR_PM_2.5_SPECIES_USA-LosAngeles_20250104T000000Z_F01_V2026p06p10.nc,-9999.0,0.0212,4.1249
20250104,PM_2.5,Nitrate,0.022,USA-LosAngeles-0001-37.3607N_118.3308W_1801,"Bishop, CA 1",37.360684,-118.330783,government,AQS,SPECIES_USA-LosAngeles-0001_,,,,US,Not in a City,,,,,,,,,,,,,MAIA_ANC_SURFACEMONITOR_PM_2.5_SPECIES_USA-LosAngeles_20250104T000000Z_F01_V2026p06p10.nc,-9999.0,0.0004,0.0856
20250104,PM_2.5,Nitrate,0.037,USA-LosAngeles-0001-37.7133N_119.7062W_1801, 1,37.71325,-119.7062,government,AQS,SPECIES_USA-LosAngeles-0001_,,,,US,Not in a City,,,,,,,,,,,,,MAIA_ANC_SURFACEMONITOR_PM_2.5_SPECIES_USA-LosAngeles_20250104T000000Z_F01_V2026p06p10.nc,-9999.0,0.0003,0.0812
20250104,PM_2.5,Organic_Carbon,1.6,USA-LosAngeles-0001-33.4636N_116.9715W_1801,"Riverside-San Bernardino-Ontario, CA 1",33.463644,-116.971457,government,AQS,SPECIES_USA-LosAngeles-0001_,,,,US,Not in a City,,,,,,,,,,,,,MAIA_ANC_SURFACEMONITOR_PM_2.5_SPECIES_USA-LosAngeles_20250104T000000Z_F01_V2026p06p10.nc,-9999.0,0.0029,0.6628
20250104,PM_2.5,Organic_Carbon,3.488,USA-LosAngeles-0001-34.0666N_118.2269W_1805,"Los Angeles-Long Beach-Anaheim, CA 5",34.06659,-118.22688,government,AQS,SPECIES_USA-LosAngeles-0001_,,,,US,Los Angeles,,,,,,,,,,,,,MAIA_ANC_SURFACEMONITOR_PM_2.5_SPECIES_USA-LosAngeles_20250104T000000Z_F01_V2026p06p10.nc,-9999.0,0.0102,2.7164
20250104,PM_2.5,Organic_Carbon,0.37,USA-LosAngeles-0001-34.1939N_116.9141W_1801,"Riverside-San Bernardino-Ontario, CA 1",34.193925,-116.914063,government,AQS,SPECIES_USA-LosAngeles-0001_,,,,US,Not in a City,,,,,,,,,,,,,MAIA_ANC_SURFACEMONITOR_PM_2.5_SPECIES_USA-LosAngeles_20250104T000000Z_F01_V2026p06p10.nc,-9999.0,0.0021,0.3571
20250104,PM_2.5,Organic_Carbon,0.75,USA-LosAngeles-0001-36.4988N_118.8248W_1801,"Visalia-Porterville, CA 1",36.498835,-118.824821,government,AQS,SPECIES_USA-LosAngeles-0001_,,,,US,Sequoia National Park,,,,,,,,,,,,,MAIA_ANC_SURFACEMONITOR_PM_2.5_SPECIES_USA-LosAngeles_20250104T000000Z_F01_V2026p06p10.nc,-9999.0,0.0049,0.7814
20250104,PM_2.5,Organic_Carbon,3.33,USA-LosAngeles-0001-36.7854N_119.7732W_1801,"Fresno, CA 1",36.78538,-119.77321,government,AQS,SPECIES_USA-LosAngeles-0001_,,,,US,Fresno,,,,,,,,,,,,,MAIA_ANC_SURFACEMONITOR_PM_2.5_SPECIES_USA-LosAngeles_20250104T000000Z_F01_V2026p06p10.nc,-9999.0,0.0206,3.6491
20250104,PM_2.5,Organic_Carbon,3.084,USA-LosAngeles-0001-36.7854N_119.7732W_1805,"Fresno, CA 5",36.78538,-119.77321,government,AQS,SPECIES_USA-LosAngeles-0001_,,,,US,Fresno,,,,,,,,,,,,,MAIA_ANC_SURFACEMONITOR_PM_2.5_SPECIES_USA-LosAngeles_20250104T000000Z_F01_V2026p06p10.nc,-9999.0,0.0241,4.1545
20250104,PM_2.5,Organic_Carbon,0.08,USA-LosAngeles-0001-37.3607N_118.3308W_1801,"Bishop, CA 1",37.360684,-118.330783,government,AQS,SPECIES_USA-LosAngeles-0001_,,,,US,Not in a City,,,,,,,,,,,,,MAIA_ANC_SURFACEMONITOR_PM_2.5_SPECIES_USA-LosAngeles_20250104T000000Z_F01_V2026p06p10.nc,-9999.0,0.0024,0.3902
20250104,PM_2.5,Organic_Carbon,0.14,USA-LosAngeles-0001-37.7133N_119.7062W_1801, 1,37.71325,-119.7062,government,AQS,SPECIES_USA-LosAngeles-0001_,,,,US,Not in a City,,,,,,,,,,,,,MAIA_ANC_SURFACEMONITOR_PM_2.5_SPECIES_USA-LosAngeles_20250104T000000Z_F01_V2026p06p10.nc,-9999.0,0.0016,0.3008
20250104,PM_2.5,Sulfate,0.708,USA-LosAngeles-0001-33.4636N_116.9715W_1801,"Riverside-San Bernardino-Ontario, CA 1",33.463644,-116.971457,government,AQS,SPECIES_USA-LosAngeles-0001_,,,,US,Not in a City,,,,,,,,,,,,,MAIA_ANC_SURFACEMONITOR_PM_2.5_SPECIES_USA-LosAngeles_20250104T000000Z_F01_V2026p06p10.nc,-9999.0,0.001,0.231
20250104,PM_2.5,Sulfate,2.42,USA-LosAngeles-0001-33.9996N_117.4160W_1805,"Riverside-San Bernardino-Ontario, CA 5",33.99958,-117.41601,government,AQS,SPECIES_USA-LosAngeles-0001_,,,,US,Rubidoux,,,,,,,,,,,,,MAIA_ANC_SURFACEMONITOR_PM_2.5_SPECIES_USA-LosAngeles_20250104T000000Z_F01_V2026p06p10.nc,-9999.0,0.0027,0.4881
20250104,PM_2.5,Sulfate,1.99,USA-LosAngeles-0001-34.0666N_118.2269W_1805,"Los Angeles-Long Beach-Anaheim, CA 5",34.06659,-118.22688,government,AQS,SPECIES_USA-LosAngeles-0001_,,,,US,Los Angeles,,,,,,,,,,,,,MAIA_ANC_SURFACEMONITOR_PM_2.5_SPECIES_USA-LosAngeles_20250104T000000Z_F01_V2026p06p10.nc,-9999.0,0.0032,0.5912
20250104,PM_2.5,Sulfate,0.228,USA-LosAngeles-0001-34.1939N_116.9141W_1801,"Riverside-San Bernardino-Ontario, CA 1",34.193925,-116.914063,government,AQS,SPECIES_USA-LosAngeles-0001_,,,,US,Not in a City,,,,,,,,,,,,,MAIA_ANC_SURFACEMONITOR_PM_2.5_SPECIES_USA-LosAngeles_20250104T000000Z_F01_V2026p06p10.nc,-9999.0,0.0009,0.1562
20250104,PM_2.5,Sulfate,0.58,USA-LosAngeles-0001-35.3566N_119.0626W_1805,"Bakersfield, CA 5",35.356615,-119.062613,government,AQS,SPECIES_USA-LosAngeles-0001_,,,,US,Bakersfield,,,,,,,,,,,,,MAIA_ANC_SURFACEMONITOR_PM_2.5_SPECIES_USA-LosAngeles_20250104T000000Z_F01_V2026p06p10.nc,-9999.0,0.0057,1.2076
20250104,PM_2.5,Sulfate,0.336,USA-LosAngeles-0001-36.4988N_118.8248W_1801,"Visalia-Porterville, CA 1",36.498835,-118.824821,government,AQS,SPECIES_USA-LosAngeles-0001_,,,,US,Sequoia National Park,,,,,,,,,,,,,MAIA_ANC_SURFACEMONITOR_PM_2.5_SPECIES_USA-LosAngeles_20250104T000000Z_F01_V2026p06p10.nc,-9999.0,0.0015,0.2594
20250104,PM_2.5,Sulfate,0.472,USA-LosAngeles-0001-36.7854N_119.7732W_1801,"Fresno, CA 1",36.78538,-119.77321,government,AQS,SPECIES_USA-LosAngeles-0001_,,,,US,Fresno,,,,,,,,,,,,,MAIA_ANC_SURFACEMONITOR_PM_2.5_SPECIES_USA-LosAngeles_20250104T000000Z_F01_V2026p06p10.nc,-9999.0,0.0043,0.8006
20250104,PM_2.5,Sulfate,0.5,USA-LosAngeles-0001-36.7854N_119.7732W_1805,"Fresno, CA 5",36.78538,-119.77321,government,AQS,SPECIES_USA-LosAngeles-0001_,,,,US,Fresno,,,,,,,,,,,,,MAIA_ANC_SURFACEMONITOR_PM_2.5_SPECIES_USA-LosAngeles_20250104T000000Z_F01_V2026p06p10.nc,-9999.0,0.0045,0.8318
20250104,PM_2.5,Sulfate,0.067,USA-LosAngeles-0001-37.3607N_118.3308W_1801,"Bishop, CA 1",37.360684,-118.330783,government,AQS,SPECIES_USA-LosAngeles-0001_,,,,US,Not in a City,,,,,,,,,,,,,MAIA_ANC_SURFACEMONITOR_PM_2.5_SPECIES_USA-LosAngeles_20250104T000000Z_F01_V2026p06p10.nc,-9999.0,0.0009,0.1702
20250104,PM_2.5,Sulfate,0.043,USA-LosAngeles-0001-37.7133N_119.7062W_1801, 1,37.71325,-119.7062,government,AQS,SPECIES_USA-LosAngeles-0001_,,,,US,Not in a City,,,,,,,,,,,,,MAIA_ANC_SURFACEMONITOR_PM_2.5_SPECIES_USA-LosAngeles_20250104T000000Z_F01_V2026p06p10.nc,-9999.0,0.0005,0.0919
20250105,PM_2.5,Black_Carbon,0.0,USA-LosAngeles-0001-34.1994N_118.1732W_0800,AethLabs JPL,34.19941255,-118.1732079,research,aethalometer,SPECIES_USA-LosAngeles-0001_,,,,US,Pasadena,0.0028,900.0,0.0,0.0,0.0,720.0,0.0,0.0,898.0,900.0,0.0,2.0,MAIA_ANC_SURFACEMONITOR_PM_2.5_SPECIES_USA-LosAngeles_20250105T000000Z_F01_V2026p06p10.nc,,,
20250106,PM_2.5,Black_Carbon,0.0,USA-LosAngeles-0001-34.1994N_118.1732W_0800,AethLabs JPL,34.19941255,-118.1732079,research,aethalometer,SPECIES_USA-LosAngeles-0001_,,,,US,Pasadena,0.0028,900.0,0.0,0.0,0.0,720.0,0.0,0.0,898.0,900.0,0.0,2.0,MAIA_ANC_SURFACEMONITOR_PM_2.5_SPECIES_USA-LosAngeles_20250106T000000Z_F01_V2026p06p10.nc,,,
20250107,PM_2.5,Black_Carbon,0.0,USA-LosAngeles-0001-34.1994N_118.1732W_0800,AethLabs JPL,34.19941255,-118.1732079,research,aethalometer,SPECIES_USA-LosAngeles-0001_,,,,US,Pasadena,0.0028,900.0,0.0,0.0,0.0,720.0,0.0,0.0,898.0,900.0,0.0,2.0,MAIA_ANC_SURFACEMONITOR_PM_2.5_SPECIES_USA-LosAngeles_20250107T000000Z_F01_V2026p06p10.nc,,,
20250107,PM_2.5,Dust,1.8992,USA-LosAngeles-0001-33.4636N_116.9715W_1801,"Riverside-San Bernardino-Ontario, CA 1",33.463644,-116.971457,government,AQS,SPECIES_USA-LosAngeles-0001_,,,,US,Not in a City,,,,,,,,,,,,,MAIA_ANC_SURFACEMONITOR_PM_2.5_SPECIES_USA-LosAngeles_20250107T000000Z_F01_V2026p06p10.nc,0.0,0.18405625,0.09451991799847005
20250107,PM_2.5,Dust,4.3189,USA-LosAngeles-0001-33.8306N_117.9385W_1811,"Los Angeles-Long Beach-Anaheim, CA 11",33.83062,-117.93845,government,AQS,SPECIES_USA-LosAngeles-0001_,,,,US,Anaheim,,,,,,,,,,,,,MAIA_ANC_SURFACEMONITOR_PM_2.5_SPECIES_USA-LosAngeles_20250107T000000Z_F01_V2026p06p10.nc,-9999.0,-9999.0,-9999.0
20250107,PM_2.5,Dust,2.3011,USA-LosAngeles-0001-33.9996N_117.4160W_1805,"Riverside-San Bernardino-Ontario, CA 5",33.99958,-117.41601,government,AQS,SPECIES_USA-LosAngeles-0001_,,,,US,Rubidoux,,,,,,,,,,,,,MAIA_ANC_SURFACEMONITOR_PM_2.5_SPECIES_USA-LosAngeles_20250107T000000Z_F01_V2026p06p10.nc,1.0,0.8934112500000001,0.545894125390572
20250107,PM_2.5,Dust,2.9302,USA-LosAngeles-0001-33.9996N_117.4160W_1806,"Riverside-San Bernardino-Ontario, CA 6",33.99958,-117.41601,government,AQS,SPECIES_USA-LosAngeles-0001_,,,,US,Rubidoux,,,,,,,,,,,,,MAIA_ANC_SURFACEMONITOR_PM_2.5_SPECIES_USA-LosAngeles_20250107T000000Z_F01_V2026p06p10.nc,0.0,0.622944,0.3839806103229694
20250107,PM_2.5,Dust,3.4375,USA-LosAngeles-0001-33.9996N_117.4160W_1811,"Riverside-San Bernardino-Ontario, CA 11",33.99958,-117.41601,government,AQS,SPECIES_USA-LosAngeles-0001_,,,,US,Rubidoux,,,,,,,,,,,,,MAIA_ANC_SURFACEMONITOR_PM_2.5_SPECIES_USA-LosAngeles_20250107T000000Z_F01_V2026p06p10.nc,-9999.0,-9999.0,-9999.0
20250107,PM_2.5,Dust,3.8186,USA-LosAngeles-0001-34.0666N_118.2269W_1811,"Los Angeles-Long Beach-Anaheim, CA 11",34.06659,-118.22688,government,AQS,SPECIES_USA-LosAngeles-0001_,,,,US,Los Angeles,,,,,,,,,,,,,MAIA_ANC_SURFACEMONITOR_PM_2.5_SPECIES_USA-LosAngeles_20250107T000000Z_F01_V2026p06p10.nc,-9999.0,-9999.0,-9999.0
20250107,PM_2.5,Dust,3.5726,USA-LosAngeles-0001-34.0666N_118.2269W_1812,"Los Angeles-Long Beach-Anaheim, CA 12",34.06659,-118.22688,government,AQS,SPECIES_USA-LosAngeles-0001_,,,,US,Los Angeles,,,,,,,,,,,,,MAIA_ANC_SURFACEMONITOR_PM_2.5_SPECIES_USA-LosAngeles_20250107T000000Z_F01_V2026p06p10.nc,-9999.0,-9999.0,-9999.0
20250107,PM_2.5,Dust,8.3472,USA-LosAngeles-0001-34.1000N_117.4920W_1811,"Riverside-San Bernardino-Ontario, CA 11",34.10002,-117.49201,government,AQS,SPECIES_USA-LosAngeles-0001_,,,,US,Fontana,,,,,,,,,,,,,MAIA_ANC_SURFACEMONITOR_PM_2.5_SPECIES_USA-LosAngeles_20250107T000000Z_F01_V2026p06p10.nc,-9999.0,-9999.0,-9999.0
20250107,PM_2.5,Dust,0.4094,USA-LosAngeles-0001-34.1939N_116.9141W_1801,"Riverside-San Bernardino-Ontario, CA 1",34.193925,-116.914063,government,AQS,SPECIES_USA-LosAngeles-0001_,,,,US,Not in a City,,,,,,,,,,,,,MAIA_ANC_SURFACEMONITOR_PM_2.5_SPECIES_USA-LosAngeles_20250107T000000Z_F01_V2026p06p10.nc,1.0,0.13754363636363637,0.09184300560024129
20250107,PM_2.5,Dust,0.7252,USA-LosAngeles-0001-34.8219N_118.8876W_1801,"Bakersfield, CA 1",34.821922,-118.887598,government,AQS,SPECIES_USA-LosAngeles-0001_,,,,US,Lebec,,,,,,,,,,,,,MAIA_ANC_SURFACEMONITOR_PM_2.5_SPECIES_USA-LosAngeles_20250107T000000Z_F01_V2026p06p10.nc,0.0,0.09587454545454546,0.07779236575813808
20250107,PM_2.5,Dust,0.4762,USA-LosAngeles-0001-35.3566N_119.0626W_1805,"Bakersfield, CA 5",35.356615,-119.062613,government,AQS,SPECIES_USA-LosAngeles-0001_,,,,US,Bakersfield,,,,,,,,,,,,,MAIA_ANC_SURFACEMONITOR_PM_2.5_SPECIES_USA-LosAngeles_20250107T000000Z_F01_V2026p06p10.nc,1.0,0.426276,0.21017801708075942
20250107,PM_2.5,Dust,0.5902,USA-LosAngeles-0001-35.3566N_119.0626W_1806,"Bakersfield, CA 6",35.356615,-119.062613,government,AQS,SPECIES_USA-LosAngeles-0001_,,,,US,Bakersfield,,,,,,,,,,,,,MAIA_ANC_SURFACEMONITOR_PM_2.5_SPECIES_USA-LosAngeles_20250107T000000Z_F01_V2026p06p10.nc,1.0,0.47933000000000003,0.34271362885067763
20250107,PM_2.5,Dust,0.5907,USA-LosAngeles-0001-36.3081N_119.3129W_1805,N/A,36.30815,-119.3129,government,AQS,SPECIES_USA-LosAngeles-0001_,,,,US,N/A,,,,,,,,,,,,,MAIA_ANC_SURFACEMONITOR_PM_2.5_SPECIES_USA-LosAngeles_20250107T000000Z_F01_V2026p06p10.nc,1.0,0.4454850000000001,0.13882173493969405
20250107,PM_2.5,Dust,0.1443,USA-LosAngeles-0001-36.4988N_118.8248W_1801,"Visalia-Porterville, CA 1",36.498835,-118.824821,government,AQS,SPECIES_USA-LosAngeles-0001_,,,,US,Sequoia National Park,,,,,,,,,,,,,MAIA_ANC_SURFACEMONITOR_PM_2.5_SPECIES_USA-LosAngeles_20250107T000000Z_F01_V2026p06p10.nc,1.0,0.06566454545454546,0.032651107836874485
20250107,PM_2.5,Dust,0.3181,USA-LosAngeles-0001-36.7854N_119.7732W_1801,"Fresno, CA 1",36.78538,-119.77321,government,AQS,SPECIES_USA-LosAngeles-0001_,,,,US,Fresno,,,,,,,,,,,,,MAIA_ANC_SURFACEMONITOR_PM_2.5_SPECIES_USA-LosAngeles_20250107T000000Z_F01_V2026p06p10.nc,1.0,0.37174545454545455,0.154331419081477
20250107,PM_2.5,Dust,0.2364,USA-LosAngeles-0001-36.7854N_119.7732W_1805,"Fresno, CA 5",36.78538,-119.77321,government,AQS,SPECIES_USA-LosAngeles-0001_,,,,US,Fresno,,,,,,,,,,,,,MAIA_ANC_SURFACEMONITOR_PM_2.5_SPECIES_USA-LosAngeles_20250107T000000Z_F01_V2026p06p10.nc,1.0,0.2370081818181818,0.11422267135398152
20250107,PM_2.5,Dust,0.8336,USA-LosAngeles-0001-37.3607N_118.3308W_1801,"Bishop, CA 1",37.360684,-118.330783,government,AQS,SPECIES_USA-LosAngeles-0001_,,,,US,Not in a City,,,,,,,,,,,,,MAIA_ANC_SURFACEMONITOR_PM_2.5_SPECIES_USA-LosAngeles_20250107T000000Z_F01_V2026p06p10.nc,1.0,0.339499090909091,0.3459530004982166
20250107,PM_2.5,Dust,0.0761,USA-LosAngeles-0001-37.7133N_119.7062W_1801, 1,37.71325,-119.7062,government,AQS,SPECIES_USA-LosAngeles-0001_,,,,US,Not in a City,,,,,,,,,,,,,MAIA_ANC_SURFACEMONITOR_PM_2.5_SPECIES_USA-LosAngeles_20250107T000000Z_F01_V2026p06p10.nc,1.0,0.03261272727272728,0.03150998055188491
20250107,PM_2.5,Dust,0.0654,USA-LosAngeles-0001-37.7133N_119.7062W_1802, 2,37.71325,-119.7062,government,AQS,SPECIES_USA-LosAngeles-0001_,,,,US,Not in a City,,,,,,,,,,,,,MAIA_ANC_SURFACEMONITOR_PM_2.5_SPECIES_USA-LosAngeles_20250107T000000Z_F01_V2026p06p10.nc,-9999.0,-9999.0,-9999.0
20250107,PM_2.5,Elemental_Carbon,0.03,USA-LosAngeles-0001-33.4636N_116.9715W_1801,"Riverside-San Bernardino-Ontario, CA 1",33.463644,-116.971457,government,AQS,SPECIES_USA-LosAngeles-0001_,,,,US,Not in a City,,,,,,,,,,,,,MAIA_ANC_SURFACEMONITOR_PM_2.5_SPECIES_USA-LosAngeles_20250107T000000Z_F01_V2026p06p10.nc,-9999.0,0.0009,0.1967
20250107,PM_2.5,Elemental_Carbon,0.374,USA-LosAngeles-0001-33.9996N_117.4160W_1805,"Riverside-San Bernardino-Ontario, CA 5",33.99958,-117.41601,government,AQS,SPECIES_USA-LosAngeles-0001_,,,,US,Rubidoux,,,,,,,,,,,,,MAIA_ANC_SURFACEMONITOR_PM_2.5_SPECIES_USA-LosAngeles_20250107T000000Z_F01_V2026p06p10.nc,-9999.0,0.01,1.8023
20250107,PM_2.5,Elemental_Carbon,0.523,USA-LosAngeles-0001-33.9996N_117.4160W_1806,"Riverside-San Bernardino-Ontario, CA 6",33.99958,-117.41601,government,AQS,SPECIES_USA-LosAngeles-0001_,,,,US,Rubidoux,,,,,,,,,,,,,MAIA_ANC_SURFACEMONITOR_PM_2.5_SPECIES_USA-LosAngeles_20250107T000000Z_F01_V2026p06p10.nc,-9999.0,0.0066,2.1983
20250107,PM_2.5,Elemental_Carbon,0.06,USA-LosAngeles-0001-34.1939N_116.9141W_1801,"Riverside-San Bernardino-Ontario, CA 1",34.193925,-116.914063,government,AQS,SPECIES_USA-LosAngeles-0001_,,,,US,Not in a City,,,,,,,,,,,,,MAIA_ANC_SURFACEMONITOR_PM_2.5_SPECIES_USA-LosAngeles_20250107T000000Z_F01_V2026p06p10.nc,-9999.0,0.0005,0.0957
20250107,PM_2.5,Elemental_Carbon,0.06,USA-LosAngeles-0001-34.8219N_118.8876W_1801,"Bakersfield, CA 1",34.821922,-118.887598,government,AQS,SPECIES_USA-LosAngeles-0001_,,,,US,Lebec,,,,,,,,,,,,,MAIA_ANC_SURFACEMONITOR_PM_2.5_SPECIES_USA-LosAngeles_20250107T000000Z_F01_V2026p06p10.nc,-9999.0,0.0005,0.0901
20250107,PM_2.5,Elemental_Carbon,1.625,USA-LosAngeles-0001-35.3566N_119.0626W_1805,"Bakersfield, CA 5",35.356615,-119.062613,government,AQS,SPECIES_USA-LosAngeles-0001_,,,,US,Bakersfield,,,,,,,,,,,,,MAIA_ANC_SURFACEMONITOR_PM_2.5_SPECIES_USA-LosAngeles_20250107T000000Z_F01_V2026p06p10.nc,-9999.0,0.007,1.4456
20250107,PM_2.5,Elemental_Carbon,1.288,USA-LosAngeles-0001-35.3566N_119.0626W_1806,"Bakersfield, CA 6",35.356615,-119.062613,government,AQS,SPECIES_USA-LosAngeles-0001_,,,,US,Bakersfield,,,,,,,,,,,,,MAIA_ANC_SURFACEMONITOR_PM_2.5_SPECIES_USA-LosAngeles_20250107T000000Z_F01_V2026p06p10.nc,-9999.0,0.0046,1.9558
20250107,PM_2.5,Elemental_Carbon,0.31,USA-LosAngeles-0001-36.4988N_118.8248W_1801,"Visalia-Porterville, CA 1",36.498835,-118.824821,government,AQS,SPECIES_USA-LosAngeles-0001_,,,,US,Sequoia National Park,,,,,,,,,,,,,MAIA_ANC_SURFACEMONITOR_PM_2.5_SPECIES_USA-LosAngeles_20250107T000000Z_F01_V2026p06p10.nc,-9999.0,0.0009,0.1446
20250107,PM_2.5,Elemental_Carbon,0.63,USA-LosAngeles-0001-36.7854N_119.7732W_1801,"Fresno, CA 1",36.78538,-119.77321,government,AQS,SPECIES_USA-LosAngeles-0001_,,,,US,Fresno,,,,,,,,,,,,,MAIA_ANC_SURFACEMONITOR_PM_2.5_SPECIES_USA-LosAngeles_20250107T000000Z_F01_V2026p06p10.nc,-9999.0,0.0058,1.0029
20250107,PM_2.5,Elemental_Carbon,0.751,USA-LosAngeles-0001-36.7854N_119.7732W_1805,"Fresno, CA 5",36.78538,-119.77321,government,AQS,SPECIES_USA-LosAngeles-0001_,,,,US,Fresno,,,,,,,,,,,,,MAIA_ANC_SURFACEMONITOR_PM_2.5_SPECIES_USA-LosAngeles_20250107T000000Z_F01_V2026p06p10.nc,-9999.0,0.0071,1.2484
20250107,PM_2.5,Elemental_Carbon,0.05,USA-LosAngeles-0001-37.3607N_118.3308W_1801,"Bishop, CA 1",37.360684,-118.330783,government,AQS,SPECIES_USA-LosAngeles-0001_,,,,US,Not in a City,,,,,,,,,,,,,MAIA_ANC_SURFACEMONITOR_PM_2.5_SPECIES_USA-LosAngeles_20250107T000000Z_F01_V2026p06p10.nc,-9999.0,0.0006,0.1049
20250107,PM_2.5,Elemental_Carbon,0.02,USA-LosAngeles-0001-37.7133N_119.7062W_1801, 1,37.71325,-119.7062,government,AQS,SPECIES_USA-LosAngeles-0001_,,,,US,Not in a City,,,,,,,,,,,,,MAIA_ANC_SURFACEMONITOR_PM_2.5_SPECIES_USA-LosAngeles_20250107T000000Z_F01_V2026p06p10.nc,-9999.0,0.0003,0.0479
20250107,PM_2.5,Nitrate,0.12,USA-LosAngeles-0001-33.4636N_116.9715W_1801,"Riverside-San Bernardino-Ontario, CA 1",33.463644,-116.971457,government,AQS,SPECIES_USA-LosAngeles-0001_,,,,US,Not in a City,,,,,,,,,,,,,MAIA_ANC_SURFACEMONITOR_PM_2.5_SPECIES_USA-LosAngeles_20250107T000000Z_F01_V2026p06p10.nc,-9999.0,0.0014,0.3501
20250107,PM_2.5,Nitrate,0.9,USA-LosAngeles-0001-33.8306N_117.9385W_1811,"Los Angeles-Long Beach-Anaheim, CA 11",33.83062,-117.93845,government,AQS,SPECIES_USA-LosAngeles-0001_,,,,US,Anaheim,,,,,,,,,,,,,MAIA_ANC_SURFACEMONITOR_PM_2.5_SPECIES_USA-LosAngeles_20250107T000000Z_F01_V2026p06p10.nc,-9999.0,0.0,
20250107,PM_2.5,Nitrate,0.35,USA-LosAngeles-0001-33.9996N_117.4160W_1805,"Riverside-San Bernardino-Ontario, CA 5",33.99958,-117.41601,government,AQS,SPECIES_USA-LosAngeles-0001_,,,,US,Rubidoux,,,,,,,,,,,,,MAIA_ANC_SURFACEMONITOR_PM_2.5_SPECIES_USA-LosAngeles_20250107T000000Z_F01_V2026p06p10.nc,-9999.0,0.0215,4.695
20250107,PM_2.5,Nitrate,0.37,USA-LosAngeles-0001-33.9996N_117.4160W_1806,"Riverside-San Bernardino-Ontario, CA 6",33.99958,-117.41601,government,AQS,SPECIES_USA-LosAngeles-0001_,,,,US,Rubidoux,,,,,,,,,,,,,MAIA_ANC_SURFACEMONITOR_PM_2.5_SPECIES_USA-LosAngeles_20250107T000000Z_F01_V2026p06p10.nc,-9999.0,0.0109,3.7726
20250107,PM_2.5,Nitrate,0.51,USA-LosAngeles-0001-33.9996N_117.4160W_1811,"Riverside-San Bernardino-Ontario, CA 11",33.99958,-117.41601,government,AQS,SPECIES_USA-LosAngeles-0001_,,,,US,Rubidoux,,,,,,,,,,,,,MAIA_ANC_SURFACEMONITOR_PM_2.5_SPECIES_USA-LosAngeles_20250107T000000Z_F01_V2026p06p10.nc,-9999.0,0.0,
20250107,PM_2.5,Nitrate,0.95,USA-LosAngeles-0001-34.0666N_118.2269W_1811,"Los Angeles-Long Beach-Anaheim, CA 11",34.06659,-118.22688,government,AQS,SPECIES_USA-LosAngeles-0001_,,,,US,Los Angeles,,,,,,,,,,,,,MAIA_ANC_SURFACEMONITOR_PM_2.5_SPECIES_USA-LosAngeles_20250107T000000Z_F01_V2026p06p10.nc,-9999.0,0.0,
20250107,PM_2.5,Nitrate,0.96,USA-LosAngeles-0001-34.0666N_118.2269W_1812,"Los Angeles-Long Beach-Anaheim, CA 12",34.06659,-118.22688,government,AQS,SPECIES_USA-LosAngeles-0001_,,,,US,Los Angeles,,,,,,,,,,,,,MAIA_ANC_SURFACEMONITOR_PM_2.5_SPECIES_USA-LosAngeles_20250107T000000Z_F01_V2026p06p10.nc,-9999.0,0.0,
20250107,PM_2.5,Nitrate,0.86,USA-LosAngeles-0001-34.1000N_117.4920W_1811,"Riverside-San Bernardino-Ontario, CA 11",34.10002,-117.49201,government,AQS,SPECIES_USA-LosAngeles-0001_,,,,US,Fontana,,,,,,,,,,,,,MAIA_ANC_SURFACEMONITOR_PM_2.5_SPECIES_USA-LosAngeles_20250107T000000Z_F01_V2026p06p10.nc,-9999.0,0.0,
20250107,PM_2.5,Nitrate,0.08,USA-LosAngeles-0001-34.1939N_116.9141W_1801,"Riverside-San Bernardino-Ontario, CA 1",34.193925,-116.914063,government,AQS,SPECIES_USA-LosAngeles-0001_,,,,US,Not in a City,,,,,,,,,,,,,MAIA_ANC_SURFACEMONITOR_PM_2.5_SPECIES_USA-LosAngeles_20250107T000000Z_F01_V2026p06p10.nc,-9999.0,0.003,0.8563
20250107,PM_2.5,Nitrate,0.353,USA-LosAngeles-0001-34.8219N_118.8876W_1801,"Bakersfield, CA 1",34.821922,-118.887598,government,AQS,SPECIES_USA-LosAngeles-0001_,,,,US,Lebec,,,,,,,,,,,,,MAIA_ANC_SURFACEMONITOR_PM_2.5_SPECIES_USA-LosAngeles_20250107T000000Z_F01_V2026p06p10.nc,-9999.0,0.0012,0.3776
20250107,PM_2.5,Nitrate,7.85,USA-LosAngeles-0001-35.3566N_119.0626W_1805,"Bakersfield, CA 5",35.356615,-119.062613,government,AQS,SPECIES_USA-LosAngeles-0001_,,,,US,Bakersfield,,,,,,,,,,,,,MAIA_ANC_SURFACEMONITOR_PM_2.5_SPECIES_USA-LosAngeles_20250107T000000Z_F01_V2026p06p10.nc,-9999.0,0.027,5.6187
20250107,PM_2.5,Nitrate,7.42,USA-LosAngeles-0001-35.3566N_119.0626W_1806,"Bakersfield, CA 6",35.356615,-119.062613,government,AQS,SPECIES_USA-LosAngeles-0001_,,,,US,Bakersfield,,,,,,,,,,,,,MAIA_ANC_SURFACEMONITOR_PM_2.5_SPECIES_USA-LosAngeles_20250107T000000Z_F01_V2026p06p10.nc,-9999.0,0.0075,5.3647
20250107,PM_2.5,Nitrate,9.92,USA-LosAngeles-0001-36.3081N_119.3129W_1805,N/A,36.30815,-119.3129,government,AQS,SPECIES_USA-LosAngeles-0001_,,,,US,N/A,,,,,,,,,,,,,MAIA_ANC_SURFACEMONITOR_PM_2.5_SPECIES_USA-LosAngeles_20250107T000000Z_F01_V2026p06p10.nc,-9999.0,0.0157,5.37
20250107,PM_2.5,Nitrate,5.535,USA-LosAngeles-0001-36.4988N_118.8248W_1801,"Visalia-Porterville, CA 1",36.498835,-118.824821,government,AQS,SPECIES_USA-LosAngeles-0001_,,,,US,Sequoia National Park,,,,,,,,,,,,,MAIA_ANC_SURFACEMONITOR_PM_2.5_SPECIES_USA-LosAngeles_20250107T000000Z_F01_V2026p06p10.nc,-9999.0,0.0036,0.8348
20250107,PM_2.5,Nitrate,7.228,USA-LosAngeles-0001-36.7854N_119.7732W_1801,"Fresno, CA 1",36.78538,-119.77321,government,AQS,SPECIES_USA-LosAngeles-0001_,,,,US,Fresno,,,,,,,,,,,,,MAIA_ANC_SURFACEMONITOR_PM_2.5_SPECIES_USA-LosAngeles_20250107T000000Z_F01_V2026p06p10.nc,-9999.0,0.0217,4.2647
20250107,PM_2.5,Nitrate,7.09,USA-LosAngeles-0001-36.7854N_119.7732W_1805,"Fresno, CA 5",36.78538,-119.77321,government,AQS,SPECIES_USA-LosAngeles-0001_,,,,US,Fresno,,,,,,,,,,,,,MAIA_ANC_SURFACEMONITOR_PM_2.5_SPECIES_USA-LosAngeles_20250107T000000Z_F01_V2026p06p10.nc,-9999.0,0.0212,4.1249
20250107,PM_2.5,Nitrate,0.031,USA-LosAngeles-0001-37.3607N_118.3308W_1801,"Bishop, CA 1",37.360684,-118.330783,government,AQS,SPECIES_USA-LosAngeles-0001_,,,,US,Not in a City,,,,,,,,,,,,,MAIA_ANC_SURFACEMONITOR_PM_2.5_SPECIES_USA-LosAngeles_20250107T000000Z_F01_V2026p06p10.nc,-9999.0,0.0004,0.0856
20250107,PM_2.5,Nitrate,0.034,USA-LosAngeles-0001-37.7133N_119.7062W_1801, 1,37.71325,-119.7062,government,AQS,SPECIES_USA-LosAngeles-0001_,,,,US,Not in a City,,,,,,,,,,,,,MAIA_ANC_SURFACEMONITOR_PM_2.5_SPECIES_USA-LosAngeles_20250107T000000Z_F01_V2026p06p10.nc,-9999.0,0.0003,0.0812
20250107,PM_2.5,Organic_Carbon,0.52,USA-LosAngeles-0001-33.4636N_116.9715W_1801,"Riverside-San Bernardino-Ontario, CA 1",33.463644,-116.971457,government,AQS,SPECIES_USA-LosAngeles-0001_,,,,US,Not in a City,,,,,,,,,,,,,MAIA_ANC_SURFACEMONITOR_PM_2.5_SPECIES_USA-LosAngeles_20250107T000000Z_F01_V2026p06p10.nc,-9999.0,0.0029,0.6628
20250107,PM_2.5,Organic_Carbon,1.229,USA-LosAngeles-0001-33.9996N_117.4160W_1805,"Riverside-San Bernardino-Ontario, CA 5",33.99958,-117.41601,government,AQS,SPECIES_USA-LosAngeles-0001_,,,,US,Rubidoux,,,,,,,,,,,,,MAIA_ANC_SURFACEMONITOR_PM_2.5_SPECIES_USA-LosAngeles_20250107T000000Z_F01_V2026p06p10.nc,-9999.0,0.0201,3.3989
20250107,PM_2.5,Organic_Carbon,1.293,USA-LosAngeles-0001-33.9996N_117.4160W_1806,"Riverside-San Bernardino-Ontario, CA 6",33.99958,-117.41601,government,AQS,SPECIES_USA-LosAngeles-0001_,,,,US,Rubidoux,,,,,,,,,,,,,MAIA_ANC_SURFACEMONITOR_PM_2.5_SPECIES_USA-LosAngeles_20250107T000000Z_F01_V2026p06p10.nc,-9999.0,0.0125,3.9285
20250107,PM_2.5,Organic_Carbon,0.17,USA-LosAngeles-0001-34.1939N_116.9141W_1801,"Riverside-San Bernardino-Ontario, CA 1",34.193925,-116.914063,government,AQS,SPECIES_USA-LosAngeles-0001_,,,,US,Not in a City,,,,,,,,,,,,,MAIA_ANC_SURFACEMONITOR_PM_2.5_SPECIES_USA-LosAngeles_20250107T000000Z_F01_V2026p06p10.nc,-9999.0,0.0021,0.3571
20250107,PM_2.5,Organic_Carbon,0.43,USA-LosAngeles-0001-34.8219N_118.8876W_1801,"Bakersfield, CA 1",34.821922,-118.887598,government,AQS,SPECIES_USA-LosAngeles-0001_,,,,US,Lebec,,,,,,,,,,,,,MAIA_ANC_SURFACEMONITOR_PM_2.5_SPECIES_USA-LosAngeles_20250107T000000Z_F01_V2026p06p10.nc,-9999.0,0.003,0.51
20250107,PM_2.5,Organic_Carbon,5.283,USA-LosAngeles-0001-35.3566N_119.0626W_1805,"Bakersfield, CA 5",35.356615,-119.062613,government,AQS,SPECIES_USA-LosAngeles-0001_,,,,US,Bakersfield,,,,,,,,,,,,,MAIA_ANC_SURFACEMONITOR_PM_2.5_SPECIES_USA-LosAngeles_20250107T000000Z_F01_V2026p06p10.nc,-9999.0,0.0196,3.7205
20250107,PM_2.5,Organic_Carbon,3.626,USA-LosAngeles-0001-35.3566N_119.0626W_1806,"Bakersfield, CA 6",35.356615,-119.062613,government,AQS,SPECIES_USA-LosAngeles-0001_,,,,US,Bakersfield,,,,,,,,,,,,,MAIA_ANC_SURFACEMONITOR_PM_2.5_SPECIES_USA-LosAngeles_20250107T000000Z_F01_V2026p06p10.nc,-9999.0,0.0117,4.5733
20250107,PM_2.5,Organic_Carbon,1.6,USA-LosAngeles-0001-36.4988N_118.8248W_1801,"Visalia-Porterville, CA 1",36.498835,-118.824821,government,AQS,SPECIES_USA-LosAngeles-0001_,,,,US,Sequoia National Park,,,,,,,,,,,,,MAIA_ANC_SURFACEMONITOR_PM_2.5_SPECIES_USA-LosAngeles_20250107T000000Z_F01_V2026p06p10.nc,-9999.0,0.0049,0.7814
20250107,PM_2.5,Organic_Carbon,2.61,USA-LosAngeles-0001-36.7854N_119.7732W_1801,"Fresno, CA 1",36.78538,-119.77321,government,AQS,SPECIES_USA-LosAngeles-0001_,,,,US,Fresno,,,,,,,,,,,,,MAIA_ANC_SURFACEMONITOR_PM_2.5_SPECIES_USA-LosAngeles_20250107T000000Z_F01_V2026p06p10.nc,-9999.0,0.0206,3.6491
20250107,PM_2.5,Organic_Carbon,2.955,USA-LosAngeles-0001-36.7854N_119.7732W_1805,"Fresno, CA 5",36.78538,-119.77321,government,AQS,SPECIES_USA-LosAngeles-0001_,,,,US,Fresno,,,,,,,,,,,,,MAIA_ANC_SURFACEMONITOR_PM_2.5_SPECIES_USA-LosAngeles_20250107T000000Z_F01_V2026p06p10.nc,-9999.0,0.0241,4.1545
20250107,PM_2.5,Organic_Carbon,0.27,USA-LosAngeles-0001-37.3607N_118.3308W_1801,"Bishop, CA 1",37.360684,-118.330783,government,AQS,SPECIES_USA-LosAngeles-0001_,,,,US,Not in a City,,,,,,,,,,,,,MAIA_ANC_SURFACEMONITOR_PM_2.5_SPECIES_USA-LosAngeles_20250107T000000Z_F01_V2026p06p10.nc,-9999.0,0.0024,0.3902
20250107,PM_2.5,Organic_Carbon,0.16,USA-LosAngeles-0001-37.7133N_119.7062W_1801, 1,37.71325,-119.7062,government,AQS,SPECIES_USA-LosAngeles-0001_,,,,US,Not in a City,,,,,,,,,,,,,MAIA_ANC_SURFACEMONITOR_PM_2.5_SPECIES_USA-LosAngeles_20250107T000000Z_F01_V2026p06p10.nc,-9999.0,0.0016,0.3008
20250107,PM_2.5,Sulfate,0.149,USA-LosAngeles-0001-33.4636N_116.9715W_1801,"Riverside-San Bernardino-Ontario, CA 1",33.463644,-116.971457,government,AQS,SPECIES_USA-LosAngeles-0001_,,,,US,Not in a City,,,,,,,,,,,,,MAIA_ANC_SURFACEMONITOR_PM_2.5_SPECIES_USA-LosAngeles_20250107T000000Z_F01_V2026p06p10.nc,-9999.0,0.001,0.231
20250107,PM_2.5,Sulfate,0.32,USA-LosAngeles-0001-33.8306N_117.9385W_1811,"Los Angeles-Long Beach-Anaheim, CA 11",33.83062,-117.93845,government,AQS,SPECIES_USA-LosAngeles-0001_,,,,US,Anaheim,,,,,,,,,,,,,MAIA_ANC_SURFACEMONITOR_PM_2.5_SPECIES_USA-LosAngeles_20250107T000000Z_F01_V2026p06p10.nc,-9999.0,0.0,
20250107,PM_2.5,Sulfate,0.16,USA-LosAngeles-0001-33.9996N_117.4160W_1805,"Riverside-San Bernardino-Ontario, CA 5",33.99958,-117.41601,government,AQS,SPECIES_USA-LosAngeles-0001_,,,,US,Rubidoux,,,,,,,,,,,,,MAIA_ANC_SURFACEMONITOR_PM_2.5_SPECIES_USA-LosAngeles_20250107T000000Z_F01_V2026p06p10.nc,-9999.0,0.0027,0.4881
20250107,PM_2.5,Sulfate,0.19,USA-LosAngeles-0001-33.9996N_117.4160W_1806,"Riverside-San Bernardino-Ontario, CA 6",33.99958,-117.41601,government,AQS,SPECIES_USA-LosAngeles-0001_,,,,US,Rubidoux,,,,,,,,,,,,,MAIA_ANC_SURFACEMONITOR_PM_2.5_SPECIES_USA-LosAngeles_20250107T000000Z_F01_V2026p06p10.nc,-9999.0,0.0016,0.5143
20250107,PM_2.5,Sulfate,0.28,USA-LosAngeles-0001-33.9996N_117.4160W_1811,"Riverside-San Bernardino-Ontario, CA 11",33.99958,-117.41601,government,AQS,SPECIES_USA-LosAngeles-0001_,,,,US,Rubidoux,,,,,,,,,,,,,MAIA_ANC_SURFACEMONITOR_PM_2.5_SPECIES_USA-LosAngeles_20250107T000000Z_F01_V2026p06p10.nc,-9999.0,0.0,
20250107,PM_2.5,Sulfate,0.47,USA-LosAngeles-0001-34.0666N_118.2269W_1811,"Los Angeles-Long Beach-Anaheim, CA 11",34.06659,-118.22688,government,AQS,SPECIES_USA-LosAngeles-0001_,,,,US,Los Angeles,,,,,,,,,,,,,MAIA_ANC_SURFACEMONITOR_PM_2.5_SPECIES_USA-LosAngeles_20250107T000000Z_F01_V2026p06p10.nc,-9999.0,0.0,
20250107,PM_2.5,Sulfate,0.48,USA-LosAngeles-0001-34.0666N_118.2269W_1812,"Los Angeles-Long Beach-Anaheim, CA 12",34.06659,-118.22688,government,AQS,SPECIES_USA-LosAngeles-0001_,,,,US,Los Angeles,,,,,,,,,,,,,MAIA_ANC_SURFACEMONITOR_PM_2.5_SPECIES_USA-LosAngeles_20250107T000000Z_F01_V2026p06p10.nc,-9999.0,0.0,
20250107,PM_2.5,Sulfate,0.28,USA-LosAngeles-0001-34.1000N_117.4920W_1811,"Riverside-San Bernardino-Ontario, CA 11",34.10002,-117.49201,government,AQS,SPECIES_USA-LosAngeles-0001_,,,,US,Fontana,,,,,,,,,,,,,MAIA_ANC_SURFACEMONITOR_PM_2.5_SPECIES_USA-LosAngeles_20250107T000000Z_F01_V2026p06p10.nc,-9999.0,0.0,
20250107,PM_2.5,Sulfate,0.095,USA-LosAngeles-0001-34.1939N_116.9141W_1801,"Riverside-San Bernardino-Ontario, CA 1",34.193925,-116.914063,government,AQS,SPECIES_USA-LosAngeles-0001_,,,,US,Not in a City,,,,,,,,,,,,,MAIA_ANC_SURFACEMONITOR_PM_2.5_SPECIES_USA-LosAngeles_20250107T000000Z_F01_V2026p06p10.nc,-9999.0,0.0009,0.1562
20250107,PM_2.5,Sulfate,0.228,USA-LosAngeles-0001-34.8219N_118.8876W_1801,"Bakersfield, CA 1",34.821922,-118.887598,government,AQS,SPECIES_USA-LosAngeles-0001_,,,,US,Lebec,,,,,,,,,,,,,MAIA_ANC_SURFACEMONITOR_PM_2.5_SPECIES_USA-LosAngeles_20250107T000000Z_F01_V2026p06p10.nc,-9999.0,0.001,0.1725
20250107,PM_2.5,Sulfate,1.35,USA-LosAngeles-0001-35.3566N_119.0626W_1805,"Bakersfield, CA 5",35.356615,-119.062613,government,AQS,SPECIES_USA-LosAngeles-0001_,,,,US,Bakersfield,,,,,,,,,,,,,MAIA_ANC_SURFACEMONITOR_PM_2.5_SPECIES_USA-LosAngeles_20250107T000000Z_F01_V2026p06p10.nc,-9999.0,0.0057,1.2076
20250107,PM_2.5,Sulfate,1.28,USA-LosAngeles-0001-35.3566N_119.0626W_1806,"Bakersfield, CA 6",35.356615,-119.062613,government,AQS,SPECIES_USA-LosAngeles-0001_,,,,US,Bakersfield,,,,,,,,,,,,,MAIA_ANC_SURFACEMONITOR_PM_2.5_SPECIES_USA-LosAngeles_20250107T000000Z_F01_V2026p06p10.nc,-9999.0,0.0013,0.8347
20250107,PM_2.5,Sulfate,1.87,USA-LosAngeles-0001-36.3081N_119.3129W_1805,N/A,36.30815,-119.3129,government,AQS,SPECIES_USA-LosAngeles-0001_,,,,US,N/A,,,,,,,,,,,,,MAIA_ANC_SURFACEMONITOR_PM_2.5_SPECIES_USA-LosAngeles_20250107T000000Z_F01_V2026p06p10.nc,-9999.0,0.0032,1.1187
20250107,PM_2.5,Sulfate,1.314,USA-LosAngeles-0001-36.4988N_118.8248W_1801,"Visalia-Porterville, CA 1",36.498835,-118.824821,government,AQS,SPECIES_USA-LosAngeles-0001_,,,,US,Sequoia National Park,,,,,,,,,,,,,MAIA_ANC_SURFACEMONITOR_PM_2.5_SPECIES_USA-LosAngeles_20250107T000000Z_F01_V2026p06p10.nc,-9999.0,0.0015,0.2594
20250107,PM_2.5,Sulfate,1.006,USA-LosAngeles-0001-36.7854N_119.7732W_1801,"Fresno, CA 1",36.78538,-119.77321,government,AQS,SPECIES_USA-LosAngeles-0001_,,,,US,Fresno,,,,,,,,,,,,,MAIA_ANC_SURFACEMONITOR_PM_2.5_SPECIES_USA-LosAngeles_20250107T000000Z_F01_V2026p06p10.nc,-9999.0,0.0043,0.8006
20250107,PM_2.5,Sulfate,1.07,USA-LosAngeles-0001-36.7854N_119.7732W_1805,"Fresno, CA 5",36.78538,-119.77321,government,AQS,SPECIES_USA-LosAngeles-0001_,,,,US,Fresno,,,,,,,,,,,,,MAIA_ANC_SURFACEMONITOR_PM_2.5_SPECIES_USA-LosAngeles_20250107T000000Z_F01_V2026p06p10.nc,-9999.0,0.0045,0.8318
20250107,PM_2.5,Sulfate,0.361,USA-LosAngeles-0001-37.3607N_118.3308W_1801,"Bishop, CA 1",37.360684,-118.330783,government,AQS,SPECIES_USA-LosAngeles-0001_,,,,US,Not in a City,,,,,,,,,,,,,MAIA_ANC_SURFACEMONITOR_PM_2.5_SPECIES_USA-LosAngeles_20250107T000000Z_F01_V2026p06p10.nc,-9999.0,0.0009,0.1702
20250107,PM_2.5,Sulfate,0.111,USA-LosAngeles-0001-37.7133N_119.7062W_1801, 1,37.71325,-119.7062,government,AQS,SPECIES_USA-LosAngeles-0001_,,,,US,Not in a City,,,,,,,,,,,,,MAIA_ANC_SURFACEMONITOR_PM_2.5_SPECIES_USA-LosAngeles_20250107T000000Z_F01_V2026p06p10.nc,-9999.0,0.0005,0.0919
20250108,PM_2.5,Black_Carbon,0.0,USA-LosAngeles-0001-34.1994N_118.1732W_0800,AethLabs JPL,34.19941255,-118.1732079,research,aethalometer,SPECIES_USA-LosAngeles-0001_,,,,US,Pasadena,0.0028,900.0,0.0,0.0,0.0,720.0,0.0,0.0,898.0,900.0,0.0,2.0,MAIA_ANC_SURFACEMONITOR_PM_2.5_SPECIES_USA-LosAngeles_20250108T000000Z_F01_V2026p06p10.nc,,,
20250108,PM_2.5,Dust,5.7975,USA-LosAngeles-0001-34.0666N_118.2269W_1805,"Los Angeles-Long Beach-Anaheim, CA 5",34.06659,-118.22688,government,AQS,SPECIES_USA-LosAngeles-0001_,,,,US,Los Angeles,,,,,,,,,,,,,MAIA_ANC_SURFACEMONITOR_PM_2.5_SPECIES_USA-LosAngeles_20250108T000000Z_F01_V2026p06p10.nc,0.0,0.6212163636363637,0.27106348006166475
20250108,PM_2.5,Elemental_Carbon,8.015,USA-LosAngeles-0001-34.0666N_118.2269W_1805,"Los Angeles-Long Beach-Anaheim, CA 5",34.06659,-118.22688,government,AQS,SPECIES_USA-LosAngeles-0001_,,,,US,Los Angeles,,,,,,,,,,,,,MAIA_ANC_SURFACEMONITOR_PM_2.5_SPECIES_USA-LosAngeles_20250108T000000Z_F01_V2026p06p10.nc,-9999.0,0.0042,1.1453
20250108,PM_2.5,Nitrate,2.23,USA-LosAngeles-0001-34.0666N_118.2269W_1805,"Los Angeles-Long Beach-Anaheim, CA 5",34.06659,-118.22688,government,AQS,SPECIES_USA-LosAngeles-0001_,,,,US,Los Angeles,,,,,,,,,,,,,MAIA_ANC_SURFACEMONITOR_PM_2.5_SPECIES_USA-LosAngeles_20250108T000000Z_F01_V2026p06p10.nc,-9999.0,0.0196,4.1381
20250108,PM_2.5,Organic_Carbon,39.388,USA-LosAngeles-0001-34.0666N_118.2269W_1805,"Los Angeles-Long Beach-Anaheim, CA 5",34.06659,-118.22688,government,AQS,SPECIES_USA-LosAngeles-0001_,,,,US,Los Angeles,,,,,,,,,,,,,MAIA_ANC_SURFACEMONITOR_PM_2.5_SPECIES_USA-LosAngeles_20250108T000000Z_F01_V2026p06p10.nc,-9999.0,0.0102,2.7164
20250108,PM_2.5,Sulfate,2.01,USA-LosAngeles-0001-34.0666N_118.2269W_1805,"Los Angeles-Long Beach-Anaheim, CA 5",34.06659,-118.22688,government,AQS,SPECIES_USA-LosAngeles-0001_,,,,US,Los Angeles,,,,,,,,,,,,,MAIA_ANC_SURFACEMONITOR_PM_2.5_SPECIES_USA-LosAngeles_20250108T000000Z_F01_V2026p06p10.nc,-9999.0,0.0032,0.5912
20250109,PM_2.5,Black_Carbon,0.0,USA-LosAngeles-0001-34.1994N_118.1732W_0800,AethLabs JPL,34.19941255,-118.1732079,research,aethalometer,SPECIES_USA-LosAngeles-0001_,,,,US,Pasadena,0.0028,900.0,0.0,0.0,0.0,720.0,0.0,0.0,898.0,900.0,0.0,2.0,MAIA_ANC_SURFACEMONITOR_PM_2.5_SPECIES_USA-LosAngeles_20250109T000000Z_F01_V2026p06p10.nc,,,
20250110,PM_2.5,Black_Carbon,0.0,USA-LosAngeles-0001-34.1994N_118.1732W_0800,AethLabs JPL,34.19941255,-118.1732079,research,aethalometer,SPECIES_USA-LosAngeles-0001_,,,,US,Pasadena,0.0028,900.0,0.0,0.0,0.0,720.0,0.0,0.0,898.0,900.0,0.0,2.0,MAIA_ANC_SURFACEMONITOR_PM_2.5_SPECIES_USA-LosAngeles_20250110T000000Z_F01_V2026p06p10.nc,,,
20250110,PM_2.5,Dust,0.6139,USA-LosAngeles-0001-33.4636N_116.9715W_1801,"Riverside-San Bernardino-Ontario, CA 1",33.463644,-116.971457,government,AQS,SPECIES_USA-LosAngeles-0001_,,,,US,Not in a City,,,,,,,,,,,,,MAIA_ANC_SURFACEMONITOR_PM_2.5_SPECIES_USA-LosAngeles_20250110T000000Z_F01_V2026p06p10.nc,0.0,0.18405625,0.09451991799847005
20250110,PM_2.5,Dust,1.1141,USA-LosAngeles-0001-33.9996N_117.4160W_1805,"Riverside-San Bernardino-Ontario, CA 5",33.99958,-117.41601,government,AQS,SPECIES_USA-LosAngeles-0001_,,,,US,Rubidoux,,,,,,,,,,,,,MAIA_ANC_SURFACEMONITOR_PM_2.5_SPECIES_USA-LosAngeles_20250110T000000Z_F01_V2026p06p10.nc,1.0,0.8934112500000001,0.545894125390572
20250110,PM_2.5,Dust,2.5744,USA-LosAngeles-0001-34.0666N_118.2269W_1805,"Los Angeles-Long Beach-Anaheim, CA 5",34.06659,-118.22688,government,AQS,SPECIES_USA-LosAngeles-0001_,,,,US,Los Angeles,,,,,,,,,,,,,MAIA_ANC_SURFACEMONITOR_PM_2.5_SPECIES_USA-LosAngeles_20250110T000000Z_F01_V2026p06p10.nc,0.0,0.6212163636363637,0.27106348006166475
20250110,PM_2.5,Dust,0.3907,USA-LosAngeles-0001-34.8219N_118.8876W_1801,"Bakersfield, CA 1",34.821922,-118.887598,government,AQS,SPECIES_USA-LosAngeles-0001_,,,,US,Lebec,,,,,,,,,,,,,MAIA_ANC_SURFACEMONITOR_PM_2.5_SPECIES_USA-LosAngeles_20250110T000000Z_F01_V2026p06p10.nc,0.0,0.09587454545454546,0.07779236575813808
20250110,PM_2.5,Dust,1.3649,USA-LosAngeles-0001-35.3566N_119.0626W_1805,"Bakersfield, CA 5",35.356615,-119.062613,government,AQS,SPECIES_USA-LosAngeles-0001_,,,,US,Bakersfield,,,,,,,,,,,,,MAIA_ANC_SURFACEMONITOR_PM_2.5_SPECIES_USA-LosAngeles_20250110T000000Z_F01_V2026p06p10.nc,0.0,0.426276,0.21017801708075942
20250110,PM_2.5,Dust,0.2786,USA-LosAngeles-0001-36.4988N_118.8248W_1801,"Visalia-Porterville, CA 1",36.498835,-118.824821,government,AQS,SPECIES_USA-LosAngeles-0001_,,,,US,Sequoia National Park,,,,,,,,,,,,,MAIA_ANC_SURFACEMONITOR_PM_2.5_SPECIES_USA-LosAngeles_20250110T000000Z_F01_V2026p06p10.nc,0.0,0.06566454545454546,0.032651107836874485
20250110,PM_2.5,Dust,1.1264,USA-LosAngeles-0001-36.7854N_119.7732W_1801,"Fresno, CA 1",36.78538,-119.77321,government,AQS,SPECIES_USA-LosAngeles-0001_,,,,US,Fresno,,,,,,,,,,,,,MAIA_ANC_SURFACEMONITOR_PM_2.5_SPECIES_USA-LosAngeles_20250110T000000Z_F01_V2026p06p10.nc,0.0,0.37174545454545455,0.154331419081477
20250110,PM_2.5,Dust,0.8689,USA-LosAngeles-0001-36.7854N_119.7732W_1805,"Fresno, CA 5",36.78538,-119.77321,government,AQS,SPECIES_USA-LosAngeles-0001_,,,,US,Fresno,,,,,,,,,,,,,MAIA_ANC_SURFACEMONITOR_PM_2.5_SPECIES_USA-LosAngeles_20250110T000000Z_F01_V2026p06p10.nc,0.0,0.2370081818181818,0.11422267135398152
20250110,PM_2.5,Dust,0.8952,USA-LosAngeles-0001-37.3607N_118.3308W_1801,"Bishop, CA 1",37.360684,-118.330783,government,AQS,SPECIES_USA-LosAngeles-0001_,,,,US,Not in a City,,,,,,,,,,,,,MAIA_ANC_SURFACEMONITOR_PM_2.5_SPECIES_USA-LosAngeles_20250110T000000Z_F01_V2026p06p10.nc,1.0,0.339499090909091,0.3459530004982166
20250110,PM_2.5,Dust,0.4397,USA-LosAngeles-0001-37.7133N_119.7062W_1801, 1,37.71325,-119.7062,government,AQS,SPECIES_USA-LosAngeles-0001_,,,,US,Not in a City,,,,,,,,,,,,,MAIA_ANC_SURFACEMONITOR_PM_2.5_SPECIES_USA-LosAngeles_20250110T000000Z_F01_V2026p06p10.nc,0.0,0.03261272727272728,0.03150998055188491
20250110,PM_2.5,Dust,0.4141,USA-LosAngeles-0001-37.7133N_119.7062W_1802, 2,37.71325,-119.7062,government,AQS,SPECIES_USA-LosAngeles-0001_,,,,US,Not in a City,,,,,,,,,,,,,MAIA_ANC_SURFACEMONITOR_PM_2.5_SPECIES_USA-LosAngeles_20250110T000000Z_F01_V2026p06p10.nc,-9999.0,-9999.0,-9999.0
20250110,PM_2.5,Elemental_Carbon,0.09,USA-LosAngeles-0001-33.4636N_116.9715W_1801,"Riverside-San Bernardino-Ontario, CA 1",33.463644,-116.971457,government,AQS,SPECIES_USA-LosAngeles-0001_,,,,US,Not in a City,,,,,,,,,,,,,MAIA_ANC_SURFACEMONITOR_PM_2.5_SPECIES_USA-LosAngeles_20250110T000000Z_F01_V2026p06p10.nc,-9999.0,0.0009,0.1967
20250110,PM_2.5,Elemental_Carbon,1.074,USA-LosAngeles-0001-33.9996N_117.4160W_1805,"Riverside-San Bernardino-Ontario, CA 5",33.99958,-117.41601,government,AQS,SPECIES_USA-LosAngeles-0001_,,,,US,Rubidoux,,,,,,,,,,,,,MAIA_ANC_SURFACEMONITOR_PM_2.5_SPECIES_USA-LosAngeles_20250110T000000Z_F01_V2026p06p10.nc,-9999.0,0.01,1.8023
20250110,PM_2.5,Elemental_Carbon,3.334,USA-LosAngeles-0001-34.0666N_118.2269W_1805,"Los Angeles-Long Beach-Anaheim, CA 5",34.06659,-118.22688,government,AQS,SPECIES_USA-LosAngeles-0001_,,,,US,Los Angeles,,,,,,,,,,,,,MAIA_ANC_SURFACEMONITOR_PM_2.5_SPECIES_USA-LosAngeles_20250110T000000Z_F01_V2026p06p10.nc,-9999.0,0.0042,1.1453
20250110,PM_2.5,Elemental_Carbon,0.04,USA-LosAngeles-0001-34.8219N_118.8876W_1801,"Bakersfield, CA 1",34.821922,-118.887598,government,AQS,SPECIES_USA-LosAngeles-0001_,,,,US,Lebec,,,,,,,,,,,,,MAIA_ANC_SURFACEMONITOR_PM_2.5_SPECIES_USA-LosAngeles_20250110T000000Z_F01_V2026p06p10.nc,-9999.0,0.0005,0.0901
20250110,PM_2.5,Elemental_Carbon,1.445,USA-LosAngeles-0001-35.3566N_119.0626W_1805,"Bakersfield, CA 5",35.356615,-119.062613,government,AQS,SPECIES_USA-LosAngeles-0001_,,,,US,Bakersfield,,,,,,,,,,,,,MAIA_ANC_SURFACEMONITOR_PM_2.5_SPECIES_USA-LosAngeles_20250110T000000Z_F01_V2026p06p10.nc,-9999.0,0.007,1.4456
20250110,PM_2.5,Elemental_Carbon,0.09,USA-LosAngeles-0001-36.4988N_118.8248W_1801,"Visalia-Porterville, CA 1",36.498835,-118.824821,government,AQS,SPECIES_USA-LosAngeles-0001_,,,,US,Sequoia National Park,,,,,,,,,,,,,MAIA_ANC_SURFACEMONITOR_PM_2.5_SPECIES_USA-LosAngeles_20250110T000000Z_F01_V2026p06p10.nc,-9999.0,0.0009,0.1446
20250110,PM_2.5,Elemental_Carbon,1.29,USA-LosAngeles-0001-36.7854N_119.7732W_1801,"Fresno, CA 1",36.78538,-119.77321,government,AQS,SPECIES_USA-LosAngeles-0001_,,,,US,Fresno,,,,,,,,,,,,,MAIA_ANC_SURFACEMONITOR_PM_2.5_SPECIES_USA-LosAngeles_20250110T000000Z_F01_V2026p06p10.nc,-9999.0,0.0058,1.0029
20250110,PM_2.5,Elemental_Carbon,1.607,USA-LosAngeles-0001-36.7854N_119.7732W_1805,"Fresno, CA 5",36.78538,-119.77321,government,AQS,SPECIES_USA-LosAngeles-0001_,,,,US,Fresno,,,,,,,,,,,,,MAIA_ANC_SURFACEMONITOR_PM_2.5_SPECIES_USA-LosAngeles_20250110T000000Z_F01_V2026p06p10.nc,-9999.0,0.0071,1.2484
20250110,PM_2.5,Elemental_Carbon,0.07,USA-LosAngeles-0001-37.3607N_118.3308W_1801,"Bishop, CA 1",37.360684,-118.330783,government,AQS,SPECIES_USA-LosAngeles-0001_,,,,US,Not in a City,,,,,,,,,,,,,MAIA_ANC_SURFACEMONITOR_PM_2.5_SPECIES_USA-LosAngeles_20250110T000000Z_F01_V2026p06p10.nc,-9999.0,0.0006,0.1049
20250110,PM_2.5,Elemental_Carbon,0.03,USA-LosAngeles-0001-37.7133N_119.7062W_1801, 1,37.71325,-119.7062,government,AQS,SPECIES_USA-LosAngeles-0001_,,,,US,Not in a City,,,,,,,,,,,,,MAIA_ANC_SURFACEMONITOR_PM_2.5_SPECIES_USA-LosAngeles_20250110T000000Z_F01_V2026p06p10.nc,-9999.0,0.0003,0.0479
20250110,PM_2.5,Nitrate,0.059,USA-LosAngeles-0001-33.4636N_116.9715W_1801,"Riverside-San Bernardino-Ontario, CA 1",33.463644,-116.971457,government,AQS,SPECIES_USA-LosAngeles-0001_,,,,US,Not in a City,,,,,,,,,,,,,MAIA_ANC_SURFACEMONITOR_PM_2.5_SPECIES_USA-LosAngeles_20250110T000000Z_F01_V2026p06p10.nc,-9999.0,0.0014,0.3501
20250110,PM_2.5,Nitrate,1.37,USA-LosAngeles-0001-33.9996N_117.4160W_1805,"Riverside-San Bernardino-Ontario, CA 5",33.99958,-117.41601,government,AQS,SPECIES_USA-LosAngeles-0001_,,,,US,Rubidoux,,,,,,,,,,,,,MAIA_ANC_SURFACEMONITOR_PM_2.5_SPECIES_USA-LosAngeles_20250110T000000Z_F01_V2026p06p10.nc,-9999.0,0.0215,4.695
20250110,PM_2.5,Nitrate,3.27,USA-LosAngeles-0001-34.0666N_118.2269W_1805,"Los Angeles-Long Beach-Anaheim, CA 5",34.06659,-118.22688,government,AQS,SPECIES_USA-LosAngeles-0001_,,,,US,Los Angeles,,,,,,,,,,,,,MAIA_ANC_SURFACEMONITOR_PM_2.5_SPECIES_USA-LosAngeles_20250110T000000Z_F01_V2026p06p10.nc,-9999.0,0.0196,4.1381
20250110,PM_2.5,Nitrate,0.041,USA-LosAngeles-0001-34.8219N_118.8876W_1801,"Bakersfield, CA 1",34.821922,-118.887598,government,AQS,SPECIES_USA-LosAngeles-0001_,,,,US,Lebec,,,,,,,,,,,,,MAIA_ANC_SURFACEMONITOR_PM_2.5_SPECIES_USA-LosAngeles_20250110T000000Z_F01_V2026p06p10.nc,-9999.0,0.0012,0.3776
20250110,PM_2.5,Nitrate,5.68,USA-LosAngeles-0001-35.3566N_119.0626W_1805,"Bakersfield, CA 5",35.356615,-119.062613,government,AQS,SPECIES_USA-LosAngeles-0001_,,,,US,Bakersfield,,,,,,,,,,,,,MAIA_ANC_SURFACEMONITOR_PM_2.5_SPECIES_USA-LosAngeles_20250110T000000Z_F01_V2026p06p10.nc,-9999.0,0.027,5.6187
20250110,PM_2.5,Nitrate,0.066,USA-LosAngeles-0001-36.4988N_118.8248W_1801,"Visalia-Porterville, CA 1",36.498835,-118.824821,government,AQS,SPECIES_USA-LosAngeles-0001_,,,,US,Sequoia National Park,,,,,,,,,,,,,MAIA_ANC_SURFACEMONITOR_PM_2.5_SPECIES_USA-LosAngeles_20250110T000000Z_F01_V2026p06p10.nc,-9999.0,0.0036,0.8348
20250110,PM_2.5,Nitrate,5.025,USA-LosAngeles-0001-36.7854N_119.7732W_1801,"Fresno, CA 1",36.78538,-119.77321,government,AQS,SPECIES_USA-LosAngeles-0001_,,,,US,Fresno,,,,,,,,,,,,,MAIA_ANC_SURFACEMONITOR_PM_2.5_SPECIES_USA-LosAngeles_20250110T000000Z_F01_V2026p06p10.nc,-9999.0,0.0217,4.2647
20250110,PM_2.5,Nitrate,5.6,USA-LosAngeles-0001-36.7854N_119.7732W_1805,"Fresno, CA 5",36.78538,-119.77321,government,AQS,SPECIES_USA-LosAngeles-0001_,,,,US,Fresno,,,,,,,,,,,,,MAIA_ANC_SURFACEMONITOR_PM_2.5_SPECIES_USA-LosAngeles_20250110T000000Z_F01_V2026p06p10.nc,-9999.0,0.0212,4.1249
20250110,PM_2.5,Nitrate,0.015,USA-LosAngeles-0001-37.3607N_118.3308W_1801,"Bishop, CA 1",37.360684,-118.330783,government,AQS,SPECIES_USA-LosAngeles-0001_,,,,US,Not in a City,,,,,,,,,,,,,MAIA_ANC_SURFACEMONITOR_PM_2.5_SPECIES_USA-LosAngeles_20250110T000000Z_F01_V2026p06p10.nc,-9999.0,0.0004,0.0856
20250110,PM_2.5,Nitrate,0.045,USA-LosAngeles-0001-37.7133N_119.7062W_1801, 1,37.71325,-119.7062,government,AQS,SPECIES_USA-LosAngeles-0001_,,,,US,Not in a City,,,,,,,,,,,,,MAIA_ANC_SURFACEMONITOR_PM_2.5_SPECIES_USA-LosAngeles_20250110T000000Z_F01_V2026p06p10.nc,-9999.0,0.0003,0.0812
20250110,PM_2.5,Organic_Carbon,0.29,USA-LosAngeles-0001-33.4636N_116.9715W_1801,"Riverside-San Bernardino-Ontario, CA 1",33.463644,-116.971457,government,AQS,SPECIES_USA-LosAngeles-0001_,,,,US,Not in a City,,,,,,,,,,,,,MAIA_ANC_SURFACEMONITOR_PM_2.5_SPECIES_USA-LosAngeles_20250110T000000Z_F01_V2026p06p10.nc,-9999.0,0.0029,0.6628
20250110,PM_2.5,Organic_Carbon,3.666,USA-LosAngeles-0001-33.9996N_117.4160W_1805,"Riverside-San Bernardino-Ontario, CA 5",33.99958,-117.41601,government,AQS,SPECIES_USA-LosAngeles-0001_,,,,US,Rubidoux,,,,,,,,,,,,,MAIA_ANC_SURFACEMONITOR_PM_2.5_SPECIES_USA-LosAngeles_20250110T000000Z_F01_V2026p06p10.nc,-9999.0,0.0201,3.3989
20250110,PM_2.5,Organic_Carbon,9.633,USA-LosAngeles-0001-34.0666N_118.2269W_1805,"Los Angeles-Long Beach-Anaheim, CA 5",34.06659,-118.22688,government,AQS,SPECIES_USA-LosAngeles-0001_,,,,US,Los Angeles,,,,,,,,,,,,,MAIA_ANC_SURFACEMONITOR_PM_2.5_SPECIES_USA-LosAngeles_20250110T000000Z_F01_V2026p06p10.nc,-9999.0,0.0102,2.7164
20250110,PM_2.5,Organic_Carbon,0.29,USA-LosAngeles-0001-34.8219N_118.8876W_1801,"Bakersfield, CA 1",34.821922,-118.887598,government,AQS,SPECIES_USA-LosAngeles-0001_,,,,US,Lebec,,,,,,,,,,,,,MAIA_ANC_SURFACEMONITOR_PM_2.5_SPECIES_USA-LosAngeles_20250110T000000Z_F01_V2026p06p10.nc,-9999.0,0.003,0.51
20250110,PM_2.5,Organic_Carbon,5.089,USA-LosAngeles-0001-35.3566N_119.0626W_1805,"Bakersfield, CA 5",35.356615,-119.062613,government,AQS,SPECIES_USA-LosAngeles-0001_,,,,US,Bakersfield,,,,,,,,,,,,,MAIA_ANC_SURFACEMONITOR_PM_2.5_SPECIES_USA-LosAngeles_20250110T000000Z_F01_V2026p06p10.nc,-9999.0,0.0196,3.7205
20250110,PM_2.5,Organic_Carbon,0.35,USA-LosAngeles-0001-36.4988N_118.8248W_1801,"Visalia-Porterville, CA 1",36.498835,-118.824821,government,AQS,SPECIES_USA-LosAngeles-0001_,,,,US,Sequoia National Park,,,,,,,,,,,,,MAIA_ANC_SURFACEMONITOR_PM_2.5_SPECIES_USA-LosAngeles_20250110T000000Z_F01_V2026p06p10.nc,-9999.0,0.0049,0.7814
20250110,PM_2.5,Organic_Carbon,4.93,USA-LosAngeles-0001-36.7854N_119.7732W_1801,"Fresno, CA 1",36.78538,-119.77321,government,AQS,SPECIES_USA-LosAngeles-0001_,,,,US,Fresno,,,,,,,,,,,,,MAIA_ANC_SURFACEMONITOR_PM_2.5_SPECIES_USA-LosAngeles_20250110T000000Z_F01_V2026p06p10.nc,-9999.0,0.0206,3.6491
20250110,PM_2.5,Organic_Carbon,5.274,USA-LosAngeles-0001-36.7854N_119.7732W_1805,"Fresno, CA 5",36.78538,-119.77321,government,AQS,SPECIES_USA-LosAngeles-0001_,,,,US,Fresno,,,,,,,,,,,,,MAIA_ANC_SURFACEMONITOR_PM_2.5_SPECIES_USA-LosAngeles_20250110T000000Z_F01_V2026p06p10.nc,-9999.0,0.0241,4.1545
20250110,PM_2.5,Organic_Carbon,0.14,USA-LosAngeles-0001-37.3607N_118.3308W_1801,"Bishop, CA 1",37.360684,-118.330783,government,AQS,SPECIES_USA-LosAngeles-0001_,,,,US,Not in a City,,,,,,,,,,,,,MAIA_ANC_SURFACEMONITOR_PM_2.5_SPECIES_USA-LosAngeles_20250110T000000Z_F01_V2026p06p10.nc,-9999.0,0.0024,0.3902
20250110,PM_2.5,Organic_Carbon,0.41,USA-LosAngeles-0001-37.7133N_119.7062W_1801, 1,37.71325,-119.7062,government,AQS,SPECIES_USA-LosAngeles-0001_,,,,US,Not in a City,,,,,,,,,,,,,MAIA_ANC_SURFACEMONITOR_PM_2.5_SPECIES_USA-LosAngeles_20250110T000000Z_F01_V2026p06p10.nc,-9999.0,0.0016,0.3008
20250110,PM_2.5,Sulfate,0.09,USA-LosAngeles-0001-33.4636N_116.9715W_1801,"Riverside-San Bernardino-Ontario, CA 1",33.463644,-116.971457,government,AQS,SPECIES_USA-LosAngeles-0001_,,,,US,Not in a City,,,,,,,,,,,,,MAIA_ANC_SURFACEMONITOR_PM_2.5_SPECIES_USA-LosAngeles_20250110T000000Z_F01_V2026p06p10.nc,-9999.0,0.001,0.231
20250110,PM_2.5,Sulfate,0.24,USA-LosAngeles-0001-33.9996N_117.4160W_1805,"Riverside-San Bernardino-Ontario, CA 5",33.99958,-117.41601,government,AQS,SPECIES_USA-LosAngeles-0001_,,,,US,Rubidoux,,,,,,,,,,,,,MAIA_ANC_SURFACEMONITOR_PM_2.5_SPECIES_USA-LosAngeles_20250110T000000Z_F01_V2026p06p10.nc,-9999.0,0.0027,0.4881
20250110,PM_2.5,Sulfate,0.8,USA-LosAngeles-0001-34.0666N_118.2269W_1805,"Los Angeles-Long Beach-Anaheim, CA 5",34.06659,-118.22688,government,AQS,SPECIES_USA-LosAngeles-0001_,,,,US,Los Angeles,,,,,,,,,,,,,MAIA_ANC_SURFACEMONITOR_PM_2.5_SPECIES_USA-LosAngeles_20250110T000000Z_F01_V2026p06p10.nc,-9999.0,0.0032,0.5912
20250110,PM_2.5,Sulfate,0.103,USA-LosAngeles-0001-34.8219N_118.8876W_1801,"Bakersfield, CA 1",34.821922,-118.887598,government,AQS,SPECIES_USA-LosAngeles-0001_,,,,US,Lebec,,,,,,,,,,,,,MAIA_ANC_SURFACEMONITOR_PM_2.5_SPECIES_USA-LosAngeles_20250110T000000Z_F01_V2026p06p10.nc,-9999.0,0.001,0.1725
20250110,PM_2.5,Sulfate,0.79,USA-LosAngeles-0001-35.3566N_119.0626W_1805,"Bakersfield, CA 5",35.356615,-119.062613,government,AQS,SPECIES_USA-LosAngeles-0001_,,,,US,Bakersfield,,,,,,,,,,,,,MAIA_ANC_SURFACEMONITOR_PM_2.5_SPECIES_USA-LosAngeles_20250110T000000Z_F01_V2026p06p10.nc,-9999.0,0.0057,1.2076
20250110,PM_2.5,Sulfate,0.136,USA-LosAngeles-0001-36.4988N_118.8248W_1801,"Visalia-Porterville, CA 1",36.498835,-118.824821,government,AQS,SPECIES_USA-LosAngeles-0001_,,,,US,Sequoia National Park,,,,,,,,,,,,,MAIA_ANC_SURFACEMONITOR_PM_2.5_SPECIES_USA-LosAngeles_20250110T000000Z_F01_V2026p06p10.nc,-9999.0,0.0015,0.2594
20250110,PM_2.5,Sulfate,0.775,USA-LosAngeles-0001-36.7854N_119.7732W_1801,"Fresno, CA 1",36.78538,-119.77321,government,AQS,SPECIES_USA-LosAngeles-0001_,,,,US,Fresno,,,,,,,,,,,,,MAIA_ANC_SURFACEMONITOR_PM_2.5_SPECIES_USA-LosAngeles_20250110T000000Z_F01_V2026p06p10.nc,-9999.0,0.0043,0.8006
20250110,PM_2.5,Sulfate,0.87,USA-LosAngeles-0001-36.7854N_119.7732W_1805,"Fresno, CA 5",36.78538,-119.77321,government,AQS,SPECIES_USA-LosAngeles-0001_,,,,US,Fresno,,,,,,,,,,,,,MAIA_ANC_SURFACEMONITOR_PM_2.5_SPECIES_USA-LosAngeles_20250110T000000Z_F01_V2026p06p10.nc,-9999.0,0.0045,0.8318
20250110,PM_2.5,Sulfate,0.094,USA-LosAngeles-0001-37.3607N_118.3308W_1801,"Bishop, CA 1",37.360684,-118.330783,government,AQS,SPECIES_USA-LosAngeles-0001_,,,,US,Not in a City,,,,,,,,,,,,,MAIA_ANC_SURFACEMONITOR_PM_2.5_SPECIES_USA-LosAngeles_20250110T000000Z_F01_V2026p06p10.nc,-9999.0,0.0009,0.1702
20250110,PM_2.5,Sulfate,0.095,USA-LosAngeles-0001-37.7133N_119.7062W_1801, 1,37.71325,-119.7062,government,AQS,SPECIES_USA-LosAngeles-0001_,,,,US,Not in a City,,,,,,,,,,,,,MAIA_ANC_SURFACEMONITOR_PM_2.5_SPECIES_USA-LosAngeles_20250110T000000Z_F01_V2026p06p10.nc,-9999.0,0.0005,0.0919
20250111,PM_2.5,Black_Carbon,0.0,USA-LosAngeles-0001-34.1994N_118.1732W_0800,AethLabs JPL,34.19941255,-118.1732079,research,aethalometer,SPECIES_USA-LosAngeles-0001_,,,,US,Pasadena,0.0028,900.0,0.0,0.0,0.0,720.0,0.0,0.0,898.0,900.0,0.0,2.0,MAIA_ANC_SURFACEMONITOR_PM_2.5_SPECIES_USA-LosAngeles_20250111T000000Z_F01_V2026p06p10.nc,,,
20250112,PM_2.5,Black_Carbon,0.0,USA-LosAngeles-0001-34.1994N_118.1732W_0800,AethLabs JPL,34.19941255,-118.1732079,research,aethalometer,SPECIES_USA-LosAngeles-0001_,,,,US,Pasadena,0.0028,900.0,0.0,0.0,0.0,720.0,0.0,0.0,898.0,900.0,0.0,2.0,MAIA_ANC_SURFACEMONITOR_PM_2.5_SPECIES_USA-LosAngeles_20250112T000000Z_F01_V2026p06p10.nc,,,
20250113,PM_2.5,Black_Carbon,0.0,USA-LosAngeles-0001-34.1994N_118.1732W_0800,AethLabs JPL,34.19941255,-118.1732079,research,aethalometer,SPECIES_USA-LosAngeles-0001_,,,,US,Pasadena,0.0028,900.0,0.0,0.0,0.0,720.0,0.0,0.0,898.0,900.0,0.0,2.0,MAIA_ANC_SURFACEMONITOR_PM_2.5_SPECIES_USA-LosAngeles_20250113T000000Z_F01_V2026p06p10.nc,,,
20250113,PM_2.5,Dust,0.2531,USA-LosAngeles-0001-33.4636N_116.9715W_1801,"Riverside-San Bernardino-Ontario, CA 1",33.463644,-116.971457,government,AQS,SPECIES_USA-LosAngeles-0001_,,,,US,Not in a City,,,,,,,,,,,,,MAIA_ANC_SURFACEMONITOR_PM_2.5_SPECIES_USA-LosAngeles_20250113T000000Z_F01_V2026p06p10.nc,1.0,0.18405625,0.09451991799847005
20250113,PM_2.5,Dust,1.3188,USA-LosAngeles-0001-33.8306N_117.9385W_1811,"Los Angeles-Long Beach-Anaheim, CA 11",33.83062,-117.93845,government,AQS,SPECIES_USA-LosAngeles-0001_,,,,US,Anaheim,,,,,,,,,,,,,MAIA_ANC_SURFACEMONITOR_PM_2.5_SPECIES_USA-LosAngeles_20250113T000000Z_F01_V2026p06p10.nc,-9999.0,-9999.0,-9999.0
20250113,PM_2.5,Dust,0.552,USA-LosAngeles-0001-33.9996N_117.4160W_1805,"Riverside-San Bernardino-Ontario, CA 5",33.99958,-117.41601,government,AQS,SPECIES_USA-LosAngeles-0001_,,,,US,Rubidoux,,,,,,,,,,,,,MAIA_ANC_SURFACEMONITOR_PM_2.5_SPECIES_USA-LosAngeles_20250113T000000Z_F01_V2026p06p10.nc,1.0,0.8934112500000001,0.545894125390572
20250113,PM_2.5,Dust,0.6142,USA-LosAngeles-0001-33.9996N_117.4160W_1806,"Riverside-San Bernardino-Ontario, CA 6",33.99958,-117.41601,government,AQS,SPECIES_USA-LosAngeles-0001_,,,,US,Rubidoux,,,,,,,,,,,,,MAIA_ANC_SURFACEMONITOR_PM_2.5_SPECIES_USA-LosAngeles_20250113T000000Z_F01_V2026p06p10.nc,1.0,0.622944,0.3839806103229694
20250113,PM_2.5,Dust,0.9064,USA-LosAngeles-0001-33.9996N_117.4160W_1811,"Riverside-San Bernardino-Ontario, CA 11",33.99958,-117.41601,government,AQS,SPECIES_USA-LosAngeles-0001_,,,,US,Rubidoux,,,,,,,,,,,,,MAIA_ANC_SURFACEMONITOR_PM_2.5_SPECIES_USA-LosAngeles_20250113T000000Z_F01_V2026p06p10.nc,-9999.0,-9999.0,-9999.0
20250113,PM_2.5,Dust,1.6871,USA-LosAngeles-0001-34.0666N_118.2269W_1805,"Los Angeles-Long Beach-Anaheim, CA 5",34.06659,-118.22688,government,AQS,SPECIES_USA-LosAngeles-0001_,,,,US,Los Angeles,,,,,,,,,,,,,MAIA_ANC_SURFACEMONITOR_PM_2.5_SPECIES_USA-LosAngeles_20250113T000000Z_F01_V2026p06p10.nc,0.0,0.6212163636363637,0.27106348006166475
20250113,PM_2.5,Dust,2.2363,USA-LosAngeles-0001-34.0666N_118.2269W_1811,"Los Angeles-Long Beach-Anaheim, CA 11",34.06659,-118.22688,government,AQS,SPECIES_USA-LosAngeles-0001_,,,,US,Los Angeles,,,,,,,,,,,,,MAIA_ANC_SURFACEMONITOR_PM_2.5_SPECIES_USA-LosAngeles_20250113T000000Z_F01_V2026p06p10.nc,-9999.0,-9999.0,-9999.0
20250113,PM_2.5,Dust,2.3047,USA-LosAngeles-0001-34.0666N_118.2269W_1812,"Los Angeles-Long Beach-Anaheim, CA 12",34.06659,-118.22688,government,AQS,SPECIES_USA-LosAngeles-0001_,,,,US,Los Angeles,,,,,,,,,,,,,MAIA_ANC_SURFACEMONITOR_PM_2.5_SPECIES_USA-LosAngeles_20250113T000000Z_F01_V2026p06p10.nc,-9999.0,-9999.0,-9999.0
20250113,PM_2.5,Dust,5.0801,USA-LosAngeles-0001-34.1000N_117.4920W_1811,"Riverside-San Bernardino-Ontario, CA 11",34.10002,-117.49201,government,AQS,SPECIES_USA-LosAngeles-0001_,,,,US,Fontana,,,,,,,,,,,,,MAIA_ANC_SURFACEMONITOR_PM_2.5_SPECIES_USA-LosAngeles_20250113T000000Z_F01_V2026p06p10.nc,-9999.0,-9999.0,-9999.0
20250113,PM_2.5,Dust,0.2168,USA-LosAngeles-0001-34.8219N_118.8876W_1801,"Bakersfield, CA 1",34.821922,-118.887598,government,AQS,SPECIES_USA-LosAngeles-0001_,,,,US,Lebec,,,,,,,,,,,,,MAIA_ANC_SURFACEMONITOR_PM_2.5_SPECIES_USA-LosAngeles_20250113T000000Z_F01_V2026p06p10.nc,1.0,0.09587454545454546,0.07779236575813808
20250113,PM_2.5,Dust,0.8336,USA-LosAngeles-0001-35.3566N_119.0626W_1805,"Bakersfield, CA 5",35.356615,-119.062613,government,AQS,SPECIES_USA-LosAngeles-0001_,,,,US,Bakersfield,,,,,,,,,,,,,MAIA_ANC_SURFACEMONITOR_PM_2.5_SPECIES_USA-LosAngeles_20250113T000000Z_F01_V2026p06p10.nc,1.0,0.426276,0.21017801708075942
20250113,PM_2.5,Dust,1.0691,USA-LosAngeles-0001-35.3566N_119.0626W_1806,"Bakersfield, CA 6",35.356615,-119.062613,government,AQS,SPECIES_USA-LosAngeles-0001_,,,,US,Bakersfield,,,,,,,,,,,,,MAIA_ANC_SURFACEMONITOR_PM_2.5_SPECIES_USA-LosAngeles_20250113T000000Z_F01_V2026p06p10.nc,1.0,0.47933000000000003,0.34271362885067763
20250113,PM_2.5,Dust,0.8696,USA-LosAngeles-0001-36.3081N_119.3129W_1805,N/A,36.30815,-119.3129,government,AQS,SPECIES_USA-LosAngeles-0001_,,,,US,N/A,,,,,,,,,,,,,MAIA_ANC_SURFACEMONITOR_PM_2.5_SPECIES_USA-LosAngeles_20250113T000000Z_F01_V2026p06p10.nc,0.0,0.4454850000000001,0.13882173493969405
20250113,PM_2.5,Dust,0.1812,USA-LosAngeles-0001-36.4988N_118.8248W_1801,"Visalia-Porterville, CA 1",36.498835,-118.824821,government,AQS,SPECIES_USA-LosAngeles-0001_,,,,US,Sequoia National Park,,,,,,,,,,,,,MAIA_ANC_SURFACEMONITOR_PM_2.5_SPECIES_USA-LosAngeles_20250113T000000Z_F01_V2026p06p10.nc,0.0,0.06566454545454546,0.032651107836874485
20250113,PM_2.5,Dust,0.6936,USA-LosAngeles-0001-36.7854N_119.7732W_1801,"Fresno, CA 1",36.78538,-119.77321,government,AQS,SPECIES_USA-LosAngeles-0001_,,,,US,Fresno,,,,,,,,,,,,,MAIA_ANC_SURFACEMONITOR_PM_2.5_SPECIES_USA-LosAngeles_20250113T000000Z_F01_V2026p06p10.nc,1.0,0.37174545454545455,0.154331419081477
20250113,PM_2.5,Dust,1.3134,USA-LosAngeles-0001-36.7854N_119.7732W_1805,"Fresno, CA 5",36.78538,-119.77321,government,AQS,SPECIES_USA-LosAngeles-0001_,,,,US,Fresno,,,,,,,,,,,,,MAIA_ANC_SURFACEMONITOR_PM_2.5_SPECIES_USA-LosAngeles_20250113T000000Z_F01_V2026p06p10.nc,0.0,0.2370081818181818,0.11422267135398152
20250113,PM_2.5,Dust,0.182,USA-LosAngeles-0001-37.3607N_118.3308W_1801,"Bishop, CA 1",37.360684,-118.330783,government,AQS,SPECIES_USA-LosAngeles-0001_,,,,US,Not in a City,,,,,,,,,,,,,MAIA_ANC_SURFACEMONITOR_PM_2.5_SPECIES_USA-LosAngeles_20250113T000000Z_F01_V2026p06p10.nc,1.0,0.339499090909091,0.3459530004982166
20250113,PM_2.5,Dust,0.1335,USA-LosAngeles-0001-37.7133N_119.7062W_1801, 1,37.71325,-119.7062,government,AQS,SPECIES_USA-LosAngeles-0001_,,,,US,Not in a City,,,,,,,,,,,,,MAIA_ANC_SURFACEMONITOR_PM_2.5_SPECIES_USA-LosAngeles_20250113T000000Z_F01_V2026p06p10.nc,0.0,0.03261272727272728,0.03150998055188491
20250113,PM_2.5,Dust,0.1282,USA-LosAngeles-0001-37.7133N_119.7062W_1802, 2,37.71325,-119.7062,government,AQS,SPECIES_USA-LosAngeles-0001_,,,,US,Not in a City,,,,,,,,,,,,,MAIA_ANC_SURFACEMONITOR_PM_2.5_SPECIES_USA-LosAngeles_20250113T000000Z_F01_V2026p06p10.nc,-9999.0,-9999.0,-9999.0
20250113,PM_2.5,Elemental_Carbon,0.02,USA-LosAngeles-0001-33.4636N_116.9715W_1801,"Riverside-San Bernardino-Ontario, CA 1",33.463644,-116.971457,government,AQS,SPECIES_USA-LosAngeles-0001_,,,,US,Not in a City,,,,,,,,,,,,,MAIA_ANC_SURFACEMONITOR_PM_2.5_SPECIES_USA-LosAngeles_20250113T000000Z_F01_V2026p06p10.nc,-9999.0,0.0009,0.1967
20250113,PM_2.5,Elemental_Carbon,0.065,USA-LosAngeles-0001-33.9996N_117.4160W_1805,"Riverside-San Bernardino-Ontario, CA 5",33.99958,-117.41601,government,AQS,SPECIES_USA-LosAngeles-0001_,,,,US,Rubidoux,,,,,,,,,,,,,MAIA_ANC_SURFACEMONITOR_PM_2.5_SPECIES_USA-LosAngeles_20250113T000000Z_F01_V2026p06p10.nc,-9999.0,0.01,1.8023
20250113,PM_2.5,Elemental_Carbon,0.182,USA-LosAngeles-0001-33.9996N_117.4160W_1806,"Riverside-San Bernardino-Ontario, CA 6",33.99958,-117.41601,government,AQS,SPECIES_USA-LosAngeles-0001_,,,,US,Rubidoux,,,,,,,,,,,,,MAIA_ANC_SURFACEMONITOR_PM_2.5_SPECIES_USA-LosAngeles_20250113T000000Z_F01_V2026p06p10.nc,-9999.0,0.0066,2.1983
20250113,PM_2.5,Elemental_Carbon,1.542,USA-LosAngeles-0001-34.0666N_118.2269W_1805,"Los Angeles-Long Beach-Anaheim, CA 5",34.06659,-118.22688,government,AQS,SPECIES_USA-LosAngeles-0001_,,,,US,Los Angeles,,,,,,,,,,,,,MAIA_ANC_SURFACEMONITOR_PM_2.5_SPECIES_USA-LosAngeles_20250113T000000Z_F01_V2026p06p10.nc,-9999.0,0.0042,1.1453
20250113,PM_2.5,Elemental_Carbon,0.04,USA-LosAngeles-0001-34.8219N_118.8876W_1801,"Bakersfield, CA 1",34.821922,-118.887598,government,AQS,SPECIES_USA-LosAngeles-0001_,,,,US,Lebec,,,,,,,,,,,,,MAIA_ANC_SURFACEMONITOR_PM_2.5_SPECIES_USA-LosAngeles_20250113T000000Z_F01_V2026p06p10.nc,-9999.0,0.0005,0.0901
20250113,PM_2.5,Elemental_Carbon,0.977,USA-LosAngeles-0001-35.3566N_119.0626W_1805,"Bakersfield, CA 5",35.356615,-119.062613,government,AQS,SPECIES_USA-LosAngeles-0001_,,,,US,Bakersfield,,,,,,,,,,,,,MAIA_ANC_SURFACEMONITOR_PM_2.5_SPECIES_USA-LosAngeles_20250113T000000Z_F01_V2026p06p10.nc,-9999.0,0.007,1.4456
20250113,PM_2.5,Elemental_Carbon,0.935,USA-LosAngeles-0001-35.3566N_119.0626W_1806,"Bakersfield, CA 6",35.356615,-119.062613,government,AQS,SPECIES_USA-LosAngeles-0001_,,,,US,Bakersfield,,,,,,,,,,,,,MAIA_ANC_SURFACEMONITOR_PM_2.5_SPECIES_USA-LosAngeles_20250113T000000Z_F01_V2026p06p10.nc,-9999.0,0.0046,1.9558
20250113,PM_2.5,Elemental_Carbon,0.12,USA-LosAngeles-0001-36.4988N_118.8248W_1801,"Visalia-Porterville, CA 1",36.498835,-118.824821,government,AQS,SPECIES_USA-LosAngeles-0001_,,,,US,Sequoia National Park,,,,,,,,,,,,,MAIA_ANC_SURFACEMONITOR_PM_2.5_SPECIES_USA-LosAngeles_20250113T000000Z_F01_V2026p06p10.nc,-9999.0,0.0009,0.1446
20250113,PM_2.5,Elemental_Carbon,1.26,USA-LosAngeles-0001-36.7854N_119.7732W_1801,"Fresno, CA 1",36.78538,-119.77321,government,AQS,SPECIES_USA-LosAngeles-0001_,,,,US,Fresno,,,,,,,,,,,,,MAIA_ANC_SURFACEMONITOR_PM_2.5_SPECIES_USA-LosAngeles_20250113T000000Z_F01_V2026p06p10.nc,-9999.0,0.0058,1.0029
20250113,PM_2.5,Elemental_Carbon,1.586,USA-LosAngeles-0001-36.7854N_119.7732W_1805,"Fresno, CA 5",36.78538,-119.77321,government,AQS,SPECIES_USA-LosAngeles-0001_,,,,US,Fresno,,,,,,,,,,,,,MAIA_ANC_SURFACEMONITOR_PM_2.5_SPECIES_USA-LosAngeles_20250113T000000Z_F01_V2026p06p10.nc,-9999.0,0.0071,1.2484
20250113,PM_2.5,Elemental_Carbon,0.02,USA-LosAngeles-0001-37.3607N_118.3308W_1801,"Bishop, CA 1",37.360684,-118.330783,government,AQS,SPECIES_USA-LosAngeles-0001_,,,,US,Not in a City,,,,,,,,,,,,,MAIA_ANC_SURFACEMONITOR_PM_2.5_SPECIES_USA-LosAngeles_20250113T000000Z_F01_V2026p06p10.nc,-9999.0,0.0006,0.1049
20250113,PM_2.5,Elemental_Carbon,0.07,USA-LosAngeles-0001-37.7133N_119.7062W_1801, 1,37.71325,-119.7062,government,AQS,SPECIES_USA-LosAngeles-0001_,,,,US,Not in a City,,,,,,,,,,,,,MAIA_ANC_SURFACEMONITOR_PM_2.5_SPECIES_USA-LosAngeles_20250113T000000Z_F01_V2026p06p10.nc,-9999.0,0.0003,0.0479
20250113,PM_2.5,Nitrate,0.023,USA-LosAngeles-0001-33.4636N_116.9715W_1801,"Riverside-San Bernardino-Ontario, CA 1",33.463644,-116.971457,government,AQS,SPECIES_USA-LosAngeles-0001_,,,,US,Not in a City,,,,,,,,,,,,,MAIA_ANC_SURFACEMONITOR_PM_2.5_SPECIES_USA-LosAngeles_20250113T000000Z_F01_V2026p06p10.nc,-9999.0,0.0014,0.3501
20250113,PM_2.5,Nitrate,0.22,USA-LosAngeles-0001-33.8306N_117.9385W_1811,"Los Angeles-Long Beach-Anaheim, CA 11",33.83062,-117.93845,government,AQS,SPECIES_USA-LosAngeles-0001_,,,,US,Anaheim,,,,,,,,,,,,,MAIA_ANC_SURFACEMONITOR_PM_2.5_SPECIES_USA-LosAngeles_20250113T000000Z_F01_V2026p06p10.nc,-9999.0,0.0,
20250113,PM_2.5,Nitrate,0.07,USA-LosAngeles-0001-33.9996N_117.4160W_1805,"Riverside-San Bernardino-Ontario, CA 5",33.99958,-117.41601,government,AQS,SPECIES_USA-LosAngeles-0001_,,,,US,Rubidoux,,,,,,,,,,,,,MAIA_ANC_SURFACEMONITOR_PM_2.5_SPECIES_USA-LosAngeles_20250113T000000Z_F01_V2026p06p10.nc,-9999.0,0.0215,4.695
20250113,PM_2.5,Nitrate,0.04,USA-LosAngeles-0001-33.9996N_117.4160W_1806,"Riverside-San Bernardino-Ontario, CA 6",33.99958,-117.41601,government,AQS,SPECIES_USA-LosAngeles-0001_,,,,US,Rubidoux,,,,,,,,,,,,,MAIA_ANC_SURFACEMONITOR_PM_2.5_SPECIES_USA-LosAngeles_20250113T000000Z_F01_V2026p06p10.nc,-9999.0,0.0109,3.7726
20250113,PM_2.5,Nitrate,0.23,USA-LosAngeles-0001-33.9996N_117.4160W_1811,"Riverside-San Bernardino-Ontario, CA 11",33.99958,-117.41601,government,AQS,SPECIES_USA-LosAngeles-0001_,,,,US,Rubidoux,,,,,,,,,,,,,MAIA_ANC_SURFACEMONITOR_PM_2.5_SPECIES_USA-LosAngeles_20250113T000000Z_F01_V2026p06p10.nc,-9999.0,0.0,
20250113,PM_2.5,Nitrate,0.73,USA-LosAngeles-0001-34.0666N_118.2269W_1805,"Los Angeles-Long Beach-Anaheim, CA 5",34.06659,-118.22688,government,AQS,SPECIES_USA-LosAngeles-0001_,,,,US,Los Angeles,,,,,,,,,,,,,MAIA_ANC_SURFACEMONITOR_PM_2.5_SPECIES_USA-LosAngeles_20250113T000000Z_F01_V2026p06p10.nc,-9999.0,0.0196,4.1381
20250113,PM_2.5,Nitrate,0.68,USA-LosAngeles-0001-34.0666N_118.2269W_1811,"Los Angeles-Long Beach-Anaheim, CA 11",34.06659,-118.22688,government,AQS,SPECIES_USA-LosAngeles-0001_,,,,US,Los Angeles,,,,,,,,,,,,,MAIA_ANC_SURFACEMONITOR_PM_2.5_SPECIES_USA-LosAngeles_20250113T000000Z_F01_V2026p06p10.nc,-9999.0,0.0,
20250113,PM_2.5,Nitrate,0.79,USA-LosAngeles-0001-34.0666N_118.2269W_1812,"Los Angeles-Long Beach-Anaheim, CA 12",34.06659,-118.22688,government,AQS,SPECIES_USA-LosAngeles-0001_,,,,US,Los Angeles,,,,,,,,,,,,,MAIA_ANC_SURFACEMONITOR_PM_2.5_SPECIES_USA-LosAngeles_20250113T000000Z_F01_V2026p06p10.nc,-9999.0,0.0,
20250113,PM_2.5,Nitrate,0.28,USA-LosAngeles-0001-34.1000N_117.4920W_1811,"Riverside-San Bernardino-Ontario, CA 11",34.10002,-117.49201,government,AQS,SPECIES_USA-LosAngeles-0001_,,,,US,Fontana,,,,,,,,,,,,,MAIA_ANC_SURFACEMONITOR_PM_2.5_SPECIES_USA-LosAngeles_20250113T000000Z_F01_V2026p06p10.nc,-9999.0,0.0,
20250113,PM_2.5,Nitrate,0.019,USA-LosAngeles-0001-34.8219N_118.8876W_1801,"Bakersfield, CA 1",34.821922,-118.887598,government,AQS,SPECIES_USA-LosAngeles-0001_,,,,US,Lebec,,,,,,,,,,,,,MAIA_ANC_SURFACEMONITOR_PM_2.5_SPECIES_USA-LosAngeles_20250113T000000Z_F01_V2026p06p10.nc,-9999.0,0.0012,0.3776
20250113,PM_2.5,Nitrate,2.34,USA-LosAngeles-0001-35.3566N_119.0626W_1806,"Bakersfield, CA 6",35.356615,-119.062613,government,AQS,SPECIES_USA-LosAngeles-0001_,,,,US,Bakersfield,,,,,,,,,,,,,MAIA_ANC_SURFACEMONITOR_PM_2.5_SPECIES_USA-LosAngeles_20250113T000000Z_F01_V2026p06p10.nc,-9999.0,0.0075,5.3647
20250113,PM_2.5,Nitrate,4.07,USA-LosAngeles-0001-36.3081N_119.3129W_1805,N/A,36.30815,-119.3129,government,AQS,SPECIES_USA-LosAngeles-0001_,,,,US,N/A,,,,,,,,,,,,,MAIA_ANC_SURFACEMONITOR_PM_2.5_SPECIES_USA-LosAngeles_20250113T000000Z_F01_V2026p06p10.nc,-9999.0,0.0157,5.37
20250113,PM_2.5,Nitrate,0.917,USA-LosAngeles-0001-36.4988N_118.8248W_1801,"Visalia-Porterville, CA 1",36.498835,-118.824821,government,AQS,SPECIES_USA-LosAngeles-0001_,,,,US,Sequoia National Park,,,,,,,,,,,,,MAIA_ANC_SURFACEMONITOR_PM_2.5_SPECIES_USA-LosAngeles_20250113T000000Z_F01_V2026p06p10.nc,-9999.0,0.0036,0.8348
20250113,PM_2.5,Nitrate,2.91,USA-LosAngeles-0001-36.7854N_119.7732W_1801,"Fresno, CA 1",36.78538,-119.77321,government,AQS,SPECIES_USA-LosAngeles-0001_,,,,US,Fresno,,,,,,,,,,,,,MAIA_ANC_SURFACEMONITOR_PM_2.5_SPECIES_USA-LosAngeles_20250113T000000Z_F01_V2026p06p10.nc,-9999.0,0.0217,4.2647
20250113,PM_2.5,Nitrate,3.01,USA-LosAngeles-0001-36.7854N_119.7732W_1805,"Fresno, CA 5",36.78538,-119.77321,government,AQS,SPECIES_USA-LosAngeles-0001_,,,,US,Fresno,,,,,,,,,,,,,MAIA_ANC_SURFACEMONITOR_PM_2.5_SPECIES_USA-LosAngeles_20250113T000000Z_F01_V2026p06p10.nc,-9999.0,0.0212,4.1249
20250113,PM_2.5,Nitrate,0.022,USA-LosAngeles-0001-37.3607N_118.3308W_1801,"Bishop, CA 1",37.360684,-118.330783,government,AQS,SPECIES_USA-LosAngeles-0001_,,,,US,Not in a City,,,,,,,,,,,,,MAIA_ANC_SURFACEMONITOR_PM_2.5_SPECIES_USA-LosAngeles_20250113T000000Z_F01_V2026p06p10.nc,-9999.0,0.0004,0.0856
20250113,PM_2.5,Nitrate,0.198,USA-LosAngeles-0001-37.7133N_119.7062W_1801, 1,37.71325,-119.7062,government,AQS,SPECIES_USA-LosAngeles-0001_,,,,US,Not in a City,,,,,,,,,,,,,MAIA_ANC_SURFACEMONITOR_PM_2.5_SPECIES_USA-LosAngeles_20250113T000000Z_F01_V2026p06p10.nc,-9999.0,0.0003,0.0812
20250113,PM_2.5,Organic_Carbon,0.1,USA-LosAngeles-0001-33.4636N_116.9715W_1801,"Riverside-San Bernardino-Ontario, CA 1",33.463644,-116.971457,government,AQS,SPECIES_USA-LosAngeles-0001_,,,,US,Not in a City,,,,,,,,,,,,,MAIA_ANC_SURFACEMONITOR_PM_2.5_SPECIES_USA-LosAngeles_20250113T000000Z_F01_V2026p06p10.nc,-9999.0,0.0029,0.6628
20250113,PM_2.5,Organic_Carbon,0.315,USA-LosAngeles-0001-33.9996N_117.4160W_1805,"Riverside-San Bernardino-Ontario, CA 5",33.99958,-117.41601,government,AQS,SPECIES_USA-LosAngeles-0001_,,,,US,Rubidoux,,,,,,,,,,,,,MAIA_ANC_SURFACEMONITOR_PM_2.5_SPECIES_USA-LosAngeles_20250113T000000Z_F01_V2026p06p10.nc,-9999.0,0.0201,3.3989
20250113,PM_2.5,Organic_Carbon,0.397,USA-LosAngeles-0001-33.9996N_117.4160W_1806,"Riverside-San Bernardino-Ontario, CA 6",33.99958,-117.41601,government,AQS,SPECIES_USA-LosAngeles-0001_,,,,US,Rubidoux,,,,,,,,,,,,,MAIA_ANC_SURFACEMONITOR_PM_2.5_SPECIES_USA-LosAngeles_20250113T000000Z_F01_V2026p06p10.nc,-9999.0,0.0125,3.9285
20250113,PM_2.5,Organic_Carbon,2.907,USA-LosAngeles-0001-34.0666N_118.2269W_1805,"Los Angeles-Long Beach-Anaheim, CA 5",34.06659,-118.22688,government,AQS,SPECIES_USA-LosAngeles-0001_,,,,US,Los Angeles,,,,,,,,,,,,,MAIA_ANC_SURFACEMONITOR_PM_2.5_SPECIES_USA-LosAngeles_20250113T000000Z_F01_V2026p06p10.nc,-9999.0,0.0102,2.7164
20250113,PM_2.5,Organic_Carbon,0.11,USA-LosAngeles-0001-34.8219N_118.8876W_1801,"Bakersfield, CA 1",34.821922,-118.887598,government,AQS,SPECIES_USA-LosAngeles-0001_,,,,US,Lebec,,,,,,,,,,,,,MAIA_ANC_SURFACEMONITOR_PM_2.5_SPECIES_USA-LosAngeles_20250113T000000Z_F01_V2026p06p10.nc,-9999.0,0.003,0.51
20250113,PM_2.5,Organic_Carbon,3.551,USA-LosAngeles-0001-35.3566N_119.0626W_1805,"Bakersfield, CA 5",35.356615,-119.062613,government,AQS,SPECIES_USA-LosAngeles-0001_,,,,US,Bakersfield,,,,,,,,,,,,,MAIA_ANC_SURFACEMONITOR_PM_2.5_SPECIES_USA-LosAngeles_20250113T000000Z_F01_V2026p06p10.nc,-9999.0,0.0196,3.7205
20250113,PM_2.5,Organic_Carbon,2.478,USA-LosAngeles-0001-35.3566N_119.0626W_1806,"Bakersfield, CA 6",35.356615,-119.062613,government,AQS,SPECIES_USA-LosAngeles-0001_,,,,US,Bakersfield,,,,,,,,,,,,,MAIA_ANC_SURFACEMONITOR_PM_2.5_SPECIES_USA-LosAngeles_20250113T000000Z_F01_V2026p06p10.nc,-9999.0,0.0117,4.5733
20250113,PM_2.5,Organic_Carbon,0.83,USA-LosAngeles-0001-36.4988N_118.8248W_1801,"Visalia-Porterville, CA 1",36.498835,-118.824821,government,AQS,SPECIES_USA-LosAngeles-0001_,,,,US,Sequoia National Park,,,,,,,,,,,,,MAIA_ANC_SURFACEMONITOR_PM_2.5_SPECIES_USA-LosAngeles_20250113T000000Z_F01_V2026p06p10.nc,-9999.0,0.0049,0.7814
20250113,PM_2.5,Organic_Carbon,4.27,USA-LosAngeles-0001-36.7854N_119.7732W_1801,"Fresno, CA 1",36.78538,-119.77321,government,AQS,SPECIES_USA-LosAngeles-0001_,,,,US,Fresno,,,,,,,,,,,,,MAIA_ANC_SURFACEMONITOR_PM_2.5_SPECIES_USA-LosAngeles_20250113T000000Z_F01_V2026p06p10.nc,-9999.0,0.0206,3.6491
20250113,PM_2.5,Organic_Carbon,4.918,USA-LosAngeles-0001-36.7854N_119.7732W_1805,"Fresno, CA 5",36.78538,-119.77321,government,AQS,SPECIES_USA-LosAngeles-0001_,,,,US,Fresno,,,,,,,,,,,,,MAIA_ANC_SURFACEMONITOR_PM_2.5_SPECIES_USA-LosAngeles_20250113T000000Z_F01_V2026p06p10.nc,-9999.0,0.0241,4.1545
20250113,PM_2.5,Organic_Carbon,0.07,USA-LosAngeles-0001-37.3607N_118.3308W_1801,"Bishop, CA 1",37.360684,-118.330783,government,AQS,SPECIES_USA-LosAngeles-0001_,,,,US,Not in a City,,,,,,,,,,,,,MAIA_ANC_SURFACEMONITOR_PM_2.5_SPECIES_USA-LosAngeles_20250113T000000Z_F01_V2026p06p10.nc,-9999.0,0.0024,0.3902
20250113,PM_2.5,Organic_Carbon,0.35,USA-LosAngeles-0001-37.7133N_119.7062W_1801, 1,37.71325,-119.7062,government,AQS,SPECIES_USA-LosAngeles-0001_,,,,US,Not in a City,,,,,,,,,,,,,MAIA_ANC_SURFACEMONITOR_PM_2.5_SPECIES_USA-LosAngeles_20250113T000000Z_F01_V2026p06p10.nc,-9999.0,0.0016,0.3008
20250113,PM_2.5,Sulfate,0.058,USA-LosAngeles-0001-33.4636N_116.9715W_1801,"Riverside-San Bernardino-Ontario, CA 1",33.463644,-116.971457,government,AQS,SPECIES_USA-LosAngeles-0001_,,,,US,Not in a City,,,,,,,,,,,,,MAIA_ANC_SURFACEMONITOR_PM_2.5_SPECIES_USA-LosAngeles_20250113T000000Z_F01_V2026p06p10.nc,-9999.0,0.001,0.231
20250113,PM_2.5,Sulfate,0.14,USA-LosAngeles-0001-33.8306N_117.9385W_1811,"Los Angeles-Long Beach-Anaheim, CA 11",33.83062,-117.93845,government,AQS,SPECIES_USA-LosAngeles-0001_,,,,US,Anaheim,,,,,,,,,,,,,MAIA_ANC_SURFACEMONITOR_PM_2.5_SPECIES_USA-LosAngeles_20250113T000000Z_F01_V2026p06p10.nc,-9999.0,0.0,
20250113,PM_2.5,Sulfate,0.11,USA-LosAngeles-0001-33.9996N_117.4160W_1805,"Riverside-San Bernardino-Ontario, CA 5",33.99958,-117.41601,government,AQS,SPECIES_USA-LosAngeles-0001_,,,,US,Rubidoux,,,,,,,,,,,,,MAIA_ANC_SURFACEMONITOR_PM_2.5_SPECIES_USA-LosAngeles_20250113T000000Z_F01_V2026p06p10.nc,-9999.0,0.0027,0.4881
20250113,PM_2.5,Sulfate,0.06,USA-LosAngeles-0001-33.9996N_117.4160W_1806,"Riverside-San Bernardino-Ontario, CA 6",33.99958,-117.41601,government,AQS,SPECIES_USA-LosAngeles-0001_,,,,US,Rubidoux,,,,,,,,,,,,,MAIA_ANC_SURFACEMONITOR_PM_2.5_SPECIES_USA-LosAngeles_20250113T000000Z_F01_V2026p06p10.nc,-9999.0,0.0016,0.5143
20250113,PM_2.5,Sulfate,0.16,USA-LosAngeles-0001-33.9996N_117.4160W_1811,"Riverside-San Bernardino-Ontario, CA 11",33.99958,-117.41601,government,AQS,SPECIES_USA-LosAngeles-0001_,,,,US,Rubidoux,,,,,,,,,,,,,MAIA_ANC_SURFACEMONITOR_PM_2.5_SPECIES_USA-LosAngeles_20250113T000000Z_F01_V2026p06p10.nc,-9999.0,0.0,
20250113,PM_2.5,Sulfate,0.21,USA-LosAngeles-0001-34.0666N_118.2269W_1805,"Los Angeles-Long Beach-Anaheim, CA 5",34.06659,-118.22688,government,AQS,SPECIES_USA-LosAngeles-0001_,,,,US,Los Angeles,,,,,,,,,,,,,MAIA_ANC_SURFACEMONITOR_PM_2.5_SPECIES_USA-LosAngeles_20250113T000000Z_F01_V2026p06p10.nc,-9999.0,0.0032,0.5912
20250113,PM_2.5,Sulfate,0.27,USA-LosAngeles-0001-34.0666N_118.2269W_1811,"Los Angeles-Long Beach-Anaheim, CA 11",34.06659,-118.22688,government,AQS,SPECIES_USA-LosAngeles-0001_,,,,US,Los Angeles,,,,,,,,,,,,,MAIA_ANC_SURFACEMONITOR_PM_2.5_SPECIES_USA-LosAngeles_20250113T000000Z_F01_V2026p06p10.nc,-9999.0,0.0,
20250113,PM_2.5,Sulfate,0.26,USA-LosAngeles-0001-34.0666N_118.2269W_1812,"Los Angeles-Long Beach-Anaheim, CA 12",34.06659,-118.22688,government,AQS,SPECIES_USA-LosAngeles-0001_,,,,US,Los Angeles,,,,,,,,,,,,,MAIA_ANC_SURFACEMONITOR_PM_2.5_SPECIES_USA-LosAngeles_20250113T000000Z_F01_V2026p06p10.nc,-9999.0,0.0,
20250113,PM_2.5,Sulfate,0.16,USA-LosAngeles-0001-34.1000N_117.4920W_1811,"Riverside-San Bernardino-Ontario, CA 11",34.10002,-117.49201,government,AQS,SPECIES_USA-LosAngeles-0001_,,,,US,Fontana,,,,,,,,,,,,,MAIA_ANC_SURFACEMONITOR_PM_2.5_SPECIES_USA-LosAngeles_20250113T000000Z_F01_V2026p06p10.nc,-9999.0,0.0,
20250113,PM_2.5,Sulfate,0.076,USA-LosAngeles-0001-34.8219N_118.8876W_1801,"Bakersfield, CA 1",34.821922,-118.887598,government,AQS,SPECIES_USA-LosAngeles-0001_,,,,US,Lebec,,,,,,,,,,,,,MAIA_ANC_SURFACEMONITOR_PM_2.5_SPECIES_USA-LosAngeles_20250113T000000Z_F01_V2026p06p10.nc,-9999.0,0.001,0.1725
20250113,PM_2.5,Sulfate,0.29,USA-LosAngeles-0001-35.3566N_119.0626W_1806,"Bakersfield, CA 6",35.356615,-119.062613,government,AQS,SPECIES_USA-LosAngeles-0001_,,,,US,Bakersfield,,,,,,,,,,,,,MAIA_ANC_SURFACEMONITOR_PM_2.5_SPECIES_USA-LosAngeles_20250113T000000Z_F01_V2026p06p10.nc,-9999.0,0.0013,0.8347
20250113,PM_2.5,Sulfate,0.43,USA-LosAngeles-0001-36.3081N_119.3129W_1805,N/A,36.30815,-119.3129,government,AQS,SPECIES_USA-LosAngeles-0001_,,,,US,N/A,,,,,,,,,,,,,MAIA_ANC_SURFACEMONITOR_PM_2.5_SPECIES_USA-LosAngeles_20250113T000000Z_F01_V2026p06p10.nc,-9999.0,0.0032,1.1187
20250113,PM_2.5,Sulfate,0.222,USA-LosAngeles-0001-36.4988N_118.8248W_1801,"Visalia-Porterville, CA 1",36.498835,-118.824821,government,AQS,SPECIES_USA-LosAngeles-0001_,,,,US,Sequoia National Park,,,,,,,,,,,,,MAIA_ANC_SURFACEMONITOR_PM_2.5_SPECIES_USA-LosAngeles_20250113T000000Z_F01_V2026p06p10.nc,-9999.0,0.0015,0.2594
20250113,PM_2.5,Sulfate,0.423,USA-LosAngeles-0001-36.7854N_119.7732W_1801,"Fresno, CA 1",36.78538,-119.77321,government,AQS,SPECIES_USA-LosAngeles-0001_,,,,US,Fresno,,,,,,,,,,,,,MAIA_ANC_SURFACEMONITOR_PM_2.5_SPECIES_USA-LosAngeles_20250113T000000Z_F01_V2026p06p10.nc,-9999.0,0.0043,0.8006
20250113,PM_2.5,Sulfate,0.43,USA-LosAngeles-0001-36.7854N_119.7732W_1805,"Fresno, CA 5",36.78538,-119.77321,government,AQS,SPECIES_USA-LosAngeles-0001_,,,,US,Fresno,,,,,,,,,,,,,MAIA_ANC_SURFACEMONITOR_PM_2.5_SPECIES_USA-LosAngeles_20250113T000000Z_F01_V2026p06p10.nc,-9999.0,0.0045,0.8318
20250113,PM_2.5,Sulfate,0.111,USA-LosAngeles-0001-37.3607N_118.3308W_1801,"Bishop, CA 1",37.360684,-118.330783,government,AQS,SPECIES_USA-LosAngeles-0001_,,,,US,Not in a City,,,,,,,,,,,,,MAIA_ANC_SURFACEMONITOR_PM_2.5_SPECIES_USA-LosAngeles_20250113T000000Z_F01_V2026p06p10.nc,-9999.0,0.0009,0.1702
20250113,PM_2.5,Sulfate,0.127,USA-LosAngeles-0001-37.7133N_119.7062W_1801, 1,37.71325,-119.7062,government,AQS,SPECIES_USA-LosAngeles-0001_,,,,US,Not in a City,,,,,,,,,,,,,MAIA_ANC_SURFACEMONITOR_PM_2.5_SPECIES_USA-LosAngeles_20250113T000000Z_F01_V2026p06p10.nc,-9999.0,0.0005,0.0919
20250114,PM_2.5,Black_Carbon,0.0,USA-LosAngeles-0001-34.1994N_118.1732W_0800,AethLabs JPL,34.19941255,-118.1732079,research,aethalometer,SPECIES_USA-LosAngeles-0001_,,,,US,Pasadena,0.0028,900.0,0.0,0.0,0.0,720.0,0.0,0.0,898.0,900.0,0.0,2.0,MAIA_ANC_SURFACEMONITOR_PM_2.5_SPECIES_USA-LosAngeles_20250114T000000Z_F01_V2026p06p10.nc,,,
20250115,PM_2.5,Black_Carbon,0.0,USA-LosAngeles-0001-34.1994N_118.1732W_0800,AethLabs JPL,34.19941255,-118.1732079,research,aethalometer,SPECIES_USA-LosAngeles-0001_,,,,US,Pasadena,0.0028,900.0,0.0,0.0,0.0,720.0,0.0,0.0,898.0,900.0,0.0,2.0,MAIA_ANC_SURFACEMONITOR_PM_2.5_SPECIES_USA-LosAngeles_20250115T000000Z_F01_V2026p06p10.nc,,,
20250116,PM_2.5,Black_Carbon,0.0,USA-LosAngeles-0001-34.1994N_118.1732W_0800,AethLabs JPL,34.19941255,-118.1732079,research,aethalometer,SPECIES_USA-LosAngeles-0001_,,,,US,Pasadena,0.0028,900.0,0.0,0.0,0.0,720.0,0.0,0.0,898.0,900.0,0.0,2.0,MAIA_ANC_SURFACEMONITOR_PM_2.5_SPECIES_USA-LosAngeles_20250116T000000Z_F01_V2026p06p10.nc,,,
20250116,PM_2.5,Dust,0.487,USA-LosAngeles-0001-33.4636N_116.9715W_1801,"Riverside-San Bernardino-Ontario, CA 1",33.463644,-116.971457,government,AQS,SPECIES_USA-LosAngeles-0001_,,,,US,Not in a City,,,,,,,,,,,,,MAIA_ANC_SURFACEMONITOR_PM_2.5_SPECIES_USA-LosAngeles_20250116T000000Z_F01_V2026p06p10.nc,0.0,0.18405625,0.09451991799847005
20250116,PM_2.5,Dust,1.2718,USA-LosAngeles-0001-33.9996N_117.4160W_1805,"Riverside-San Bernardino-Ontario, CA 5",33.99958,-117.41601,government,AQS,SPECIES_USA-LosAngeles-0001_,,,,US,Rubidoux,,,,,,,,,,,,,MAIA_ANC_SURFACEMONITOR_PM_2.5_SPECIES_USA-LosAngeles_20250116T000000Z_F01_V2026p06p10.nc,1.0,0.8934112500000001,0.545894125390572
20250116,PM_2.5,Dust,1.3064,USA-LosAngeles-0001-34.0666N_118.2269W_1805,"Los Angeles-Long Beach-Anaheim, CA 5",34.06659,-118.22688,government,AQS,SPECIES_USA-LosAngeles-0001_,,,,US,Los Angeles,,,,,,,,,,,,,MAIA_ANC_SURFACEMONITOR_PM_2.5_SPECIES_USA-LosAngeles_20250116T000000Z_F01_V2026p06p10.nc,1.0,0.6212163636363637,0.27106348006166475
20250116,PM_2.5,Dust,0.2173,USA-LosAngeles-0001-34.8219N_118.8876W_1801,"Bakersfield, CA 1",34.821922,-118.887598,government,AQS,SPECIES_USA-LosAngeles-0001_,,,,US,Lebec,,,,,,,,,,,,,MAIA_ANC_SURFACEMONITOR_PM_2.5_SPECIES_USA-LosAngeles_20250116T000000Z_F01_V2026p06p10.nc,1.0,0.09587454545454546,0.07779236575813808
20250116,PM_2.5,Dust,1.5312,USA-LosAngeles-0001-35.3566N_119.0626W_1805,"Bakersfield, CA 5",35.356615,-119.062613,government,AQS,SPECIES_USA-LosAngeles-0001_,,,,US,Bakersfield,,,,,,,,,,,,,MAIA_ANC_SURFACEMONITOR_PM_2.5_SPECIES_USA-LosAngeles_20250116T000000Z_F01_V2026p06p10.nc,0.0,0.426276,0.21017801708075942
20250116,PM_2.5,Dust,0.1943,USA-LosAngeles-0001-36.4988N_118.8248W_1801,"Visalia-Porterville, CA 1",36.498835,-118.824821,government,AQS,SPECIES_USA-LosAngeles-0001_,,,,US,Sequoia National Park,,,,,,,,,,,,,MAIA_ANC_SURFACEMONITOR_PM_2.5_SPECIES_USA-LosAngeles_20250116T000000Z_F01_V2026p06p10.nc,0.0,0.06566454545454546,0.032651107836874485
20250116,PM_2.5,Dust,1.3247,USA-LosAngeles-0001-36.7854N_119.7732W_1801,"Fresno, CA 1",36.78538,-119.77321,government,AQS,SPECIES_USA-LosAngeles-0001_,,,,US,Fresno,,,,,,,,,,,,,MAIA_ANC_SURFACEMONITOR_PM_2.5_SPECIES_USA-LosAngeles_20250116T000000Z_F01_V2026p06p10.nc,0.0,0.37174545454545455,0.154331419081477
20250116,PM_2.5,Dust,1.3076,USA-LosAngeles-0001-36.7854N_119.7732W_1805,"Fresno, CA 5",36.78538,-119.77321,government,AQS,SPECIES_USA-LosAngeles-0001_,,,,US,Fresno,,,,,,,,,,,,,MAIA_ANC_SURFACEMONITOR_PM_2.5_SPECIES_USA-LosAngeles_20250116T000000Z_F01_V2026p06p10.nc,0.0,0.2370081818181818,0.11422267135398152
20250116,PM_2.5,Dust,0.7948,USA-LosAngeles-0001-37.3607N_118.3308W_1801,"Bishop, CA 1",37.360684,-118.330783,government,AQS,SPECIES_USA-LosAngeles-0001_,,,,US,Not in a City,,,,,,,,,,,,,MAIA_ANC_SURFACEMONITOR_PM_2.5_SPECIES_USA-LosAngeles_20250116T000000Z_F01_V2026p06p10.nc,1.0,0.339499090909091,0.3459530004982166
20250116,PM_2.5,Dust,0.1398,USA-LosAngeles-0001-37.7133N_119.7062W_1801, 1,37.71325,-119.7062,government,AQS,SPECIES_USA-LosAngeles-0001_,,,,US,Not in a City,,,,,,,,,,,,,MAIA_ANC_SURFACEMONITOR_PM_2.5_SPECIES_USA-LosAngeles_20250116T000000Z_F01_V2026p06p10.nc,0.0,0.03261272727272728,0.03150998055188491
20250116,PM_2.5,Dust,0.1447,USA-LosAngeles-0001-37.7133N_119.7062W_1802, 2,37.71325,-119.7062,government,AQS,SPECIES_USA-LosAngeles-0001_,,,,US,Not in a City,,,,,,,,,,,,,MAIA_ANC_SURFACEMONITOR_PM_2.5_SPECIES_USA-LosAngeles_20250116T000000Z_F01_V2026p06p10.nc,-9999.0,-9999.0,-9999.0
20250116,PM_2.5,Elemental_Carbon,0.26,USA-LosAngeles-0001-33.4636N_116.9715W_1801,"Riverside-San Bernardino-Ontario, CA 1",33.463644,-116.971457,government,AQS,SPECIES_USA-LosAngeles-0001_,,,,US,Not in a City,,,,,,,,,,,,,MAIA_ANC_SURFACEMONITOR_PM_2.5_SPECIES_USA-LosAngeles_20250116T000000Z_F01_V2026p06p10.nc,-9999.0,0.0009,0.1967
20250116,PM_2.5,Elemental_Carbon,0.947,USA-LosAngeles-0001-33.9996N_117.4160W_1805,"Riverside-San Bernardino-Ontario, CA 5",33.99958,-117.41601,government,AQS,SPECIES_USA-LosAngeles-0001_,,,,US,Rubidoux,,,,,,,,,,,,,MAIA_ANC_SURFACEMONITOR_PM_2.5_SPECIES_USA-LosAngeles_20250116T000000Z_F01_V2026p06p10.nc,-9999.0,0.01,1.8023
20250116,PM_2.5,Elemental_Carbon,1.478,USA-LosAngeles-0001-34.0666N_118.2269W_1805,"Los Angeles-Long Beach-Anaheim, CA 5",34.06659,-118.22688,government,AQS,SPECIES_USA-LosAngeles-0001_,,,,US,Los Angeles,,,,,,,,,,,,,MAIA_ANC_SURFACEMONITOR_PM_2.5_SPECIES_USA-LosAngeles_20250116T000000Z_F01_V2026p06p10.nc,-9999.0,0.0042,1.1453
20250116,PM_2.5,Elemental_Carbon,0.05,USA-LosAngeles-0001-34.8219N_118.8876W_1801,"Bakersfield, CA 1",34.821922,-118.887598,government,AQS,SPECIES_USA-LosAngeles-0001_,,,,US,Lebec,,,,,,,,,,,,,MAIA_ANC_SURFACEMONITOR_PM_2.5_SPECIES_USA-LosAngeles_20250116T000000Z_F01_V2026p06p10.nc,-9999.0,0.0005,0.0901
20250116,PM_2.5,Elemental_Carbon,1.317,USA-LosAngeles-0001-35.3566N_119.0626W_1805,"Bakersfield, CA 5",35.356615,-119.062613,government,AQS,SPECIES_USA-LosAngeles-0001_,,,,US,Bakersfield,,,,,,,,,,,,,MAIA_ANC_SURFACEMONITOR_PM_2.5_SPECIES_USA-LosAngeles_20250116T000000Z_F01_V2026p06p10.nc,-9999.0,0.007,1.4456
20250116,PM_2.5,Elemental_Carbon,0.1,USA-LosAngeles-0001-36.4988N_118.8248W_1801,"Visalia-Porterville, CA 1",36.498835,-118.824821,government,AQS,SPECIES_USA-LosAngeles-0001_,,,,US,Sequoia National Park,,,,,,,,,,,,,MAIA_ANC_SURFACEMONITOR_PM_2.5_SPECIES_USA-LosAngeles_20250116T000000Z_F01_V2026p06p10.nc,-9999.0,0.0009,0.1446
20250116,PM_2.5,Elemental_Carbon,1.48,USA-LosAngeles-0001-36.7854N_119.7732W_1801,"Fresno, CA 1",36.78538,-119.77321,government,AQS,SPECIES_USA-LosAngeles-0001_,,,,US,Fresno,,,,,,,,,,,,,MAIA_ANC_SURFACEMONITOR_PM_2.5_SPECIES_USA-LosAngeles_20250116T000000Z_F01_V2026p06p10.nc,-9999.0,0.0058,1.0029
20250116,PM_2.5,Elemental_Carbon,2.594,USA-LosAngeles-0001-36.7854N_119.7732W_1805,"Fresno, CA 5",36.78538,-119.77321,government,AQS,SPECIES_USA-LosAngeles-0001_,,,,US,Fresno,,,,,,,,,,,,,MAIA_ANC_SURFACEMONITOR_PM_2.5_SPECIES_USA-LosAngeles_20250116T000000Z_F01_V2026p06p10.nc,-9999.0,0.0071,1.2484
20250116,PM_2.5,Elemental_Carbon,0.09,USA-LosAngeles-0001-37.3607N_118.3308W_1801,"Bishop, CA 1",37.360684,-118.330783,government,AQS,SPECIES_USA-LosAngeles-0001_,,,,US,Not in a City,,,,,,,,,,,,,MAIA_ANC_SURFACEMONITOR_PM_2.5_SPECIES_USA-LosAngeles_20250116T000000Z_F01_V2026p06p10.nc,-9999.0,0.0006,0.1049
20250116,PM_2.5,Elemental_Carbon,0.07,USA-LosAngeles-0001-37.7133N_119.7062W_1801, 1,37.71325,-119.7062,government,AQS,SPECIES_USA-LosAngeles-0001_,,,,US,Not in a City,,,,,,,,,,,,,MAIA_ANC_SURFACEMONITOR_PM_2.5_SPECIES_USA-LosAngeles_20250116T000000Z_F01_V2026p06p10.nc,-9999.0,0.0003,0.0479
20250116,PM_2.5,Nitrate,0.283,USA-LosAngeles-0001-33.4636N_116.9715W_1801,"Riverside-San Bernardino-Ontario, CA 1",33.463644,-116.971457,government,AQS,SPECIES_USA-LosAngeles-0001_,,,,US,Not in a City,,,,,,,,,,,,,MAIA_ANC_SURFACEMONITOR_PM_2.5_SPECIES_USA-LosAngeles_20250116T000000Z_F01_V2026p06p10.nc,-9999.0,0.0014,0.3501
20250116,PM_2.5,Nitrate,1.42,USA-LosAngeles-0001-33.9996N_117.4160W_1805,"Riverside-San Bernardino-Ontario, CA 5",33.99958,-117.41601,government,AQS,SPECIES_USA-LosAngeles-0001_,,,,US,Rubidoux,,,,,,,,,,,,,MAIA_ANC_SURFACEMONITOR_PM_2.5_SPECIES_USA-LosAngeles_20250116T000000Z_F01_V2026p06p10.nc,-9999.0,0.0215,4.695
20250116,PM_2.5,Nitrate,1.78,USA-LosAngeles-0001-34.0666N_118.2269W_1805,"Los Angeles-Long Beach-Anaheim, CA 5",34.06659,-118.22688,government,AQS,SPECIES_USA-LosAngeles-0001_,,,,US,Los Angeles,,,,,,,,,,,,,MAIA_ANC_SURFACEMONITOR_PM_2.5_SPECIES_USA-LosAngeles_20250116T000000Z_F01_V2026p06p10.nc,-9999.0,0.0196,4.1381
20250116,PM_2.5,Nitrate,0.071,USA-LosAngeles-0001-34.8219N_118.8876W_1801,"Bakersfield, CA 1",34.821922,-118.887598,government,AQS,SPECIES_USA-LosAngeles-0001_,,,,US,Lebec,,,,,,,,,,,,,MAIA_ANC_SURFACEMONITOR_PM_2.5_SPECIES_USA-LosAngeles_20250116T000000Z_F01_V2026p06p10.nc,-9999.0,0.0012,0.3776
20250116,PM_2.5,Nitrate,5.14,USA-LosAngeles-0001-35.3566N_119.0626W_1805,"Bakersfield, CA 5",35.356615,-119.062613,government,AQS,SPECIES_USA-LosAngeles-0001_,,,,US,Bakersfield,,,,,,,,,,,,,MAIA_ANC_SURFACEMONITOR_PM_2.5_SPECIES_USA-LosAngeles_20250116T000000Z_F01_V2026p06p10.nc,-9999.0,0.027,5.6187
20250116,PM_2.5,Nitrate,0.414,USA-LosAngeles-0001-36.4988N_118.8248W_1801,"Visalia-Porterville, CA 1",36.498835,-118.824821,government,AQS,SPECIES_USA-LosAngeles-0001_,,,,US,Sequoia National Park,,,,,,,,,,,,,MAIA_ANC_SURFACEMONITOR_PM_2.5_SPECIES_USA-LosAngeles_20250116T000000Z_F01_V2026p06p10.nc,-9999.0,0.0036,0.8348
20250116,PM_2.5,Nitrate,5.843,USA-LosAngeles-0001-36.7854N_119.7732W_1801,"Fresno, CA 1",36.78538,-119.77321,government,AQS,SPECIES_USA-LosAngeles-0001_,,,,US,Fresno,,,,,,,,,,,,,MAIA_ANC_SURFACEMONITOR_PM_2.5_SPECIES_USA-LosAngeles_20250116T000000Z_F01_V2026p06p10.nc,-9999.0,0.0217,4.2647
20250116,PM_2.5,Nitrate,6.85,USA-LosAngeles-0001-36.7854N_119.7732W_1805,"Fresno, CA 5",36.78538,-119.77321,government,AQS,SPECIES_USA-LosAngeles-0001_,,,,US,Fresno,,,,,,,,,,,,,MAIA_ANC_SURFACEMONITOR_PM_2.5_SPECIES_USA-LosAngeles_20250116T000000Z_F01_V2026p06p10.nc,-9999.0,0.0212,4.1249
20250116,PM_2.5,Nitrate,0.021,USA-LosAngeles-0001-37.3607N_118.3308W_1801,"Bishop, CA 1",37.360684,-118.330783,government,AQS,SPECIES_USA-LosAngeles-0001_,,,,US,Not in a City,,,,,,,,,,,,,MAIA_ANC_SURFACEMONITOR_PM_2.5_SPECIES_USA-LosAngeles_20250116T000000Z_F01_V2026p06p10.nc,-9999.0,0.0004,0.0856
20250116,PM_2.5,Nitrate,0.038,USA-LosAngeles-0001-37.7133N_119.7062W_1801, 1,37.71325,-119.7062,government,AQS,SPECIES_USA-LosAngeles-0001_,,,,US,Not in a City,,,,,,,,,,,,,MAIA_ANC_SURFACEMONITOR_PM_2.5_SPECIES_USA-LosAngeles_20250116T000000Z_F01_V2026p06p10.nc,-9999.0,0.0003,0.0812
20250116,PM_2.5,Organic_Carbon,0.51,USA-LosAngeles-0001-33.4636N_116.9715W_1801,"Riverside-San Bernardino-Ontario, CA 1",33.463644,-116.971457,government,AQS,SPECIES_USA-LosAngeles-0001_,,,,US,Not in a City,,,,,,,,,,,,,MAIA_ANC_SURFACEMONITOR_PM_2.5_SPECIES_USA-LosAngeles_20250116T000000Z_F01_V2026p06p10.nc,-9999.0,0.0029,0.6628
20250116,PM_2.5,Organic_Carbon,1.776,USA-LosAngeles-0001-33.9996N_117.4160W_1805,"Riverside-San Bernardino-Ontario, CA 5",33.99958,-117.41601,government,AQS,SPECIES_USA-LosAngeles-0001_,,,,US,Rubidoux,,,,,,,,,,,,,MAIA_ANC_SURFACEMONITOR_PM_2.5_SPECIES_USA-LosAngeles_20250116T000000Z_F01_V2026p06p10.nc,-9999.0,0.0201,3.3989
20250116,PM_2.5,Organic_Carbon,2.534,USA-LosAngeles-0001-34.0666N_118.2269W_1805,"Los Angeles-Long Beach-Anaheim, CA 5",34.06659,-118.22688,government,AQS,SPECIES_USA-LosAngeles-0001_,,,,US,Los Angeles,,,,,,,,,,,,,MAIA_ANC_SURFACEMONITOR_PM_2.5_SPECIES_USA-LosAngeles_20250116T000000Z_F01_V2026p06p10.nc,-9999.0,0.0102,2.7164
20250116,PM_2.5,Organic_Carbon,0.22,USA-LosAngeles-0001-34.8219N_118.8876W_1801,"Bakersfield, CA 1",34.821922,-118.887598,government,AQS,SPECIES_USA-LosAngeles-0001_,,,,US,Lebec,,,,,,,,,,,,,MAIA_ANC_SURFACEMONITOR_PM_2.5_SPECIES_USA-LosAngeles_20250116T000000Z_F01_V2026p06p10.nc,-9999.0,0.003,0.51
20250116,PM_2.5,Organic_Carbon,3.597,USA-LosAngeles-0001-35.3566N_119.0626W_1805,"Bakersfield, CA 5",35.356615,-119.062613,government,AQS,SPECIES_USA-LosAngeles-0001_,,,,US,Bakersfield,,,,,,,,,,,,,MAIA_ANC_SURFACEMONITOR_PM_2.5_SPECIES_USA-LosAngeles_20250116T000000Z_F01_V2026p06p10.nc,-9999.0,0.0196,3.7205
20250116,PM_2.5,Organic_Carbon,0.57,USA-LosAngeles-0001-36.4988N_118.8248W_1801,"Visalia-Porterville, CA 1",36.498835,-118.824821,government,AQS,SPECIES_USA-LosAngeles-0001_,,,,US,Sequoia National Park,,,,,,,,,,,,,MAIA_ANC_SURFACEMONITOR_PM_2.5_SPECIES_USA-LosAngeles_20250116T000000Z_F01_V2026p06p10.nc,-9999.0,0.0049,0.7814
20250116,PM_2.5,Organic_Carbon,4.76,USA-LosAngeles-0001-36.7854N_119.7732W_1801,"Fresno, CA 1",36.78538,-119.77321,government,AQS,SPECIES_USA-LosAngeles-0001_,,,,US,Fresno,,,,,,,,,,,,,MAIA_ANC_SURFACEMONITOR_PM_2.5_SPECIES_USA-LosAngeles_20250116T000000Z_F01_V2026p06p10.nc,-9999.0,0.0206,3.6491
20250116,PM_2.5,Organic_Carbon,6.681,USA-LosAngeles-0001-36.7854N_119.7732W_1805,"Fresno, CA 5",36.78538,-119.77321,government,AQS,SPECIES_USA-LosAngeles-0001_,,,,US,Fresno,,,,,,,,,,,,,MAIA_ANC_SURFACEMONITOR_PM_2.5_SPECIES_USA-LosAngeles_20250116T000000Z_F01_V2026p06p10.nc,-9999.0,0.0241,4.1545
20250116,PM_2.5,Organic_Carbon,0.24,USA-LosAngeles-0001-37.3607N_118.3308W_1801,"Bishop, CA 1",37.360684,-118.330783,government,AQS,SPECIES_USA-LosAngeles-0001_,,,,US,Not in a City,,,,,,,,,,,,,MAIA_ANC_SURFACEMONITOR_PM_2.5_SPECIES_USA-LosAngeles_20250116T000000Z_F01_V2026p06p10.nc,-9999.0,0.0024,0.3902
20250116,PM_2.5,Organic_Carbon,0.28,USA-LosAngeles-0001-37.7133N_119.7062W_1801, 1,37.71325,-119.7062,government,AQS,SPECIES_USA-LosAngeles-0001_,,,,US,Not in a City,,,,,,,,,,,,,MAIA_ANC_SURFACEMONITOR_PM_2.5_SPECIES_USA-LosAngeles_20250116T000000Z_F01_V2026p06p10.nc,-9999.0,0.0016,0.3008
20250116,PM_2.5,Sulfate,0.206,USA-LosAngeles-0001-33.4636N_116.9715W_1801,"Riverside-San Bernardino-Ontario, CA 1",33.463644,-116.971457,government,AQS,SPECIES_USA-LosAngeles-0001_,,,,US,Not in a City,,,,,,,,,,,,,MAIA_ANC_SURFACEMONITOR_PM_2.5_SPECIES_USA-LosAngeles_20250116T000000Z_F01_V2026p06p10.nc,-9999.0,0.001,0.231
20250116,PM_2.5,Sulfate,0.28,USA-LosAngeles-0001-33.9996N_117.4160W_1805,"Riverside-San Bernardino-Ontario, CA 5",33.99958,-117.41601,government,AQS,SPECIES_USA-LosAngeles-0001_,,,,US,Rubidoux,,,,,,,,,,,,,MAIA_ANC_SURFACEMONITOR_PM_2.5_SPECIES_USA-LosAngeles_20250116T000000Z_F01_V2026p06p10.nc,-9999.0,0.0027,0.4881
20250116,PM_2.5,Sulfate,0.39,USA-LosAngeles-0001-34.0666N_118.2269W_1805,"Los Angeles-Long Beach-Anaheim, CA 5",34.06659,-118.22688,government,AQS,SPECIES_USA-LosAngeles-0001_,,,,US,Los Angeles,,,,,,,,,,,,,MAIA_ANC_SURFACEMONITOR_PM_2.5_SPECIES_USA-LosAngeles_20250116T000000Z_F01_V2026p06p10.nc,-9999.0,0.0032,0.5912
20250116,PM_2.5,Sulfate,0.098,USA-LosAngeles-0001-34.8219N_118.8876W_1801,"Bakersfield, CA 1",34.821922,-118.887598,government,AQS,SPECIES_USA-LosAngeles-0001_,,,,US,Lebec,,,,,,,,,,,,,MAIA_ANC_SURFACEMONITOR_PM_2.5_SPECIES_USA-LosAngeles_20250116T000000Z_F01_V2026p06p10.nc,-9999.0,0.001,0.1725
20250116,PM_2.5,Sulfate,0.59,USA-LosAngeles-0001-35.3566N_119.0626W_1805,"Bakersfield, CA 5",35.356615,-119.062613,government,AQS,SPECIES_USA-LosAngeles-0001_,,,,US,Bakersfield,,,,,,,,,,,,,MAIA_ANC_SURFACEMONITOR_PM_2.5_SPECIES_USA-LosAngeles_20250116T000000Z_F01_V2026p06p10.nc,-9999.0,0.0057,1.2076
20250116,PM_2.5,Sulfate,0.132,USA-LosAngeles-0001-36.4988N_118.8248W_1801,"Visalia-Porterville, CA 1",36.498835,-118.824821,government,AQS,SPECIES_USA-LosAngeles-0001_,,,,US,Sequoia National Park,,,,,,,,,,,,,MAIA_ANC_SURFACEMONITOR_PM_2.5_SPECIES_USA-LosAngeles_20250116T000000Z_F01_V2026p06p10.nc,-9999.0,0.0015,0.2594
20250116,PM_2.5,Sulfate,0.466,USA-LosAngeles-0001-36.7854N_119.7732W_1801,"Fresno, CA 1",36.78538,-119.77321,government,AQS,SPECIES_USA-LosAngeles-0001_,,,,US,Fresno,,,,,,,,,,,,,MAIA_ANC_SURFACEMONITOR_PM_2.5_SPECIES_USA-LosAngeles_20250116T000000Z_F01_V2026p06p10.nc,-9999.0,0.0043,0.8006
20250116,PM_2.5,Sulfate,0.61,USA-LosAngeles-0001-36.7854N_119.7732W_1805,"Fresno, CA 5",36.78538,-119.77321,government,AQS,SPECIES_USA-LosAngeles-0001_,,,,US,Fresno,,,,,,,,,,,,,MAIA_ANC_SURFACEMONITOR_PM_2.5_SPECIES_USA-LosAngeles_20250116T000000Z_F01_V2026p06p10.nc,-9999.0,0.0045,0.8318
20250116,PM_2.5,Sulfate,0.081,USA-LosAngeles-0001-37.3607N_118.3308W_1801,"Bishop, CA 1",37.360684,-118.330783,government,AQS,SPECIES_USA-LosAngeles-0001_,,,,US,Not in a City,,,,,,,,,,,,,MAIA_ANC_SURFACEMONITOR_PM_2.5_SPECIES_USA-LosAngeles_20250116T000000Z_F01_V2026p06p10.nc,-9999.0,0.0009,0.1702
20250116,PM_2.5,Sulfate,0.098,USA-LosAngeles-0001-37.7133N_119.7062W_1801, 1,37.71325,-119.7062,government,AQS,SPECIES_USA-LosAngeles-0001_,,,,US,Not in a City,,,,,,,,,,,,,MAIA_ANC_SURFACEMONITOR_PM_2.5_SPECIES_USA-LosAngeles_20250116T000000Z_F01_V2026p06p10.nc,-9999.0,0.0005,0.0919
20250117,PM_2.5,Black_Carbon,0.0,USA-LosAngeles-0001-34.1994N_118.1732W_0800,AethLabs JPL,34.19941255,-118.1732079,research,aethalometer,SPECIES_USA-LosAngeles-0001_,,,,US,Pasadena,0.0028,900.0,0.0,0.0,0.0,720.0,0.0,0.0,898.0,900.0,0.0,2.0,MAIA_ANC_SURFACEMONITOR_PM_2.5_SPECIES_USA-LosAngeles_20250117T000000Z_F01_V2026p06p10.nc,,,
20250118,PM_2.5,Black_Carbon,0.0,USA-LosAngeles-0001-34.1994N_118.1732W_0800,AethLabs JPL,34.19941255,-118.1732079,research,aethalometer,SPECIES_USA-LosAngeles-0001_,,,,US,Pasadena,0.0028,900.0,0.0,0.0,0.0,720.0,0.0,0.0,898.0,900.0,0.0,2.0,MAIA_ANC_SURFACEMONITOR_PM_2.5_SPECIES_USA-LosAngeles_20250118T000000Z_F01_V2026p06p10.nc,,,
20250119,PM_2.5,Black_Carbon,0.0,USA-LosAngeles-0001-34.1994N_118.1732W_0800,AethLabs JPL,34.19941255,-118.1732079,research,aethalometer,SPECIES_USA-LosAngeles-0001_,,,,US,Pasadena,0.0028,900.0,0.0,0.0,0.0,720.0,0.0,0.0,898.0,900.0,0.0,2.0,MAIA_ANC_SURFACEMONITOR_PM_2.5_SPECIES_USA-LosAngeles_20250119T000000Z_F01_V2026p06p10.nc,,,
20250119,PM_2.5,Dust,0.5213,USA-LosAngeles-0001-33.4636N_116.9715W_1801,"Riverside-San Bernardino-Ontario, CA 1",33.463644,-116.971457,government,AQS,SPECIES_USA-LosAngeles-0001_,,,,US,Not in a City,,,,,,,,,,,,,MAIA_ANC_SURFACEMONITOR_PM_2.5_SPECIES_USA-LosAngeles_20250119T000000Z_F01_V2026p06p10.nc,0.0,0.18405625,0.09451991799847005
20250119,PM_2.5,Dust,1.028,USA-LosAngeles-0001-33.8306N_117.9385W_1811,"Los Angeles-Long Beach-Anaheim, CA 11",33.83062,-117.93845,government,AQS,SPECIES_USA-LosAngeles-0001_,,,,US,Anaheim,,,,,,,,,,,,,MAIA_ANC_SURFACEMONITOR_PM_2.5_SPECIES_USA-LosAngeles_20250119T000000Z_F01_V2026p06p10.nc,-9999.0,-9999.0,-9999.0
20250119,PM_2.5,Dust,0.7725,USA-LosAngeles-0001-33.9996N_117.4160W_1805,"Riverside-San Bernardino-Ontario, CA 5",33.99958,-117.41601,government,AQS,SPECIES_USA-LosAngeles-0001_,,,,US,Rubidoux,,,,,,,,,,,,,MAIA_ANC_SURFACEMONITOR_PM_2.5_SPECIES_USA-LosAngeles_20250119T000000Z_F01_V2026p06p10.nc,1.0,0.8934112500000001,0.545894125390572
20250119,PM_2.5,Dust,0.7702,USA-LosAngeles-0001-33.9996N_117.4160W_1806,"Riverside-San Bernardino-Ontario, CA 6",33.99958,-117.41601,government,AQS,SPECIES_USA-LosAngeles-0001_,,,,US,Rubidoux,,,,,,,,,,,,,MAIA_ANC_SURFACEMONITOR_PM_2.5_SPECIES_USA-LosAngeles_20250119T000000Z_F01_V2026p06p10.nc,1.0,0.622944,0.3839806103229694
20250119,PM_2.5,Dust,1.089,USA-LosAngeles-0001-33.9996N_117.4160W_1811,"Riverside-San Bernardino-Ontario, CA 11",33.99958,-117.41601,government,AQS,SPECIES_USA-LosAngeles-0001_,,,,US,Rubidoux,,,,,,,,,,,,,MAIA_ANC_SURFACEMONITOR_PM_2.5_SPECIES_USA-LosAngeles_20250119T000000Z_F01_V2026p06p10.nc,-9999.0,-9999.0,-9999.0
20250119,PM_2.5,Dust,0.6274,USA-LosAngeles-0001-34.0666N_118.2269W_1805,"Los Angeles-Long Beach-Anaheim, CA 5",34.06659,-118.22688,government,AQS,SPECIES_USA-LosAngeles-0001_,,,,US,Los Angeles,,,,,,,,,,,,,MAIA_ANC_SURFACEMONITOR_PM_2.5_SPECIES_USA-LosAngeles_20250119T000000Z_F01_V2026p06p10.nc,1.0,0.6212163636363637,0.27106348006166475
20250119,PM_2.5,Dust,1.1607,USA-LosAngeles-0001-34.0666N_118.2269W_1811,"Los Angeles-Long Beach-Anaheim, CA 11",34.06659,-118.22688,government,AQS,SPECIES_USA-LosAngeles-0001_,,,,US,Los Angeles,,,,,,,,,,,,,MAIA_ANC_SURFACEMONITOR_PM_2.5_SPECIES_USA-LosAngeles_20250119T000000Z_F01_V2026p06p10.nc,-9999.0,-9999.0,-9999.0
20250119,PM_2.5,Dust,0.9072,USA-LosAngeles-0001-34.0666N_118.2269W_1812,"Los Angeles-Long Beach-Anaheim, CA 12",34.06659,-118.22688,government,AQS,SPECIES_USA-LosAngeles-0001_,,,,US,Los Angeles,,,,,,,,,,,,,MAIA_ANC_SURFACEMONITOR_PM_2.5_SPECIES_USA-LosAngeles_20250119T000000Z_F01_V2026p06p10.nc,-9999.0,-9999.0,-9999.0
20250119,PM_2.5,Dust,1.1023,USA-LosAngeles-0001-34.1000N_117.4920W_1811,"Riverside-San Bernardino-Ontario, CA 11",34.10002,-117.49201,government,AQS,SPECIES_USA-LosAngeles-0001_,,,,US,Fontana,,,,,,,,,,,,,MAIA_ANC_SURFACEMONITOR_PM_2.5_SPECIES_USA-LosAngeles_20250119T000000Z_F01_V2026p06p10.nc,-9999.0,-9999.0,-9999.0
20250119,PM_2.5,Dust,0.2619,USA-LosAngeles-0001-34.1939N_116.9141W_1801,"Riverside-San Bernardino-Ontario, CA 1",34.193925,-116.914063,government,AQS,SPECIES_USA-LosAngeles-0001_,,,,US,Not in a City,,,,,,,,,,,,,MAIA_ANC_SURFACEMONITOR_PM_2.5_SPECIES_USA-LosAngeles_20250119T000000Z_F01_V2026p06p10.nc,1.0,0.13754363636363637,0.09184300560024129
20250119,PM_2.5,Dust,0.4171,USA-LosAngeles-0001-34.8219N_118.8876W_1801,"Bakersfield, CA 1",34.821922,-118.887598,government,AQS,SPECIES_USA-LosAngeles-0001_,,,,US,Lebec,,,,,,,,,,,,,MAIA_ANC_SURFACEMONITOR_PM_2.5_SPECIES_USA-LosAngeles_20250119T000000Z_F01_V2026p06p10.nc,0.0,0.09587454545454546,0.07779236575813808
20250119,PM_2.5,Dust,0.8803,USA-LosAngeles-0001-35.3566N_119.0626W_1805,"Bakersfield, CA 5",35.356615,-119.062613,government,AQS,SPECIES_USA-LosAngeles-0001_,,,,US,Bakersfield,,,,,,,,,,,,,MAIA_ANC_SURFACEMONITOR_PM_2.5_SPECIES_USA-LosAngeles_20250119T000000Z_F01_V2026p06p10.nc,1.0,0.426276,0.21017801708075942
20250119,PM_2.5,Dust,1.1096,USA-LosAngeles-0001-35.3566N_119.0626W_1806,"Bakersfield, CA 6",35.356615,-119.062613,government,AQS,SPECIES_USA-LosAngeles-0001_,,,,US,Bakersfield,,,,,,,,,,,,,MAIA_ANC_SURFACEMONITOR_PM_2.5_SPECIES_USA-LosAngeles_20250119T000000Z_F01_V2026p06p10.nc,1.0,0.47933000000000003,0.34271362885067763
20250119,PM_2.5,Dust,0.8553,USA-LosAngeles-0001-36.3081N_119.3129W_1805,N/A,36.30815,-119.3129,government,AQS,SPECIES_USA-LosAngeles-0001_,,,,US,N/A,,,,,,,,,,,,,MAIA_ANC_SURFACEMONITOR_PM_2.5_SPECIES_USA-LosAngeles_20250119T000000Z_F01_V2026p06p10.nc,1.0,0.4454850000000001,0.13882173493969405
20250119,PM_2.5,Dust,0.3323,USA-LosAngeles-0001-36.4988N_118.8248W_1801,"Visalia-Porterville, CA 1",36.498835,-118.824821,government,AQS,SPECIES_USA-LosAngeles-0001_,,,,US,Sequoia National Park,,,,,,,,,,,,,MAIA_ANC_SURFACEMONITOR_PM_2.5_SPECIES_USA-LosAngeles_20250119T000000Z_F01_V2026p06p10.nc,0.0,0.06566454545454546,0.032651107836874485
20250119,PM_2.5,Dust,0.8126,USA-LosAngeles-0001-36.7854N_119.7732W_1801,"Fresno, CA 1",36.78538,-119.77321,government,AQS,SPECIES_USA-LosAngeles-0001_,,,,US,Fresno,,,,,,,,,,,,,MAIA_ANC_SURFACEMONITOR_PM_2.5_SPECIES_USA-LosAngeles_20250119T000000Z_F01_V2026p06p10.nc,1.0,0.37174545454545455,0.154331419081477
20250119,PM_2.5,Dust,1.1068,USA-LosAngeles-0001-36.7854N_119.7732W_1805,"Fresno, CA 5",36.78538,-119.77321,government,AQS,SPECIES_USA-LosAngeles-0001_,,,,US,Fresno,,,,,,,,,,,,,MAIA_ANC_SURFACEMONITOR_PM_2.5_SPECIES_USA-LosAngeles_20250119T000000Z_F01_V2026p06p10.nc,0.0,0.2370081818181818,0.11422267135398152
20250119,PM_2.5,Dust,0.4901,USA-LosAngeles-0001-37.3607N_118.3308W_1801,"Bishop, CA 1",37.360684,-118.330783,government,AQS,SPECIES_USA-LosAngeles-0001_,,,,US,Not in a City,,,,,,,,,,,,,MAIA_ANC_SURFACEMONITOR_PM_2.5_SPECIES_USA-LosAngeles_20250119T000000Z_F01_V2026p06p10.nc,1.0,0.339499090909091,0.3459530004982166
20250119,PM_2.5,Dust,0.1381,USA-LosAngeles-0001-37.7133N_119.7062W_1801, 1,37.71325,-119.7062,government,AQS,SPECIES_USA-LosAngeles-0001_,,,,US,Not in a City,,,,,,,,,,,,,MAIA_ANC_SURFACEMONITOR_PM_2.5_SPECIES_USA-LosAngeles_20250119T000000Z_F01_V2026p06p10.nc,0.0,0.03261272727272728,0.03150998055188491
20250119,PM_2.5,Dust,0.1406,USA-LosAngeles-0001-37.7133N_119.7062W_1802, 2,37.71325,-119.7062,government,AQS,SPECIES_USA-LosAngeles-0001_,,,,US,Not in a City,,,,,,,,,,,,,MAIA_ANC_SURFACEMONITOR_PM_2.5_SPECIES_USA-LosAngeles_20250119T000000Z_F01_V2026p06p10.nc,-9999.0,-9999.0,-9999.0
20250119,PM_2.5,Elemental_Carbon,0.3,USA-LosAngeles-0001-33.4636N_116.9715W_1801,"Riverside-San Bernardino-Ontario, CA 1",33.463644,-116.971457,government,AQS,SPECIES_USA-LosAngeles-0001_,,,,US,Not in a City,,,,,,,,,,,,,MAIA_ANC_SURFACEMONITOR_PM_2.5_SPECIES_USA-LosAngeles_20250119T000000Z_F01_V2026p06p10.nc,-9999.0,0.0009,0.1967
20250119,PM_2.5,Elemental_Carbon,2.11,USA-LosAngeles-0001-33.9996N_117.4160W_1805,"Riverside-San Bernardino-Ontario, CA 5",33.99958,-117.41601,government,AQS,SPECIES_USA-LosAngeles-0001_,,,,US,Rubidoux,,,,,,,,,,,,,MAIA_ANC_SURFACEMONITOR_PM_2.5_SPECIES_USA-LosAngeles_20250119T000000Z_F01_V2026p06p10.nc,-9999.0,0.01,1.8023
20250119,PM_2.5,Elemental_Carbon,2.404,USA-LosAngeles-0001-33.9996N_117.4160W_1806,"Riverside-San Bernardino-Ontario, CA 6",33.99958,-117.41601,government,AQS,SPECIES_USA-LosAngeles-0001_,,,,US,Rubidoux,,,,,,,,,,,,,MAIA_ANC_SURFACEMONITOR_PM_2.5_SPECIES_USA-LosAngeles_20250119T000000Z_F01_V2026p06p10.nc,-9999.0,0.0066,2.1983
20250119,PM_2.5,Elemental_Carbon,1.443,USA-LosAngeles-0001-34.0666N_118.2269W_1805,"Los Angeles-Long Beach-Anaheim, CA 5",34.06659,-118.22688,government,AQS,SPECIES_USA-LosAngeles-0001_,,,,US,Los Angeles,,,,,,,,,,,,,MAIA_ANC_SURFACEMONITOR_PM_2.5_SPECIES_USA-LosAngeles_20250119T000000Z_F01_V2026p06p10.nc,-9999.0,0.0042,1.1453
20250119,PM_2.5,Elemental_Carbon,0.16,USA-LosAngeles-0001-34.1939N_116.9141W_1801,"Riverside-San Bernardino-Ontario, CA 1",34.193925,-116.914063,government,AQS,SPECIES_USA-LosAngeles-0001_,,,,US,Not in a City,,,,,,,,,,,,,MAIA_ANC_SURFACEMONITOR_PM_2.5_SPECIES_USA-LosAngeles_20250119T000000Z_F01_V2026p06p10.nc,-9999.0,0.0005,0.0957
20250119,PM_2.5,Elemental_Carbon,0.23,USA-LosAngeles-0001-34.8219N_118.8876W_1801,"Bakersfield, CA 1",34.821922,-118.887598,government,AQS,SPECIES_USA-LosAngeles-0001_,,,,US,Lebec,,,,,,,,,,,,,MAIA_ANC_SURFACEMONITOR_PM_2.5_SPECIES_USA-LosAngeles_20250119T000000Z_F01_V2026p06p10.nc,-9999.0,0.0005,0.0901
20250119,PM_2.5,Elemental_Carbon,2.056,USA-LosAngeles-0001-35.3566N_119.0626W_1805,"Bakersfield, CA 5",35.356615,-119.062613,government,AQS,SPECIES_USA-LosAngeles-0001_,,,,US,Bakersfield,,,,,,,,,,,,,MAIA_ANC_SURFACEMONITOR_PM_2.5_SPECIES_USA-LosAngeles_20250119T000000Z_F01_V2026p06p10.nc,-9999.0,0.007,1.4456
20250119,PM_2.5,Elemental_Carbon,2.543,USA-LosAngeles-0001-35.3566N_119.0626W_1806,"Bakersfield, CA 6",35.356615,-119.062613,government,AQS,SPECIES_USA-LosAngeles-0001_,,,,US,Bakersfield,,,,,,,,,,,,,MAIA_ANC_SURFACEMONITOR_PM_2.5_SPECIES_USA-LosAngeles_20250119T000000Z_F01_V2026p06p10.nc,-9999.0,0.0046,1.9558
20250119,PM_2.5,Elemental_Carbon,0.36,USA-LosAngeles-0001-36.4988N_118.8248W_1801,"Visalia-Porterville, CA 1",36.498835,-118.824821,government,AQS,SPECIES_USA-LosAngeles-0001_,,,,US,Sequoia National Park,,,,,,,,,,,,,MAIA_ANC_SURFACEMONITOR_PM_2.5_SPECIES_USA-LosAngeles_20250119T000000Z_F01_V2026p06p10.nc,-9999.0,0.0009,0.1446
20250119,PM_2.5,Elemental_Carbon,2.18,USA-LosAngeles-0001-36.7854N_119.7732W_1801,"Fresno, CA 1",36.78538,-119.77321,government,AQS,SPECIES_USA-LosAngeles-0001_,,,,US,Fresno,,,,,,,,,,,,,MAIA_ANC_SURFACEMONITOR_PM_2.5_SPECIES_USA-LosAngeles_20250119T000000Z_F01_V2026p06p10.nc,-9999.0,0.0058,1.0029
20250119,PM_2.5,Elemental_Carbon,1.963,USA-LosAngeles-0001-36.7854N_119.7732W_1805,"Fresno, CA 5",36.78538,-119.77321,government,AQS,SPECIES_USA-LosAngeles-0001_,,,,US,Fresno,,,,,,,,,,,,,MAIA_ANC_SURFACEMONITOR_PM_2.5_SPECIES_USA-LosAngeles_20250119T000000Z_F01_V2026p06p10.nc,-9999.0,0.0071,1.2484
20250119,PM_2.5,Elemental_Carbon,0.08,USA-LosAngeles-0001-37.3607N_118.3308W_1801,"Bishop, CA 1",37.360684,-118.330783,government,AQS,SPECIES_USA-LosAngeles-0001_,,,,US,Not in a City,,,,,,,,,,,,,MAIA_ANC_SURFACEMONITOR_PM_2.5_SPECIES_USA-LosAngeles_20250119T000000Z_F01_V2026p06p10.nc,-9999.0,0.0006,0.1049
20250119,PM_2.5,Elemental_Carbon,0.09,USA-LosAngeles-0001-37.7133N_119.7062W_1801, 1,37.71325,-119.7062,government,AQS,SPECIES_USA-LosAngeles-0001_,,,,US,Not in a City,,,,,,,,,,,,,MAIA_ANC_SURFACEMONITOR_PM_2.5_SPECIES_USA-LosAngeles_20250119T000000Z_F01_V2026p06p10.nc,-9999.0,0.0003,0.0479
20250119,PM_2.5,Nitrate,0.988,USA-LosAngeles-0001-33.4636N_116.9715W_1801,"Riverside-San Bernardino-Ontario, CA 1",33.463644,-116.971457,government,AQS,SPECIES_USA-LosAngeles-0001_,,,,US,Not in a City,,,,,,,,,,,,,MAIA_ANC_SURFACEMONITOR_PM_2.5_SPECIES_USA-LosAngeles_20250119T000000Z_F01_V2026p06p10.nc,-9999.0,0.0014,0.3501
20250119,PM_2.5,Nitrate,8.53,USA-LosAngeles-0001-33.8306N_117.9385W_1811,"Los Angeles-Long Beach-Anaheim, CA 11",33.83062,-117.93845,government,AQS,SPECIES_USA-LosAngeles-0001_,,,,US,Anaheim,,,,,,,,,,,,,MAIA_ANC_SURFACEMONITOR_PM_2.5_SPECIES_USA-LosAngeles_20250119T000000Z_F01_V2026p06p10.nc,-9999.0,0.0,
20250119,PM_2.5,Nitrate,11.84,USA-LosAngeles-0001-33.9996N_117.4160W_1805,"Riverside-San Bernardino-Ontario, CA 5",33.99958,-117.41601,government,AQS,SPECIES_USA-LosAngeles-0001_,,,,US,Rubidoux,,,,,,,,,,,,,MAIA_ANC_SURFACEMONITOR_PM_2.5_SPECIES_USA-LosAngeles_20250119T000000Z_F01_V2026p06p10.nc,-9999.0,0.0215,4.695
20250119,PM_2.5,Nitrate,12.12,USA-LosAngeles-0001-33.9996N_117.4160W_1806,"Riverside-San Bernardino-Ontario, CA 6",33.99958,-117.41601,government,AQS,SPECIES_USA-LosAngeles-0001_,,,,US,Rubidoux,,,,,,,,,,,,,MAIA_ANC_SURFACEMONITOR_PM_2.5_SPECIES_USA-LosAngeles_20250119T000000Z_F01_V2026p06p10.nc,-9999.0,0.0109,3.7726
20250119,PM_2.5,Nitrate,10.97,USA-LosAngeles-0001-33.9996N_117.4160W_1811,"Riverside-San Bernardino-Ontario, CA 11",33.99958,-117.41601,government,AQS,SPECIES_USA-LosAngeles-0001_,,,,US,Rubidoux,,,,,,,,,,,,,MAIA_ANC_SURFACEMONITOR_PM_2.5_SPECIES_USA-LosAngeles_20250119T000000Z_F01_V2026p06p10.nc,-9999.0,0.0,
20250119,PM_2.5,Nitrate,8.32,USA-LosAngeles-0001-34.0666N_118.2269W_1805,"Los Angeles-Long Beach-Anaheim, CA 5",34.06659,-118.22688,government,AQS,SPECIES_USA-LosAngeles-0001_,,,,US,Los Angeles,,,,,,,,,,,,,MAIA_ANC_SURFACEMONITOR_PM_2.5_SPECIES_USA-LosAngeles_20250119T000000Z_F01_V2026p06p10.nc,-9999.0,0.0196,4.1381
20250119,PM_2.5,Nitrate,7.9,USA-LosAngeles-0001-34.0666N_118.2269W_1811,"Los Angeles-Long Beach-Anaheim, CA 11",34.06659,-118.22688,government,AQS,SPECIES_USA-LosAngeles-0001_,,,,US,Los Angeles,,,,,,,,,,,,,MAIA_ANC_SURFACEMONITOR_PM_2.5_SPECIES_USA-LosAngeles_20250119T000000Z_F01_V2026p06p10.nc,-9999.0,0.0,
20250119,PM_2.5,Nitrate,7.96,USA-LosAngeles-0001-34.0666N_118.2269W_1812,"Los Angeles-Long Beach-Anaheim, CA 12",34.06659,-118.22688,government,AQS,SPECIES_USA-LosAngeles-0001_,,,,US,Los Angeles,,,,,,,,,,,,,MAIA_ANC_SURFACEMONITOR_PM_2.5_SPECIES_USA-LosAngeles_20250119T000000Z_F01_V2026p06p10.nc,-9999.0,0.0,
20250119,PM_2.5,Nitrate,12.4,USA-LosAngeles-0001-34.1000N_117.4920W_1811,"Riverside-San Bernardino-Ontario, CA 11",34.10002,-117.49201,government,AQS,SPECIES_USA-LosAngeles-0001_,,,,US,Fontana,,,,,,,,,,,,,MAIA_ANC_SURFACEMONITOR_PM_2.5_SPECIES_USA-LosAngeles_20250119T000000Z_F01_V2026p06p10.nc,-9999.0,0.0,
20250119,PM_2.5,Nitrate,0.569,USA-LosAngeles-0001-34.1939N_116.9141W_1801,"Riverside-San Bernardino-Ontario, CA 1",34.193925,-116.914063,government,AQS,SPECIES_USA-LosAngeles-0001_,,,,US,Not in a City,,,,,,,,,,,,,MAIA_ANC_SURFACEMONITOR_PM_2.5_SPECIES_USA-LosAngeles_20250119T000000Z_F01_V2026p06p10.nc,-9999.0,0.003,0.8563
20250119,PM_2.5,Nitrate,1.618,USA-LosAngeles-0001-34.8219N_118.8876W_1801,"Bakersfield, CA 1",34.821922,-118.887598,government,AQS,SPECIES_USA-LosAngeles-0001_,,,,US,Lebec,,,,,,,,,,,,,MAIA_ANC_SURFACEMONITOR_PM_2.5_SPECIES_USA-LosAngeles_20250119T000000Z_F01_V2026p06p10.nc,-9999.0,0.0012,0.3776
20250119,PM_2.5,Nitrate,25.44,USA-LosAngeles-0001-35.3566N_119.0626W_1805,"Bakersfield, CA 5",35.356615,-119.062613,government,AQS,SPECIES_USA-LosAngeles-0001_,,,,US,Bakersfield,,,,,,,,,,,,,MAIA_ANC_SURFACEMONITOR_PM_2.5_SPECIES_USA-LosAngeles_20250119T000000Z_F01_V2026p06p10.nc,-9999.0,0.027,5.6187
20250119,PM_2.5,Nitrate,13.62,USA-LosAngeles-0001-35.3566N_119.0626W_1806,"Bakersfield, CA 6",35.356615,-119.062613,government,AQS,SPECIES_USA-LosAngeles-0001_,,,,US,Bakersfield,,,,,,,,,,,,,MAIA_ANC_SURFACEMONITOR_PM_2.5_SPECIES_USA-LosAngeles_20250119T000000Z_F01_V2026p06p10.nc,-9999.0,0.0075,5.3647
20250119,PM_2.5,Nitrate,12.7,USA-LosAngeles-0001-36.3081N_119.3129W_1805,N/A,36.30815,-119.3129,government,AQS,SPECIES_USA-LosAngeles-0001_,,,,US,N/A,,,,,,,,,,,,,MAIA_ANC_SURFACEMONITOR_PM_2.5_SPECIES_USA-LosAngeles_20250119T000000Z_F01_V2026p06p10.nc,-9999.0,0.0157,5.37
20250119,PM_2.5,Nitrate,5.409,USA-LosAngeles-0001-36.4988N_118.8248W_1801,"Visalia-Porterville, CA 1",36.498835,-118.824821,government,AQS,SPECIES_USA-LosAngeles-0001_,,,,US,Sequoia National Park,,,,,,,,,,,,,MAIA_ANC_SURFACEMONITOR_PM_2.5_SPECIES_USA-LosAngeles_20250119T000000Z_F01_V2026p06p10.nc,-9999.0,0.0036,0.8348
20250119,PM_2.5,Nitrate,10.336,USA-LosAngeles-0001-36.7854N_119.7732W_1801,"Fresno, CA 1",36.78538,-119.77321,government,AQS,SPECIES_USA-LosAngeles-0001_,,,,US,Fresno,,,,,,,,,,,,,MAIA_ANC_SURFACEMONITOR_PM_2.5_SPECIES_USA-LosAngeles_20250119T000000Z_F01_V2026p06p10.nc,-9999.0,0.0217,4.2647
20250119,PM_2.5,Nitrate,9.75,USA-LosAngeles-0001-36.7854N_119.7732W_1805,"Fresno, CA 5",36.78538,-119.77321,government,AQS,SPECIES_USA-LosAngeles-0001_,,,,US,Fresno,,,,,,,,,,,,,MAIA_ANC_SURFACEMONITOR_PM_2.5_SPECIES_USA-LosAngeles_20250119T000000Z_F01_V2026p06p10.nc,-9999.0,0.0212,4.1249
20250119,PM_2.5,Nitrate,0.026,USA-LosAngeles-0001-37.3607N_118.3308W_1801,"Bishop, CA 1",37.360684,-118.330783,government,AQS,SPECIES_USA-LosAngeles-0001_,,,,US,Not in a City,,,,,,,,,,,,,MAIA_ANC_SURFACEMONITOR_PM_2.5_SPECIES_USA-LosAngeles_20250119T000000Z_F01_V2026p06p10.nc,-9999.0,0.0004,0.0856
20250119,PM_2.5,Nitrate,0.083,USA-LosAngeles-0001-37.7133N_119.7062W_1801, 1,37.71325,-119.7062,government,AQS,SPECIES_USA-LosAngeles-0001_,,,,US,Not in a City,,,,,,,,,,,,,MAIA_ANC_SURFACEMONITOR_PM_2.5_SPECIES_USA-LosAngeles_20250119T000000Z_F01_V2026p06p10.nc,-9999.0,0.0003,0.0812
20250119,PM_2.5,Organic_Carbon,1.23,USA-LosAngeles-0001-33.4636N_116.9715W_1801,"Riverside-San Bernardino-Ontario, CA 1",33.463644,-116.971457,government,AQS,SPECIES_USA-LosAngeles-0001_,,,,US,Not in a City,,,,,,,,,,,,,MAIA_ANC_SURFACEMONITOR_PM_2.5_SPECIES_USA-LosAngeles_20250119T000000Z_F01_V2026p06p10.nc,-9999.0,0.0029,0.6628
20250119,PM_2.5,Organic_Carbon,5.271,USA-LosAngeles-0001-33.9996N_117.4160W_1805,"Riverside-San Bernardino-Ontario, CA 5",33.99958,-117.41601,government,AQS,SPECIES_USA-LosAngeles-0001_,,,,US,Rubidoux,,,,,,,,,,,,,MAIA_ANC_SURFACEMONITOR_PM_2.5_SPECIES_USA-LosAngeles_20250119T000000Z_F01_V2026p06p10.nc,-9999.0,0.0201,3.3989
20250119,PM_2.5,Organic_Carbon,5.145,USA-LosAngeles-0001-33.9996N_117.4160W_1806,"Riverside-San Bernardino-Ontario, CA 6",33.99958,-117.41601,government,AQS,SPECIES_USA-LosAngeles-0001_,,,,US,Rubidoux,,,,,,,,,,,,,MAIA_ANC_SURFACEMONITOR_PM_2.5_SPECIES_USA-LosAngeles_20250119T000000Z_F01_V2026p06p10.nc,-9999.0,0.0125,3.9285
20250119,PM_2.5,Organic_Carbon,3.548,USA-LosAngeles-0001-34.0666N_118.2269W_1805,"Los Angeles-Long Beach-Anaheim, CA 5",34.06659,-118.22688,government,AQS,SPECIES_USA-LosAngeles-0001_,,,,US,Los Angeles,,,,,,,,,,,,,MAIA_ANC_SURFACEMONITOR_PM_2.5_SPECIES_USA-LosAngeles_20250119T000000Z_F01_V2026p06p10.nc,-9999.0,0.0102,2.7164
20250119,PM_2.5,Organic_Carbon,0.31,USA-LosAngeles-0001-34.1939N_116.9141W_1801,"Riverside-San Bernardino-Ontario, CA 1",34.193925,-116.914063,government,AQS,SPECIES_USA-LosAngeles-0001_,,,,US,Not in a City,,,,,,,,,,,,,MAIA_ANC_SURFACEMONITOR_PM_2.5_SPECIES_USA-LosAngeles_20250119T000000Z_F01_V2026p06p10.nc,-9999.0,0.0021,0.3571
20250119,PM_2.5,Organic_Carbon,0.96,USA-LosAngeles-0001-34.8219N_118.8876W_1801,"Bakersfield, CA 1",34.821922,-118.887598,government,AQS,SPECIES_USA-LosAngeles-0001_,,,,US,Lebec,,,,,,,,,,,,,MAIA_ANC_SURFACEMONITOR_PM_2.5_SPECIES_USA-LosAngeles_20250119T000000Z_F01_V2026p06p10.nc,-9999.0,0.003,0.51
20250119,PM_2.5,Organic_Carbon,5.792,USA-LosAngeles-0001-35.3566N_119.0626W_1805,"Bakersfield, CA 5",35.356615,-119.062613,government,AQS,SPECIES_USA-LosAngeles-0001_,,,,US,Bakersfield,,,,,,,,,,,,,MAIA_ANC_SURFACEMONITOR_PM_2.5_SPECIES_USA-LosAngeles_20250119T000000Z_F01_V2026p06p10.nc,-9999.0,0.0196,3.7205
20250119,PM_2.5,Organic_Carbon,5.907,USA-LosAngeles-0001-35.3566N_119.0626W_1806,"Bakersfield, CA 6",35.356615,-119.062613,government,AQS,SPECIES_USA-LosAngeles-0001_,,,,US,Bakersfield,,,,,,,,,,,,,MAIA_ANC_SURFACEMONITOR_PM_2.5_SPECIES_USA-LosAngeles_20250119T000000Z_F01_V2026p06p10.nc,-9999.0,0.0117,4.5733
20250119,PM_2.5,Organic_Carbon,1.68,USA-LosAngeles-0001-36.4988N_118.8248W_1801,"Visalia-Porterville, CA 1",36.498835,-118.824821,government,AQS,SPECIES_USA-LosAngeles-0001_,,,,US,Sequoia National Park,,,,,,,,,,,,,MAIA_ANC_SURFACEMONITOR_PM_2.5_SPECIES_USA-LosAngeles_20250119T000000Z_F01_V2026p06p10.nc,-9999.0,0.0049,0.7814
20250119,PM_2.5,Organic_Carbon,6.26,USA-LosAngeles-0001-36.7854N_119.7732W_1801,"Fresno, CA 1",36.78538,-119.77321,government,AQS,SPECIES_USA-LosAngeles-0001_,,,,US,Fresno,,,,,,,,,,,,,MAIA_ANC_SURFACEMONITOR_PM_2.5_SPECIES_USA-LosAngeles_20250119T000000Z_F01_V2026p06p10.nc,-9999.0,0.0206,3.6491
20250119,PM_2.5,Organic_Carbon,5.528,USA-LosAngeles-0001-36.7854N_119.7732W_1805,"Fresno, CA 5",36.78538,-119.77321,government,AQS,SPECIES_USA-LosAngeles-0001_,,,,US,Fresno,,,,,,,,,,,,,MAIA_ANC_SURFACEMONITOR_PM_2.5_SPECIES_USA-LosAngeles_20250119T000000Z_F01_V2026p06p10.nc,-9999.0,0.0241,4.1545
20250119,PM_2.5,Organic_Carbon,0.23,USA-LosAngeles-0001-37.3607N_118.3308W_1801,"Bishop, CA 1",37.360684,-118.330783,government,AQS,SPECIES_USA-LosAngeles-0001_,,,,US,Not in a City,,,,,,,,,,,,,MAIA_ANC_SURFACEMONITOR_PM_2.5_SPECIES_USA-LosAngeles_20250119T000000Z_F01_V2026p06p10.nc,-9999.0,0.0024,0.3902
20250119,PM_2.5,Organic_Carbon,0.59,USA-LosAngeles-0001-37.7133N_119.7062W_1801, 1,37.71325,-119.7062,government,AQS,SPECIES_USA-LosAngeles-0001_,,,,US,Not in a City,,,,,,,,,,,,,MAIA_ANC_SURFACEMONITOR_PM_2.5_SPECIES_USA-LosAngeles_20250119T000000Z_F01_V2026p06p10.nc,-9999.0,0.0016,0.3008
20250119,PM_2.5,Sulfate,0.671,USA-LosAngeles-0001-33.4636N_116.9715W_1801,"Riverside-San Bernardino-Ontario, CA 1",33.463644,-116.971457,government,AQS,SPECIES_USA-LosAngeles-0001_,,,,US,Not in a City,,,,,,,,,,,,,MAIA_ANC_SURFACEMONITOR_PM_2.5_SPECIES_USA-LosAngeles_20250119T000000Z_F01_V2026p06p10.nc,-9999.0,0.001,0.231
20250119,PM_2.5,Sulfate,1.64,USA-LosAngeles-0001-33.8306N_117.9385W_1811,"Los Angeles-Long Beach-Anaheim, CA 11",33.83062,-117.93845,government,AQS,SPECIES_USA-LosAngeles-0001_,,,,US,Anaheim,,,,,,,,,,,,,MAIA_ANC_SURFACEMONITOR_PM_2.5_SPECIES_USA-LosAngeles_20250119T000000Z_F01_V2026p06p10.nc,-9999.0,0.0,
20250119,PM_2.5,Sulfate,1.73,USA-LosAngeles-0001-33.9996N_117.4160W_1805,"Riverside-San Bernardino-Ontario, CA 5",33.99958,-117.41601,government,AQS,SPECIES_USA-LosAngeles-0001_,,,,US,Rubidoux,,,,,,,,,,,,,MAIA_ANC_SURFACEMONITOR_PM_2.5_SPECIES_USA-LosAngeles_20250119T000000Z_F01_V2026p06p10.nc,-9999.0,0.0027,0.4881
20250119,PM_2.5,Sulfate,1.78,USA-LosAngeles-0001-33.9996N_117.4160W_1806,"Riverside-San Bernardino-Ontario, CA 6",33.99958,-117.41601,government,AQS,SPECIES_USA-LosAngeles-0001_,,,,US,Rubidoux,,,,,,,,,,,,,MAIA_ANC_SURFACEMONITOR_PM_2.5_SPECIES_USA-LosAngeles_20250119T000000Z_F01_V2026p06p10.nc,-9999.0,0.0016,0.5143
20250119,PM_2.5,Sulfate,1.65,USA-LosAngeles-0001-33.9996N_117.4160W_1811,"Riverside-San Bernardino-Ontario, CA 11",33.99958,-117.41601,government,AQS,SPECIES_USA-LosAngeles-0001_,,,,US,Rubidoux,,,,,,,,,,,,,MAIA_ANC_SURFACEMONITOR_PM_2.5_SPECIES_USA-LosAngeles_20250119T000000Z_F01_V2026p06p10.nc,-9999.0,0.0,
20250119,PM_2.5,Sulfate,1.63,USA-LosAngeles-0001-34.0666N_118.2269W_1805,"Los Angeles-Long Beach-Anaheim, CA 5",34.06659,-118.22688,government,AQS,SPECIES_USA-LosAngeles-0001_,,,,US,Los Angeles,,,,,,,,,,,,,MAIA_ANC_SURFACEMONITOR_PM_2.5_SPECIES_USA-LosAngeles_20250119T000000Z_F01_V2026p06p10.nc,-9999.0,0.0032,0.5912
20250119,PM_2.5,Sulfate,1.33,USA-LosAngeles-0001-34.0666N_118.2269W_1811,"Los Angeles-Long Beach-Anaheim, CA 11",34.06659,-118.22688,government,AQS,SPECIES_USA-LosAngeles-0001_,,,,US,Los Angeles,,,,,,,,,,,,,MAIA_ANC_SURFACEMONITOR_PM_2.5_SPECIES_USA-LosAngeles_20250119T000000Z_F01_V2026p06p10.nc,-9999.0,0.0,
20250119,PM_2.5,Sulfate,1.32,USA-LosAngeles-0001-34.0666N_118.2269W_1812,"Los Angeles-Long Beach-Anaheim, CA 12",34.06659,-118.22688,government,AQS,SPECIES_USA-LosAngeles-0001_,,,,US,Los Angeles,,,,,,,,,,,,,MAIA_ANC_SURFACEMONITOR_PM_2.5_SPECIES_USA-LosAngeles_20250119T000000Z_F01_V2026p06p10.nc,-9999.0,0.0,
20250119,PM_2.5,Sulfate,1.47,USA-LosAngeles-0001-34.1000N_117.4920W_1811,"Riverside-San Bernardino-Ontario, CA 11",34.10002,-117.49201,government,AQS,SPECIES_USA-LosAngeles-0001_,,,,US,Fontana,,,,,,,,,,,,,MAIA_ANC_SURFACEMONITOR_PM_2.5_SPECIES_USA-LosAngeles_20250119T000000Z_F01_V2026p06p10.nc,-9999.0,0.0,
20250119,PM_2.5,Sulfate,0.178,USA-LosAngeles-0001-34.1939N_116.9141W_1801,"Riverside-San Bernardino-Ontario, CA 1",34.193925,-116.914063,government,AQS,SPECIES_USA-LosAngeles-0001_,,,,US,Not in a City,,,,,,,,,,,,,MAIA_ANC_SURFACEMONITOR_PM_2.5_SPECIES_USA-LosAngeles_20250119T000000Z_F01_V2026p06p10.nc,-9999.0,0.0009,0.1562
20250119,PM_2.5,Sulfate,0.314,USA-LosAngeles-0001-34.8219N_118.8876W_1801,"Bakersfield, CA 1",34.821922,-118.887598,government,AQS,SPECIES_USA-LosAngeles-0001_,,,,US,Lebec,,,,,,,,,,,,,MAIA_ANC_SURFACEMONITOR_PM_2.5_SPECIES_USA-LosAngeles_20250119T000000Z_F01_V2026p06p10.nc,-9999.0,0.001,0.1725
20250119,PM_2.5,Sulfate,2.57,USA-LosAngeles-0001-35.3566N_119.0626W_1805,"Bakersfield, CA 5",35.356615,-119.062613,government,AQS,SPECIES_USA-LosAngeles-0001_,,,,US,Bakersfield,,,,,,,,,,,,,MAIA_ANC_SURFACEMONITOR_PM_2.5_SPECIES_USA-LosAngeles_20250119T000000Z_F01_V2026p06p10.nc,-9999.0,0.0057,1.2076
20250119,PM_2.5,Sulfate,1.32,USA-LosAngeles-0001-35.3566N_119.0626W_1806,"Bakersfield, CA 6",35.356615,-119.062613,government,AQS,SPECIES_USA-LosAngeles-0001_,,,,US,Bakersfield,,,,,,,,,,,,,MAIA_ANC_SURFACEMONITOR_PM_2.5_SPECIES_USA-LosAngeles_20250119T000000Z_F01_V2026p06p10.nc,-9999.0,0.0013,0.8347
20250119,PM_2.5,Sulfate,1.2,USA-LosAngeles-0001-36.3081N_119.3129W_1805,N/A,36.30815,-119.3129,government,AQS,SPECIES_USA-LosAngeles-0001_,,,,US,N/A,,,,,,,,,,,,,MAIA_ANC_SURFACEMONITOR_PM_2.5_SPECIES_USA-LosAngeles_20250119T000000Z_F01_V2026p06p10.nc,-9999.0,0.0032,1.1187
20250119,PM_2.5,Sulfate,0.593,USA-LosAngeles-0001-36.4988N_118.8248W_1801,"Visalia-Porterville, CA 1",36.498835,-118.824821,government,AQS,SPECIES_USA-LosAngeles-0001_,,,,US,Sequoia National Park,,,,,,,,,,,,,MAIA_ANC_SURFACEMONITOR_PM_2.5_SPECIES_USA-LosAngeles_20250119T000000Z_F01_V2026p06p10.nc,-9999.0,0.0015,0.2594
20250119,PM_2.5,Sulfate,1.001,USA-LosAngeles-0001-36.7854N_119.7732W_1801,"Fresno, CA 1",36.78538,-119.77321,government,AQS,SPECIES_USA-LosAngeles-0001_,,,,US,Fresno,,,,,,,,,,,,,MAIA_ANC_SURFACEMONITOR_PM_2.5_SPECIES_USA-LosAngeles_20250119T000000Z_F01_V2026p06p10.nc,-9999.0,0.0043,0.8006
20250119,PM_2.5,Sulfate,1.07,USA-LosAngeles-0001-36.7854N_119.7732W_1805,"Fresno, CA 5",36.78538,-119.77321,government,AQS,SPECIES_USA-LosAngeles-0001_,,,,US,Fresno,,,,,,,,,,,,,MAIA_ANC_SURFACEMONITOR_PM_2.5_SPECIES_USA-LosAngeles_20250119T000000Z_F01_V2026p06p10.nc,-9999.0,0.0045,0.8318
20250119,PM_2.5,Sulfate,0.131,USA-LosAngeles-0001-37.3607N_118.3308W_1801,"Bishop, CA 1",37.360684,-118.330783,government,AQS,SPECIES_USA-LosAngeles-0001_,,,,US,Not in a City,,,,,,,,,,,,,MAIA_ANC_SURFACEMONITOR_PM_2.5_SPECIES_USA-LosAngeles_20250119T000000Z_F01_V2026p06p10.nc,-9999.0,0.0009,0.1702
20250119,PM_2.5,Sulfate,0.209,USA-LosAngeles-0001-37.7133N_119.7062W_1801, 1,37.71325,-119.7062,government,AQS,SPECIES_USA-LosAngeles-0001_,,,,US,Not in a City,,,,,,,,,,,,,MAIA_ANC_SURFACEMONITOR_PM_2.5_SPECIES_USA-LosAngeles_20250119T000000Z_F01_V2026p06p10.nc,-9999.0,0.0005,0.0919
20250120,PM_2.5,Black_Carbon,0.0,USA-LosAngeles-0001-34.1994N_118.1732W_0800,AethLabs JPL,34.19941255,-118.1732079,research,aethalometer,SPECIES_USA-LosAngeles-0001_,,,,US,Pasadena,0.0028,900.0,0.0,0.0,0.0,720.0,0.0,0.0,898.0,900.0,0.0,2.0,MAIA_ANC_SURFACEMONITOR_PM_2.5_SPECIES_USA-LosAngeles_20250120T000000Z_F01_V2026p06p10.nc,,,
20250121,PM_2.5,Black_Carbon,0.0,USA-LosAngeles-0001-34.1994N_118.1732W_0800,AethLabs JPL,34.19941255,-118.1732079,research,aethalometer,SPECIES_USA-LosAngeles-0001_,,,,US,Pasadena,0.0028,900.0,0.0,0.0,0.0,720.0,0.0,0.0,898.0,900.0,0.0,2.0,MAIA_ANC_SURFACEMONITOR_PM_2.5_SPECIES_USA-LosAngeles_20250121T000000Z_F01_V2026p06p10.nc,,,
20250122,PM_2.5,Black_Carbon,0.0,USA-LosAngeles-0001-34.1994N_118.1732W_0800,AethLabs JPL,34.19941255,-118.1732079,research,aethalometer,SPECIES_USA-LosAngeles-0001_,,,,US,Pasadena,0.0028,900.0,0.0,0.0,0.0,720.0,0.0,0.0,898.0,900.0,0.0,2.0,MAIA_ANC_SURFACEMONITOR_PM_2.5_SPECIES_USA-LosAngeles_20250122T000000Z_F01_V2026p06p10.nc,,,
20250122,PM_2.5,Dust,1.6085,USA-LosAngeles-0001-33.9996N_117.4160W_1805,"Riverside-San Bernardino-Ontario, CA 5",33.99958,-117.41601,government,AQS,SPECIES_USA-LosAngeles-0001_,,,,US,Rubidoux,,,,,,,,,,,,,MAIA_ANC_SURFACEMONITOR_PM_2.5_SPECIES_USA-LosAngeles_20250122T000000Z_F01_V2026p06p10.nc,1.0,0.8934112500000001,0.545894125390572
20250122,PM_2.5,Dust,1.8829,USA-LosAngeles-0001-34.0666N_118.2269W_1805,"Los Angeles-Long Beach-Anaheim, CA 5",34.06659,-118.22688,government,AQS,SPECIES_USA-LosAngeles-0001_,,,,US,Los Angeles,,,,,,,,,,,,,MAIA_ANC_SURFACEMONITOR_PM_2.5_SPECIES_USA-LosAngeles_20250122T000000Z_F01_V2026p06p10.nc,0.0,0.6212163636363637,0.27106348006166475
20250122,PM_2.5,Dust,0.1311,USA-LosAngeles-0001-34.1939N_116.9141W_1801,"Riverside-San Bernardino-Ontario, CA 1",34.193925,-116.914063,government,AQS,SPECIES_USA-LosAngeles-0001_,,,,US,Not in a City,,,,,,,,,,,,,MAIA_ANC_SURFACEMONITOR_PM_2.5_SPECIES_USA-LosAngeles_20250122T000000Z_F01_V2026p06p10.nc,1.0,0.13754363636363637,0.09184300560024129
20250122,PM_2.5,Dust,0.1809,USA-LosAngeles-0001-34.8219N_118.8876W_1801,"Bakersfield, CA 1",34.821922,-118.887598,government,AQS,SPECIES_USA-LosAngeles-0001_,,,,US,Lebec,,,,,,,,,,,,,MAIA_ANC_SURFACEMONITOR_PM_2.5_SPECIES_USA-LosAngeles_20250122T000000Z_F01_V2026p06p10.nc,1.0,0.09587454545454546,0.07779236575813808
20250122,PM_2.5,Dust,1.3562,USA-LosAngeles-0001-35.3566N_119.0626W_1805,"Bakersfield, CA 5",35.356615,-119.062613,government,AQS,SPECIES_USA-LosAngeles-0001_,,,,US,Bakersfield,,,,,,,,,,,,,MAIA_ANC_SURFACEMONITOR_PM_2.5_SPECIES_USA-LosAngeles_20250122T000000Z_F01_V2026p06p10.nc,0.0,0.426276,0.21017801708075942
20250122,PM_2.5,Dust,0.2239,USA-LosAngeles-0001-36.4988N_118.8248W_1801,"Visalia-Porterville, CA 1",36.498835,-118.824821,government,AQS,SPECIES_USA-LosAngeles-0001_,,,,US,Sequoia National Park,,,,,,,,,,,,,MAIA_ANC_SURFACEMONITOR_PM_2.5_SPECIES_USA-LosAngeles_20250122T000000Z_F01_V2026p06p10.nc,0.0,0.06566454545454546,0.032651107836874485
20250122,PM_2.5,Dust,1.0704,USA-LosAngeles-0001-36.7854N_119.7732W_1801,"Fresno, CA 1",36.78538,-119.77321,government,AQS,SPECIES_USA-LosAngeles-0001_,,,,US,Fresno,,,,,,,,,,,,,MAIA_ANC_SURFACEMONITOR_PM_2.5_SPECIES_USA-LosAngeles_20250122T000000Z_F01_V2026p06p10.nc,0.0,0.37174545454545455,0.154331419081477
20250122,PM_2.5,Dust,0.9146,USA-LosAngeles-0001-36.7854N_119.7732W_1805,"Fresno, CA 5",36.78538,-119.77321,government,AQS,SPECIES_USA-LosAngeles-0001_,,,,US,Fresno,,,,,,,,,,,,,MAIA_ANC_SURFACEMONITOR_PM_2.5_SPECIES_USA-LosAngeles_20250122T000000Z_F01_V2026p06p10.nc,0.0,0.2370081818181818,0.11422267135398152
20250122,PM_2.5,Dust,0.6543,USA-LosAngeles-0001-37.3607N_118.3308W_1801,"Bishop, CA 1",37.360684,-118.330783,government,AQS,SPECIES_USA-LosAngeles-0001_,,,,US,Not in a City,,,,,,,,,,,,,MAIA_ANC_SURFACEMONITOR_PM_2.5_SPECIES_USA-LosAngeles_20250122T000000Z_F01_V2026p06p10.nc,1.0,0.339499090909091,0.3459530004982166
20250122,PM_2.5,Dust,0.0892,USA-LosAngeles-0001-37.7133N_119.7062W_1801, 1,37.71325,-119.7062,government,AQS,SPECIES_USA-LosAngeles-0001_,,,,US,Not in a City,,,,,,,,,,,,,MAIA_ANC_SURFACEMONITOR_PM_2.5_SPECIES_USA-LosAngeles_20250122T000000Z_F01_V2026p06p10.nc,1.0,0.03261272727272728,0.03150998055188491
20250122,PM_2.5,Dust,0.067,USA-LosAngeles-0001-37.7133N_119.7062W_1802, 2,37.71325,-119.7062,government,AQS,SPECIES_USA-LosAngeles-0001_,,,,US,Not in a City,,,,,,,,,,,,,MAIA_ANC_SURFACEMONITOR_PM_2.5_SPECIES_USA-LosAngeles_20250122T000000Z_F01_V2026p06p10.nc,-9999.0,-9999.0,-9999.0
20250122,PM_2.5,Elemental_Carbon,0.733,USA-LosAngeles-0001-33.9996N_117.4160W_1805,"Riverside-San Bernardino-Ontario, CA 5",33.99958,-117.41601,government,AQS,SPECIES_USA-LosAngeles-0001_,,,,US,Rubidoux,,,,,,,,,,,,,MAIA_ANC_SURFACEMONITOR_PM_2.5_SPECIES_USA-LosAngeles_20250122T000000Z_F01_V2026p06p10.nc,-9999.0,0.01,1.8023
20250122,PM_2.5,Elemental_Carbon,1.215,USA-LosAngeles-0001-34.0666N_118.2269W_1805,"Los Angeles-Long Beach-Anaheim, CA 5",34.06659,-118.22688,government,AQS,SPECIES_USA-LosAngeles-0001_,,,,US,Los Angeles,,,,,,,,,,,,,MAIA_ANC_SURFACEMONITOR_PM_2.5_SPECIES_USA-LosAngeles_20250122T000000Z_F01_V2026p06p10.nc,-9999.0,0.0042,1.1453
20250122,PM_2.5,Elemental_Carbon,0.03,USA-LosAngeles-0001-34.1939N_116.9141W_1801,"Riverside-San Bernardino-Ontario, CA 1",34.193925,-116.914063,government,AQS,SPECIES_USA-LosAngeles-0001_,,,,US,Not in a City,,,,,,,,,,,,,MAIA_ANC_SURFACEMONITOR_PM_2.5_SPECIES_USA-LosAngeles_20250122T000000Z_F01_V2026p06p10.nc,-9999.0,0.0005,0.0957
20250122,PM_2.5,Elemental_Carbon,0.06,USA-LosAngeles-0001-34.8219N_118.8876W_1801,"Bakersfield, CA 1",34.821922,-118.887598,government,AQS,SPECIES_USA-LosAngeles-0001_,,,,US,Lebec,,,,,,,,,,,,,MAIA_ANC_SURFACEMONITOR_PM_2.5_SPECIES_USA-LosAngeles_20250122T000000Z_F01_V2026p06p10.nc,-9999.0,0.0005,0.0901
20250122,PM_2.5,Elemental_Carbon,1.433,USA-LosAngeles-0001-35.3566N_119.0626W_1805,"Bakersfield, CA 5",35.356615,-119.062613,government,AQS,SPECIES_USA-LosAngeles-0001_,,,,US,Bakersfield,,,,,,,,,,,,,MAIA_ANC_SURFACEMONITOR_PM_2.5_SPECIES_USA-LosAngeles_20250122T000000Z_F01_V2026p06p10.nc,-9999.0,0.007,1.4456
20250122,PM_2.5,Elemental_Carbon,0.17,USA-LosAngeles-0001-36.4988N_118.8248W_1801,"Visalia-Porterville, CA 1",36.498835,-118.824821,government,AQS,SPECIES_USA-LosAngeles-0001_,,,,US,Sequoia National Park,,,,,,,,,,,,,MAIA_ANC_SURFACEMONITOR_PM_2.5_SPECIES_USA-LosAngeles_20250122T000000Z_F01_V2026p06p10.nc,-9999.0,0.0009,0.1446
20250122,PM_2.5,Elemental_Carbon,1.73,USA-LosAngeles-0001-36.7854N_119.7732W_1801,"Fresno, CA 1",36.78538,-119.77321,government,AQS,SPECIES_USA-LosAngeles-0001_,,,,US,Fresno,,,,,,,,,,,,,MAIA_ANC_SURFACEMONITOR_PM_2.5_SPECIES_USA-LosAngeles_20250122T000000Z_F01_V2026p06p10.nc,-9999.0,0.0058,1.0029
20250122,PM_2.5,Elemental_Carbon,2.126,USA-LosAngeles-0001-36.7854N_119.7732W_1805,"Fresno, CA 5",36.78538,-119.77321,government,AQS,SPECIES_USA-LosAngeles-0001_,,,,US,Fresno,,,,,,,,,,,,,MAIA_ANC_SURFACEMONITOR_PM_2.5_SPECIES_USA-LosAngeles_20250122T000000Z_F01_V2026p06p10.nc,-9999.0,0.0071,1.2484
20250122,PM_2.5,Elemental_Carbon,0.02,USA-LosAngeles-0001-37.3607N_118.3308W_1801,"Bishop, CA 1",37.360684,-118.330783,government,AQS,SPECIES_USA-LosAngeles-0001_,,,,US,Not in a City,,,,,,,,,,,,,MAIA_ANC_SURFACEMONITOR_PM_2.5_SPECIES_USA-LosAngeles_20250122T000000Z_F01_V2026p06p10.nc,-9999.0,0.0006,0.1049
20250122,PM_2.5,Elemental_Carbon,0.06,USA-LosAngeles-0001-37.7133N_119.7062W_1801, 1,37.71325,-119.7062,government,AQS,SPECIES_USA-LosAngeles-0001_,,,,US,Not in a City,,,,,,,,,,,,,MAIA_ANC_SURFACEMONITOR_PM_2.5_SPECIES_USA-LosAngeles_20250122T000000Z_F01_V2026p06p10.nc,-9999.0,0.0003,0.0479
20250122,PM_2.5,Nitrate,0.24,USA-LosAngeles-0001-33.9996N_117.4160W_1805,"Riverside-San Bernardino-Ontario, CA 5",33.99958,-117.41601,government,AQS,SPECIES_USA-LosAngeles-0001_,,,,US,Rubidoux,,,,,,,,,,,,,MAIA_ANC_SURFACEMONITOR_PM_2.5_SPECIES_USA-LosAngeles_20250122T000000Z_F01_V2026p06p10.nc,-9999.0,0.0215,4.695
20250122,PM_2.5,Nitrate,0.31,USA-LosAngeles-0001-34.0666N_118.2269W_1805,"Los Angeles-Long Beach-Anaheim, CA 5",34.06659,-118.22688,government,AQS,SPECIES_USA-LosAngeles-0001_,,,,US,Los Angeles,,,,,,,,,,,,,MAIA_ANC_SURFACEMONITOR_PM_2.5_SPECIES_USA-LosAngeles_20250122T000000Z_F01_V2026p06p10.nc,-9999.0,0.0196,4.1381
20250122,PM_2.5,Nitrate,0.003,USA-LosAngeles-0001-34.1939N_116.9141W_1801,"Riverside-San Bernardino-Ontario, CA 1",34.193925,-116.914063,government,AQS,SPECIES_USA-LosAngeles-0001_,,,,US,Not in a City,,,,,,,,,,,,,MAIA_ANC_SURFACEMONITOR_PM_2.5_SPECIES_USA-LosAngeles_20250122T000000Z_F01_V2026p06p10.nc,-9999.0,0.003,0.8563
20250122,PM_2.5,Nitrate,0.009,USA-LosAngeles-0001-34.8219N_118.8876W_1801,"Bakersfield, CA 1",34.821922,-118.887598,government,AQS,SPECIES_USA-LosAngeles-0001_,,,,US,Lebec,,,,,,,,,,,,,MAIA_ANC_SURFACEMONITOR_PM_2.5_SPECIES_USA-LosAngeles_20250122T000000Z_F01_V2026p06p10.nc,-9999.0,0.0012,0.3776
20250122,PM_2.5,Nitrate,10.5,USA-LosAngeles-0001-35.3566N_119.0626W_1805,"Bakersfield, CA 5",35.356615,-119.062613,government,AQS,SPECIES_USA-LosAngeles-0001_,,,,US,Bakersfield,,,,,,,,,,,,,MAIA_ANC_SURFACEMONITOR_PM_2.5_SPECIES_USA-LosAngeles_20250122T000000Z_F01_V2026p06p10.nc,-9999.0,0.027,5.6187
20250122,PM_2.5,Nitrate,1.795,USA-LosAngeles-0001-36.4988N_118.8248W_1801,"Visalia-Porterville, CA 1",36.498835,-118.824821,government,AQS,SPECIES_USA-LosAngeles-0001_,,,,US,Sequoia National Park,,,,,,,,,,,,,MAIA_ANC_SURFACEMONITOR_PM_2.5_SPECIES_USA-LosAngeles_20250122T000000Z_F01_V2026p06p10.nc,-9999.0,0.0036,0.8348
20250122,PM_2.5,Nitrate,3.153,USA-LosAngeles-0001-36.7854N_119.7732W_1801,"Fresno, CA 1",36.78538,-119.77321,government,AQS,SPECIES_USA-LosAngeles-0001_,,,,US,Fresno,,,,,,,,,,,,,MAIA_ANC_SURFACEMONITOR_PM_2.5_SPECIES_USA-LosAngeles_20250122T000000Z_F01_V2026p06p10.nc,-9999.0,0.0217,4.2647
20250122,PM_2.5,Nitrate,8.81,USA-LosAngeles-0001-36.7854N_119.7732W_1805,"Fresno, CA 5",36.78538,-119.77321,government,AQS,SPECIES_USA-LosAngeles-0001_,,,,US,Fresno,,,,,,,,,,,,,MAIA_ANC_SURFACEMONITOR_PM_2.5_SPECIES_USA-LosAngeles_20250122T000000Z_F01_V2026p06p10.nc,-9999.0,0.0212,4.1249
20250122,PM_2.5,Nitrate,0.01,USA-LosAngeles-0001-37.3607N_118.3308W_1801,"Bishop, CA 1",37.360684,-118.330783,government,AQS,SPECIES_USA-LosAngeles-0001_,,,,US,Not in a City,,,,,,,,,,,,,MAIA_ANC_SURFACEMONITOR_PM_2.5_SPECIES_USA-LosAngeles_20250122T000000Z_F01_V2026p06p10.nc,-9999.0,0.0004,0.0856
20250122,PM_2.5,Nitrate,0.018,USA-LosAngeles-0001-37.7133N_119.7062W_1801, 1,37.71325,-119.7062,government,AQS,SPECIES_USA-LosAngeles-0001_,,,,US,Not in a City,,,,,,,,,,,,,MAIA_ANC_SURFACEMONITOR_PM_2.5_SPECIES_USA-LosAngeles_20250122T000000Z_F01_V2026p06p10.nc,-9999.0,0.0003,0.0812
20250122,PM_2.5,Organic_Carbon,1.179,USA-LosAngeles-0001-33.9996N_117.4160W_1805,"Riverside-San Bernardino-Ontario, CA 5",33.99958,-117.41601,government,AQS,SPECIES_USA-LosAngeles-0001_,,,,US,Rubidoux,,,,,,,,,,,,,MAIA_ANC_SURFACEMONITOR_PM_2.5_SPECIES_USA-LosAngeles_20250122T000000Z_F01_V2026p06p10.nc,-9999.0,0.0201,3.3989
20250122,PM_2.5,Organic_Carbon,2.612,USA-LosAngeles-0001-34.0666N_118.2269W_1805,"Los Angeles-Long Beach-Anaheim, CA 5",34.06659,-118.22688,government,AQS,SPECIES_USA-LosAngeles-0001_,,,,US,Los Angeles,,,,,,,,,,,,,MAIA_ANC_SURFACEMONITOR_PM_2.5_SPECIES_USA-LosAngeles_20250122T000000Z_F01_V2026p06p10.nc,-9999.0,0.0102,2.7164
20250122,PM_2.5,Organic_Carbon,0.08,USA-LosAngeles-0001-34.1939N_116.9141W_1801,"Riverside-San Bernardino-Ontario, CA 1",34.193925,-116.914063,government,AQS,SPECIES_USA-LosAngeles-0001_,,,,US,Not in a City,,,,,,,,,,,,,MAIA_ANC_SURFACEMONITOR_PM_2.5_SPECIES_USA-LosAngeles_20250122T000000Z_F01_V2026p06p10.nc,-9999.0,0.0021,0.3571
20250122,PM_2.5,Organic_Carbon,0.09,USA-LosAngeles-0001-34.8219N_118.8876W_1801,"Bakersfield, CA 1",34.821922,-118.887598,government,AQS,SPECIES_USA-LosAngeles-0001_,,,,US,Lebec,,,,,,,,,,,,,MAIA_ANC_SURFACEMONITOR_PM_2.5_SPECIES_USA-LosAngeles_20250122T000000Z_F01_V2026p06p10.nc,-9999.0,0.003,0.51
20250122,PM_2.5,Organic_Carbon,5.304,USA-LosAngeles-0001-35.3566N_119.0626W_1805,"Bakersfield, CA 5",35.356615,-119.062613,government,AQS,SPECIES_USA-LosAngeles-0001_,,,,US,Bakersfield,,,,,,,,,,,,,MAIA_ANC_SURFACEMONITOR_PM_2.5_SPECIES_USA-LosAngeles_20250122T000000Z_F01_V2026p06p10.nc,-9999.0,0.0196,3.7205
20250122,PM_2.5,Organic_Carbon,0.9,USA-LosAngeles-0001-36.4988N_118.8248W_1801,"Visalia-Porterville, CA 1",36.498835,-118.824821,government,AQS,SPECIES_USA-LosAngeles-0001_,,,,US,Sequoia National Park,,,,,,,,,,,,,MAIA_ANC_SURFACEMONITOR_PM_2.5_SPECIES_USA-LosAngeles_20250122T000000Z_F01_V2026p06p10.nc,-9999.0,0.0049,0.7814
20250122,PM_2.5,Organic_Carbon,5.41,USA-LosAngeles-0001-36.7854N_119.7732W_1801,"Fresno, CA 1",36.78538,-119.77321,government,AQS,SPECIES_USA-LosAngeles-0001_,,,,US,Fresno,,,,,,,,,,,,,MAIA_ANC_SURFACEMONITOR_PM_2.5_SPECIES_USA-LosAngeles_20250122T000000Z_F01_V2026p06p10.nc,-9999.0,0.0206,3.6491
20250122,PM_2.5,Organic_Carbon,5.801,USA-LosAngeles-0001-36.7854N_119.7732W_1805,"Fresno, CA 5",36.78538,-119.77321,government,AQS,SPECIES_USA-LosAngeles-0001_,,,,US,Fresno,,,,,,,,,,,,,MAIA_ANC_SURFACEMONITOR_PM_2.5_SPECIES_USA-LosAngeles_20250122T000000Z_F01_V2026p06p10.nc,-9999.0,0.0241,4.1545
20250122,PM_2.5,Organic_Carbon,0.14,USA-LosAngeles-0001-37.3607N_118.3308W_1801,"Bishop, CA 1",37.360684,-118.330783,government,AQS,SPECIES_USA-LosAngeles-0001_,,,,US,Not in a City,,,,,,,,,,,,,MAIA_ANC_SURFACEMONITOR_PM_2.5_SPECIES_USA-LosAngeles_20250122T000000Z_F01_V2026p06p10.nc,-9999.0,0.0024,0.3902
20250122,PM_2.5,Organic_Carbon,0.28,USA-LosAngeles-0001-37.7133N_119.7062W_1801, 1,37.71325,-119.7062,government,AQS,SPECIES_USA-LosAngeles-0001_,,,,US,Not in a City,,,,,,,,,,,,,MAIA_ANC_SURFACEMONITOR_PM_2.5_SPECIES_USA-LosAngeles_20250122T000000Z_F01_V2026p06p10.nc,-9999.0,0.0016,0.3008
20250122,PM_2.5,Sulfate,0.21,USA-LosAngeles-0001-33.9996N_117.4160W_1805,"Riverside-San Bernardino-Ontario, CA 5",33.99958,-117.41601,government,AQS,SPECIES_USA-LosAngeles-0001_,,,,US,Rubidoux,,,,,,,,,,,,,MAIA_ANC_SURFACEMONITOR_PM_2.5_SPECIES_USA-LosAngeles_20250122T000000Z_F01_V2026p06p10.nc,-9999.0,0.0027,0.4881
20250122,PM_2.5,Sulfate,0.21,USA-LosAngeles-0001-34.0666N_118.2269W_1805,"Los Angeles-Long Beach-Anaheim, CA 5",34.06659,-118.22688,government,AQS,SPECIES_USA-LosAngeles-0001_,,,,US,Los Angeles,,,,,,,,,,,,,MAIA_ANC_SURFACEMONITOR_PM_2.5_SPECIES_USA-LosAngeles_20250122T000000Z_F01_V2026p06p10.nc,-9999.0,0.0032,0.5912
20250122,PM_2.5,Sulfate,0.056,USA-LosAngeles-0001-34.1939N_116.9141W_1801,"Riverside-San Bernardino-Ontario, CA 1",34.193925,-116.914063,government,AQS,SPECIES_USA-LosAngeles-0001_,,,,US,Not in a City,,,,,,,,,,,,,MAIA_ANC_SURFACEMONITOR_PM_2.5_SPECIES_USA-LosAngeles_20250122T000000Z_F01_V2026p06p10.nc,-9999.0,0.0009,0.1562
20250122,PM_2.5,Sulfate,0.06,USA-LosAngeles-0001-34.8219N_118.8876W_1801,"Bakersfield, CA 1",34.821922,-118.887598,government,AQS,SPECIES_USA-LosAngeles-0001_,,,,US,Lebec,,,,,,,,,,,,,MAIA_ANC_SURFACEMONITOR_PM_2.5_SPECIES_USA-LosAngeles_20250122T000000Z_F01_V2026p06p10.nc,-9999.0,0.001,0.1725
20250122,PM_2.5,Sulfate,1.03,USA-LosAngeles-0001-35.3566N_119.0626W_1805,"Bakersfield, CA 5",35.356615,-119.062613,government,AQS,SPECIES_USA-LosAngeles-0001_,,,,US,Bakersfield,,,,,,,,,,,,,MAIA_ANC_SURFACEMONITOR_PM_2.5_SPECIES_USA-LosAngeles_20250122T000000Z_F01_V2026p06p10.nc,-9999.0,0.0057,1.2076
20250122,PM_2.5,Sulfate,0.337,USA-LosAngeles-0001-36.4988N_118.8248W_1801,"Visalia-Porterville, CA 1",36.498835,-118.824821,government,AQS,SPECIES_USA-LosAngeles-0001_,,,,US,Sequoia National Park,,,,,,,,,,,,,MAIA_ANC_SURFACEMONITOR_PM_2.5_SPECIES_USA-LosAngeles_20250122T000000Z_F01_V2026p06p10.nc,-9999.0,0.0015,0.2594
20250122,PM_2.5,Sulfate,0.573,USA-LosAngeles-0001-36.7854N_119.7732W_1801,"Fresno, CA 1",36.78538,-119.77321,government,AQS,SPECIES_USA-LosAngeles-0001_,,,,US,Fresno,,,,,,,,,,,,,MAIA_ANC_SURFACEMONITOR_PM_2.5_SPECIES_USA-LosAngeles_20250122T000000Z_F01_V2026p06p10.nc,-9999.0,0.0043,0.8006
20250122,PM_2.5,Sulfate,0.99,USA-LosAngeles-0001-36.7854N_119.7732W_1805,"Fresno, CA 5",36.78538,-119.77321,government,AQS,SPECIES_USA-LosAngeles-0001_,,,,US,Fresno,,,,,,,,,,,,,MAIA_ANC_SURFACEMONITOR_PM_2.5_SPECIES_USA-LosAngeles_20250122T000000Z_F01_V2026p06p10.nc,-9999.0,0.0045,0.8318
20250122,PM_2.5,Sulfate,0.082,USA-LosAngeles-0001-37.3607N_118.3308W_1801,"Bishop, CA 1",37.360684,-118.330783,government,AQS,SPECIES_USA-LosAngeles-0001_,,,,US,Not in a City,,,,,,,,,,,,,MAIA_ANC_SURFACEMONITOR_PM_2.5_SPECIES_USA-LosAngeles_20250122T000000Z_F01_V2026p06p10.nc,-9999.0,0.0009,0.1702
20250122,PM_2.5,Sulfate,0.089,USA-LosAngeles-0001-37.7133N_119.7062W_1801, 1,37.71325,-119.7062,government,AQS,SPECIES_USA-LosAngeles-0001_,,,,US,Not in a City,,,,,,,,,,,,,MAIA_ANC_SURFACEMONITOR_PM_2.5_SPECIES_USA-LosAngeles_20250122T000000Z_F01_V2026p06p10.nc,-9999.0,0.0005,0.0919
20250123,PM_2.5,Black_Carbon,0.0,USA-LosAngeles-0001-34.1994N_118.1732W_0800,AethLabs JPL,34.19941255,-118.1732079,research,aethalometer,SPECIES_USA-LosAngeles-0001_,,,,US,Pasadena,0.0028,900.0,0.0,0.0,0.0,720.0,0.0,0.0,898.0,900.0,0.0,2.0,MAIA_ANC_SURFACEMONITOR_PM_2.5_SPECIES_USA-LosAngeles_20250123T000000Z_F01_V2026p06p10.nc,,,
20250124,PM_2.5,Black_Carbon,0.0,USA-LosAngeles-0001-34.1994N_118.1732W_0800,AethLabs JPL,34.19941255,-118.1732079,research,aethalometer,SPECIES_USA-LosAngeles-0001_,,,,US,Pasadena,0.0028,900.0,0.0,0.0,0.0,720.0,0.0,0.0,898.0,900.0,0.0,2.0,MAIA_ANC_SURFACEMONITOR_PM_2.5_SPECIES_USA-LosAngeles_20250124T000000Z_F01_V2026p06p10.nc,,,
20250125,PM_2.5,Black_Carbon,0.0,USA-LosAngeles-0001-34.1994N_118.1732W_0800,AethLabs JPL,34.19941255,-118.1732079,research,aethalometer,SPECIES_USA-LosAngeles-0001_,,,,US,Pasadena,0.0028,900.0,0.0,0.0,0.0,720.0,0.0,0.0,898.0,900.0,0.0,2.0,MAIA_ANC_SURFACEMONITOR_PM_2.5_SPECIES_USA-LosAngeles_20250125T000000Z_F01_V2026p06p10.nc,,,
20250125,PM_2.5,Dust,1.6184,USA-LosAngeles-0001-33.8306N_117.9385W_1811,"Los Angeles-Long Beach-Anaheim, CA 11",33.83062,-117.93845,government,AQS,SPECIES_USA-LosAngeles-0001_,,,,US,Anaheim,,,,,,,,,,,,,MAIA_ANC_SURFACEMONITOR_PM_2.5_SPECIES_USA-LosAngeles_20250125T000000Z_F01_V2026p06p10.nc,-9999.0,-9999.0,-9999.0
20250125,PM_2.5,Dust,2.243,USA-LosAngeles-0001-33.9996N_117.4160W_1805,"Riverside-San Bernardino-Ontario, CA 5",33.99958,-117.41601,government,AQS,SPECIES_USA-LosAngeles-0001_,,,,US,Rubidoux,,,,,,,,,,,,,MAIA_ANC_SURFACEMONITOR_PM_2.5_SPECIES_USA-LosAngeles_20250125T000000Z_F01_V2026p06p10.nc,1.0,0.8934112500000001,0.545894125390572
20250125,PM_2.5,Dust,1.5872,USA-LosAngeles-0001-33.9996N_117.4160W_1806,"Riverside-San Bernardino-Ontario, CA 6",33.99958,-117.41601,government,AQS,SPECIES_USA-LosAngeles-0001_,,,,US,Rubidoux,,,,,,,,,,,,,MAIA_ANC_SURFACEMONITOR_PM_2.5_SPECIES_USA-LosAngeles_20250125T000000Z_F01_V2026p06p10.nc,1.0,0.622944,0.3839806103229694
20250125,PM_2.5,Dust,2.2441,USA-LosAngeles-0001-33.9996N_117.4160W_1811,"Riverside-San Bernardino-Ontario, CA 11",33.99958,-117.41601,government,AQS,SPECIES_USA-LosAngeles-0001_,,,,US,Rubidoux,,,,,,,,,,,,,MAIA_ANC_SURFACEMONITOR_PM_2.5_SPECIES_USA-LosAngeles_20250125T000000Z_F01_V2026p06p10.nc,-9999.0,-9999.0,-9999.0
20250125,PM_2.5,Dust,1.2595,USA-LosAngeles-0001-34.0666N_118.2269W_1805,"Los Angeles-Long Beach-Anaheim, CA 5",34.06659,-118.22688,government,AQS,SPECIES_USA-LosAngeles-0001_,,,,US,Los Angeles,,,,,,,,,,,,,MAIA_ANC_SURFACEMONITOR_PM_2.5_SPECIES_USA-LosAngeles_20250125T000000Z_F01_V2026p06p10.nc,1.0,0.6212163636363637,0.27106348006166475
20250125,PM_2.5,Dust,1.7014,USA-LosAngeles-0001-34.0666N_118.2269W_1811,"Los Angeles-Long Beach-Anaheim, CA 11",34.06659,-118.22688,government,AQS,SPECIES_USA-LosAngeles-0001_,,,,US,Los Angeles,,,,,,,,,,,,,MAIA_ANC_SURFACEMONITOR_PM_2.5_SPECIES_USA-LosAngeles_20250125T000000Z_F01_V2026p06p10.nc,-9999.0,-9999.0,-9999.0
20250125,PM_2.5,Dust,1.7942,USA-LosAngeles-0001-34.0666N_118.2269W_1812,"Los Angeles-Long Beach-Anaheim, CA 12",34.06659,-118.22688,government,AQS,SPECIES_USA-LosAngeles-0001_,,,,US,Los Angeles,,,,,,,,,,,,,MAIA_ANC_SURFACEMONITOR_PM_2.5_SPECIES_USA-LosAngeles_20250125T000000Z_F01_V2026p06p10.nc,-9999.0,-9999.0,-9999.0
20250125,PM_2.5,Dust,2.0157,USA-LosAngeles-0001-34.1000N_117.4920W_1811,"Riverside-San Bernardino-Ontario, CA 11",34.10002,-117.49201,government,AQS,SPECIES_USA-LosAngeles-0001_,,,,US,Fontana,,,,,,,,,,,,,MAIA_ANC_SURFACEMONITOR_PM_2.5_SPECIES_USA-LosAngeles_20250125T000000Z_F01_V2026p06p10.nc,-9999.0,-9999.0,-9999.0
20250125,PM_2.5,Dust,0.8332,USA-LosAngeles-0001-34.1939N_116.9141W_1801,"Riverside-San Bernardino-Ontario, CA 1",34.193925,-116.914063,government,AQS,SPECIES_USA-LosAngeles-0001_,,,,US,Not in a City,,,,,,,,,,,,,MAIA_ANC_SURFACEMONITOR_PM_2.5_SPECIES_USA-LosAngeles_20250125T000000Z_F01_V2026p06p10.nc,0.0,0.13754363636363637,0.09184300560024129
20250125,PM_2.5,Dust,0.3439,USA-LosAngeles-0001-34.8219N_118.8876W_1801,"Bakersfield, CA 1",34.821922,-118.887598,government,AQS,SPECIES_USA-LosAngeles-0001_,,,,US,Lebec,,,,,,,,,,,,,MAIA_ANC_SURFACEMONITOR_PM_2.5_SPECIES_USA-LosAngeles_20250125T000000Z_F01_V2026p06p10.nc,0.0,0.09587454545454546,0.07779236575813808
20250125,PM_2.5,Dust,1.1799,USA-LosAngeles-0001-35.3566N_119.0626W_1805,"Bakersfield, CA 5",35.356615,-119.062613,government,AQS,SPECIES_USA-LosAngeles-0001_,,,,US,Bakersfield,,,,,,,,,,,,,MAIA_ANC_SURFACEMONITOR_PM_2.5_SPECIES_USA-LosAngeles_20250125T000000Z_F01_V2026p06p10.nc,0.0,0.426276,0.21017801708075942
20250125,PM_2.5,Dust,1.6431,USA-LosAngeles-0001-35.3566N_119.0626W_1806,"Bakersfield, CA 6",35.356615,-119.062613,government,AQS,SPECIES_USA-LosAngeles-0001_,,,,US,Bakersfield,,,,,,,,,,,,,MAIA_ANC_SURFACEMONITOR_PM_2.5_SPECIES_USA-LosAngeles_20250125T000000Z_F01_V2026p06p10.nc,0.0,0.47933000000000003,0.34271362885067763
20250125,PM_2.5,Dust,0.7113,USA-LosAngeles-0001-36.3081N_119.3129W_1805,N/A,36.30815,-119.3129,government,AQS,SPECIES_USA-LosAngeles-0001_,,,,US,N/A,,,,,,,,,,,,,MAIA_ANC_SURFACEMONITOR_PM_2.5_SPECIES_USA-LosAngeles_20250125T000000Z_F01_V2026p06p10.nc,1.0,0.4454850000000001,0.13882173493969405
20250125,PM_2.5,Dust,0.2375,USA-LosAngeles-0001-36.4988N_118.8248W_1801,"Visalia-Porterville, CA 1",36.498835,-118.824821,government,AQS,SPECIES_USA-LosAngeles-0001_,,,,US,Sequoia National Park,,,,,,,,,,,,,MAIA_ANC_SURFACEMONITOR_PM_2.5_SPECIES_USA-LosAngeles_20250125T000000Z_F01_V2026p06p10.nc,0.0,0.06566454545454546,0.032651107836874485
20250125,PM_2.5,Dust,1.1985,USA-LosAngeles-0001-36.7854N_119.7732W_1801,"Fresno, CA 1",36.78538,-119.77321,government,AQS,SPECIES_USA-LosAngeles-0001_,,,,US,Fresno,,,,,,,,,,,,,MAIA_ANC_SURFACEMONITOR_PM_2.5_SPECIES_USA-LosAngeles_20250125T000000Z_F01_V2026p06p10.nc,0.0,0.37174545454545455,0.154331419081477
20250125,PM_2.5,Dust,0.5235,USA-LosAngeles-0001-36.7854N_119.7732W_1805,"Fresno, CA 5",36.78538,-119.77321,government,AQS,SPECIES_USA-LosAngeles-0001_,,,,US,Fresno,,,,,,,,,,,,,MAIA_ANC_SURFACEMONITOR_PM_2.5_SPECIES_USA-LosAngeles_20250125T000000Z_F01_V2026p06p10.nc,1.0,0.2370081818181818,0.11422267135398152
20250125,PM_2.5,Dust,1.1632,USA-LosAngeles-0001-37.3607N_118.3308W_1801,"Bishop, CA 1",37.360684,-118.330783,government,AQS,SPECIES_USA-LosAngeles-0001_,,,,US,Not in a City,,,,,,,,,,,,,MAIA_ANC_SURFACEMONITOR_PM_2.5_SPECIES_USA-LosAngeles_20250125T000000Z_F01_V2026p06p10.nc,1.0,0.339499090909091,0.3459530004982166
20250125,PM_2.5,Dust,0.2113,USA-LosAngeles-0001-37.7133N_119.7062W_1801, 1,37.71325,-119.7062,government,AQS,SPECIES_USA-LosAngeles-0001_,,,,US,Not in a City,,,,,,,,,,,,,MAIA_ANC_SURFACEMONITOR_PM_2.5_SPECIES_USA-LosAngeles_20250125T000000Z_F01_V2026p06p10.nc,0.0,0.03261272727272728,0.03150998055188491
20250125,PM_2.5,Dust,0.2223,USA-LosAngeles-0001-37.7133N_119.7062W_1802, 2,37.71325,-119.7062,government,AQS,SPECIES_USA-LosAngeles-0001_,,,,US,Not in a City,,,,,,,,,,,,,MAIA_ANC_SURFACEMONITOR_PM_2.5_SPECIES_USA-LosAngeles_20250125T000000Z_F01_V2026p06p10.nc,-9999.0,-9999.0,-9999.0
20250125,PM_2.5,Elemental_Carbon,1.639,USA-LosAngeles-0001-33.9996N_117.4160W_1806,"Riverside-San Bernardino-Ontario, CA 6",33.99958,-117.41601,government,AQS,SPECIES_USA-LosAngeles-0001_,,,,US,Rubidoux,,,,,,,,,,,,,MAIA_ANC_SURFACEMONITOR_PM_2.5_SPECIES_USA-LosAngeles_20250125T000000Z_F01_V2026p06p10.nc,-9999.0,0.0066,2.1983
20250125,PM_2.5,Elemental_Carbon,1.075,USA-LosAngeles-0001-34.0666N_118.2269W_1805,"Los Angeles-Long Beach-Anaheim, CA 5",34.06659,-118.22688,government,AQS,SPECIES_USA-LosAngeles-0001_,,,,US,Los Angeles,,,,,,,,,,,,,MAIA_ANC_SURFACEMONITOR_PM_2.5_SPECIES_USA-LosAngeles_20250125T000000Z_F01_V2026p06p10.nc,-9999.0,0.0042,1.1453
20250125,PM_2.5,Elemental_Carbon,0.45,USA-LosAngeles-0001-34.1939N_116.9141W_1801,"Riverside-San Bernardino-Ontario, CA 1",34.193925,-116.914063,government,AQS,SPECIES_USA-LosAngeles-0001_,,,,US,Not in a City,,,,,,,,,,,,,MAIA_ANC_SURFACEMONITOR_PM_2.5_SPECIES_USA-LosAngeles_20250125T000000Z_F01_V2026p06p10.nc,-9999.0,0.0005,0.0957
20250125,PM_2.5,Elemental_Carbon,0.12,USA-LosAngeles-0001-34.8219N_118.8876W_1801,"Bakersfield, CA 1",34.821922,-118.887598,government,AQS,SPECIES_USA-LosAngeles-0001_,,,,US,Lebec,,,,,,,,,,,,,MAIA_ANC_SURFACEMONITOR_PM_2.5_SPECIES_USA-LosAngeles_20250125T000000Z_F01_V2026p06p10.nc,-9999.0,0.0005,0.0901
20250125,PM_2.5,Elemental_Carbon,1.263,USA-LosAngeles-0001-35.3566N_119.0626W_1805,"Bakersfield, CA 5",35.356615,-119.062613,government,AQS,SPECIES_USA-LosAngeles-0001_,,,,US,Bakersfield,,,,,,,,,,,,,MAIA_ANC_SURFACEMONITOR_PM_2.5_SPECIES_USA-LosAngeles_20250125T000000Z_F01_V2026p06p10.nc,-9999.0,0.007,1.4456
20250125,PM_2.5,Elemental_Carbon,1.329,USA-LosAngeles-0001-35.3566N_119.0626W_1806,"Bakersfield, CA 6",35.356615,-119.062613,government,AQS,SPECIES_USA-LosAngeles-0001_,,,,US,Bakersfield,,,,,,,,,,,,,MAIA_ANC_SURFACEMONITOR_PM_2.5_SPECIES_USA-LosAngeles_20250125T000000Z_F01_V2026p06p10.nc,-9999.0,0.0046,1.9558
20250125,PM_2.5,Elemental_Carbon,0.12,USA-LosAngeles-0001-36.4988N_118.8248W_1801,"Visalia-Porterville, CA 1",36.498835,-118.824821,government,AQS,SPECIES_USA-LosAngeles-0001_,,,,US,Sequoia National Park,,,,,,,,,,,,,MAIA_ANC_SURFACEMONITOR_PM_2.5_SPECIES_USA-LosAngeles_20250125T000000Z_F01_V2026p06p10.nc,-9999.0,0.0009,0.1446
20250125,PM_2.5,Elemental_Carbon,1.22,USA-LosAngeles-0001-36.7854N_119.7732W_1801,"Fresno, CA 1",36.78538,-119.77321,government,AQS,SPECIES_USA-LosAngeles-0001_,,,,US,Fresno,,,,,,,,,,,,,MAIA_ANC_SURFACEMONITOR_PM_2.5_SPECIES_USA-LosAngeles_20250125T000000Z_F01_V2026p06p10.nc,-9999.0,0.0058,1.0029
20250125,PM_2.5,Elemental_Carbon,1.446,USA-LosAngeles-0001-36.7854N_119.7732W_1805,"Fresno, CA 5",36.78538,-119.77321,government,AQS,SPECIES_USA-LosAngeles-0001_,,,,US,Fresno,,,,,,,,,,,,,MAIA_ANC_SURFACEMONITOR_PM_2.5_SPECIES_USA-LosAngeles_20250125T000000Z_F01_V2026p06p10.nc,-9999.0,0.0071,1.2484
20250125,PM_2.5,Elemental_Carbon,0.14,USA-LosAngeles-0001-37.3607N_118.3308W_1801,"Bishop, CA 1",37.360684,-118.330783,government,AQS,SPECIES_USA-LosAngeles-0001_,,,,US,Not in a City,,,,,,,,,,,,,MAIA_ANC_SURFACEMONITOR_PM_2.5_SPECIES_USA-LosAngeles_20250125T000000Z_F01_V2026p06p10.nc,-9999.0,0.0006,0.1049
20250125,PM_2.5,Elemental_Carbon,0.11,USA-LosAngeles-0001-37.7133N_119.7062W_1801, 1,37.71325,-119.7062,government,AQS,SPECIES_USA-LosAngeles-0001_,,,,US,Not in a City,,,,,,,,,,,,,MAIA_ANC_SURFACEMONITOR_PM_2.5_SPECIES_USA-LosAngeles_20250125T000000Z_F01_V2026p06p10.nc,-9999.0,0.0003,0.0479
20250125,PM_2.5,Nitrate,0.89,USA-LosAngeles-0001-33.8306N_117.9385W_1811,"Los Angeles-Long Beach-Anaheim, CA 11",33.83062,-117.93845,government,AQS,SPECIES_USA-LosAngeles-0001_,,,,US,Anaheim,,,,,,,,,,,,,MAIA_ANC_SURFACEMONITOR_PM_2.5_SPECIES_USA-LosAngeles_20250125T000000Z_F01_V2026p06p10.nc,-9999.0,0.0,
20250125,PM_2.5,Nitrate,1.82,USA-LosAngeles-0001-33.9996N_117.4160W_1805,"Riverside-San Bernardino-Ontario, CA 5",33.99958,-117.41601,government,AQS,SPECIES_USA-LosAngeles-0001_,,,,US,Rubidoux,,,,,,,,,,,,,MAIA_ANC_SURFACEMONITOR_PM_2.5_SPECIES_USA-LosAngeles_20250125T000000Z_F01_V2026p06p10.nc,-9999.0,0.0215,4.695
20250125,PM_2.5,Nitrate,1.74,USA-LosAngeles-0001-33.9996N_117.4160W_1806,"Riverside-San Bernardino-Ontario, CA 6",33.99958,-117.41601,government,AQS,SPECIES_USA-LosAngeles-0001_,,,,US,Rubidoux,,,,,,,,,,,,,MAIA_ANC_SURFACEMONITOR_PM_2.5_SPECIES_USA-LosAngeles_20250125T000000Z_F01_V2026p06p10.nc,-9999.0,0.0109,3.7726
20250125,PM_2.5,Nitrate,1.87,USA-LosAngeles-0001-33.9996N_117.4160W_1811,"Riverside-San Bernardino-Ontario, CA 11",33.99958,-117.41601,government,AQS,SPECIES_USA-LosAngeles-0001_,,,,US,Rubidoux,,,,,,,,,,,,,MAIA_ANC_SURFACEMONITOR_PM_2.5_SPECIES_USA-LosAngeles_20250125T000000Z_F01_V2026p06p10.nc,-9999.0,0.0,
20250125,PM_2.5,Nitrate,1.55,USA-LosAngeles-0001-34.0666N_118.2269W_1805,"Los Angeles-Long Beach-Anaheim, CA 5",34.06659,-118.22688,government,AQS,SPECIES_USA-LosAngeles-0001_,,,,US,Los Angeles,,,,,,,,,,,,,MAIA_ANC_SURFACEMONITOR_PM_2.5_SPECIES_USA-LosAngeles_20250125T000000Z_F01_V2026p06p10.nc,-9999.0,0.0196,4.1381
20250125,PM_2.5,Nitrate,1.3,USA-LosAngeles-0001-34.0666N_118.2269W_1811,"Los Angeles-Long Beach-Anaheim, CA 11",34.06659,-118.22688,government,AQS,SPECIES_USA-LosAngeles-0001_,,,,US,Los Angeles,,,,,,,,,,,,,MAIA_ANC_SURFACEMONITOR_PM_2.5_SPECIES_USA-LosAngeles_20250125T000000Z_F01_V2026p06p10.nc,-9999.0,0.0,
20250125,PM_2.5,Nitrate,1.46,USA-LosAngeles-0001-34.0666N_118.2269W_1812,"Los Angeles-Long Beach-Anaheim, CA 12",34.06659,-118.22688,government,AQS,SPECIES_USA-LosAngeles-0001_,,,,US,Los Angeles,,,,,,,,,,,,,MAIA_ANC_SURFACEMONITOR_PM_2.5_SPECIES_USA-LosAngeles_20250125T000000Z_F01_V2026p06p10.nc,-9999.0,0.0,
20250125,PM_2.5,Nitrate,1.51,USA-LosAngeles-0001-34.1000N_117.4920W_1811,"Riverside-San Bernardino-Ontario, CA 11",34.10002,-117.49201,government,AQS,SPECIES_USA-LosAngeles-0001_,,,,US,Fontana,,,,,,,,,,,,,MAIA_ANC_SURFACEMONITOR_PM_2.5_SPECIES_USA-LosAngeles_20250125T000000Z_F01_V2026p06p10.nc,-9999.0,0.0,
20250125,PM_2.5,Nitrate,1.39,USA-LosAngeles-0001-34.1939N_116.9141W_1801,"Riverside-San Bernardino-Ontario, CA 1",34.193925,-116.914063,government,AQS,SPECIES_USA-LosAngeles-0001_,,,,US,Not in a City,,,,,,,,,,,,,MAIA_ANC_SURFACEMONITOR_PM_2.5_SPECIES_USA-LosAngeles_20250125T000000Z_F01_V2026p06p10.nc,-9999.0,0.003,0.8563
20250125,PM_2.5,Nitrate,0.92,USA-LosAngeles-0001-34.8219N_118.8876W_1801,"Bakersfield, CA 1",34.821922,-118.887598,government,AQS,SPECIES_USA-LosAngeles-0001_,,,,US,Lebec,,,,,,,,,,,,,MAIA_ANC_SURFACEMONITOR_PM_2.5_SPECIES_USA-LosAngeles_20250125T000000Z_F01_V2026p06p10.nc,-9999.0,0.0012,0.3776
20250125,PM_2.5,Nitrate,2.77,USA-LosAngeles-0001-35.3566N_119.0626W_1805,"Bakersfield, CA 5",35.356615,-119.062613,government,AQS,SPECIES_USA-LosAngeles-0001_,,,,US,Bakersfield,,,,,,,,,,,,,MAIA_ANC_SURFACEMONITOR_PM_2.5_SPECIES_USA-LosAngeles_20250125T000000Z_F01_V2026p06p10.nc,-9999.0,0.027,5.6187
20250125,PM_2.5,Nitrate,3.39,USA-LosAngeles-0001-35.3566N_119.0626W_1806,"Bakersfield, CA 6",35.356615,-119.062613,government,AQS,SPECIES_USA-LosAngeles-0001_,,,,US,Bakersfield,,,,,,,,,,,,,MAIA_ANC_SURFACEMONITOR_PM_2.5_SPECIES_USA-LosAngeles_20250125T000000Z_F01_V2026p06p10.nc,-9999.0,0.0075,5.3647
20250125,PM_2.5,Nitrate,4.0,USA-LosAngeles-0001-36.3081N_119.3129W_1805,N/A,36.30815,-119.3129,government,AQS,SPECIES_USA-LosAngeles-0001_,,,,US,N/A,,,,,,,,,,,,,MAIA_ANC_SURFACEMONITOR_PM_2.5_SPECIES_USA-LosAngeles_20250125T000000Z_F01_V2026p06p10.nc,-9999.0,0.0157,5.37
20250125,PM_2.5,Nitrate,1.002,USA-LosAngeles-0001-36.4988N_118.8248W_1801,"Visalia-Porterville, CA 1",36.498835,-118.824821,government,AQS,SPECIES_USA-LosAngeles-0001_,,,,US,Sequoia National Park,,,,,,,,,,,,,MAIA_ANC_SURFACEMONITOR_PM_2.5_SPECIES_USA-LosAngeles_20250125T000000Z_F01_V2026p06p10.nc,-9999.0,0.0036,0.8348
20250125,PM_2.5,Nitrate,7.877,USA-LosAngeles-0001-36.7854N_119.7732W_1801,"Fresno, CA 1",36.78538,-119.77321,government,AQS,SPECIES_USA-LosAngeles-0001_,,,,US,Fresno,,,,,,,,,,,,,MAIA_ANC_SURFACEMONITOR_PM_2.5_SPECIES_USA-LosAngeles_20250125T000000Z_F01_V2026p06p10.nc,-9999.0,0.0217,4.2647
20250125,PM_2.5,Nitrate,6.09,USA-LosAngeles-0001-36.7854N_119.7732W_1805,"Fresno, CA 5",36.78538,-119.77321,government,AQS,SPECIES_USA-LosAngeles-0001_,,,,US,Fresno,,,,,,,,,,,,,MAIA_ANC_SURFACEMONITOR_PM_2.5_SPECIES_USA-LosAngeles_20250125T000000Z_F01_V2026p06p10.nc,-9999.0,0.0212,4.1249
20250125,PM_2.5,Nitrate,0.164,USA-LosAngeles-0001-37.3607N_118.3308W_1801,"Bishop, CA 1",37.360684,-118.330783,government,AQS,SPECIES_USA-LosAngeles-0001_,,,,US,Not in a City,,,,,,,,,,,,,MAIA_ANC_SURFACEMONITOR_PM_2.5_SPECIES_USA-LosAngeles_20250125T000000Z_F01_V2026p06p10.nc,-9999.0,0.0004,0.0856
20250125,PM_2.5,Nitrate,0.921,USA-LosAngeles-0001-37.7133N_119.7062W_1801, 1,37.71325,-119.7062,government,AQS,SPECIES_USA-LosAngeles-0001_,,,,US,Not in a City,,,,,,,,,,,,,MAIA_ANC_SURFACEMONITOR_PM_2.5_SPECIES_USA-LosAngeles_20250125T000000Z_F01_V2026p06p10.nc,-9999.0,0.0003,0.0812
20250125,PM_2.5,Organic_Carbon,3.493,USA-LosAngeles-0001-33.9996N_117.4160W_1806,"Riverside-San Bernardino-Ontario, CA 6",33.99958,-117.41601,government,AQS,SPECIES_USA-LosAngeles-0001_,,,,US,Rubidoux,,,,,,,,,,,,,MAIA_ANC_SURFACEMONITOR_PM_2.5_SPECIES_USA-LosAngeles_20250125T000000Z_F01_V2026p06p10.nc,-9999.0,0.0125,3.9285
20250125,PM_2.5,Organic_Carbon,2.649,USA-LosAngeles-0001-34.0666N_118.2269W_1805,"Los Angeles-Long Beach-Anaheim, CA 5",34.06659,-118.22688,government,AQS,SPECIES_USA-LosAngeles-0001_,,,,US,Los Angeles,,,,,,,,,,,,,MAIA_ANC_SURFACEMONITOR_PM_2.5_SPECIES_USA-LosAngeles_20250125T000000Z_F01_V2026p06p10.nc,-9999.0,0.0102,2.7164
20250125,PM_2.5,Organic_Carbon,2.11,USA-LosAngeles-0001-34.1939N_116.9141W_1801,"Riverside-San Bernardino-Ontario, CA 1",34.193925,-116.914063,government,AQS,SPECIES_USA-LosAngeles-0001_,,,,US,Not in a City,,,,,,,,,,,,,MAIA_ANC_SURFACEMONITOR_PM_2.5_SPECIES_USA-LosAngeles_20250125T000000Z_F01_V2026p06p10.nc,-9999.0,0.0021,0.3571
20250125,PM_2.5,Organic_Carbon,0.58,USA-LosAngeles-0001-34.8219N_118.8876W_1801,"Bakersfield, CA 1",34.821922,-118.887598,government,AQS,SPECIES_USA-LosAngeles-0001_,,,,US,Lebec,,,,,,,,,,,,,MAIA_ANC_SURFACEMONITOR_PM_2.5_SPECIES_USA-LosAngeles_20250125T000000Z_F01_V2026p06p10.nc,-9999.0,0.003,0.51
20250125,PM_2.5,Organic_Carbon,3.343,USA-LosAngeles-0001-35.3566N_119.0626W_1805,"Bakersfield, CA 5",35.356615,-119.062613,government,AQS,SPECIES_USA-LosAngeles-0001_,,,,US,Bakersfield,,,,,,,,,,,,,MAIA_ANC_SURFACEMONITOR_PM_2.5_SPECIES_USA-LosAngeles_20250125T000000Z_F01_V2026p06p10.nc,-9999.0,0.0196,3.7205
20250125,PM_2.5,Organic_Carbon,3.23,USA-LosAngeles-0001-35.3566N_119.0626W_1806,"Bakersfield, CA 6",35.356615,-119.062613,government,AQS,SPECIES_USA-LosAngeles-0001_,,,,US,Bakersfield,,,,,,,,,,,,,MAIA_ANC_SURFACEMONITOR_PM_2.5_SPECIES_USA-LosAngeles_20250125T000000Z_F01_V2026p06p10.nc,-9999.0,0.0117,4.5733
20250125,PM_2.5,Organic_Carbon,0.68,USA-LosAngeles-0001-36.4988N_118.8248W_1801,"Visalia-Porterville, CA 1",36.498835,-118.824821,government,AQS,SPECIES_USA-LosAngeles-0001_,,,,US,Sequoia National Park,,,,,,,,,,,,,MAIA_ANC_SURFACEMONITOR_PM_2.5_SPECIES_USA-LosAngeles_20250125T000000Z_F01_V2026p06p10.nc,-9999.0,0.0049,0.7814
20250125,PM_2.5,Organic_Carbon,4.24,USA-LosAngeles-0001-36.7854N_119.7732W_1801,"Fresno, CA 1",36.78538,-119.77321,government,AQS,SPECIES_USA-LosAngeles-0001_,,,,US,Fresno,,,,,,,,,,,,,MAIA_ANC_SURFACEMONITOR_PM_2.5_SPECIES_USA-LosAngeles_20250125T000000Z_F01_V2026p06p10.nc,-9999.0,0.0206,3.6491
20250125,PM_2.5,Organic_Carbon,4.451,USA-LosAngeles-0001-36.7854N_119.7732W_1805,"Fresno, CA 5",36.78538,-119.77321,government,AQS,SPECIES_USA-LosAngeles-0001_,,,,US,Fresno,,,,,,,,,,,,,MAIA_ANC_SURFACEMONITOR_PM_2.5_SPECIES_USA-LosAngeles_20250125T000000Z_F01_V2026p06p10.nc,-9999.0,0.0241,4.1545
20250125,PM_2.5,Organic_Carbon,0.33,USA-LosAngeles-0001-37.3607N_118.3308W_1801,"Bishop, CA 1",37.360684,-118.330783,government,AQS,SPECIES_USA-LosAngeles-0001_,,,,US,Not in a City,,,,,,,,,,,,,MAIA_ANC_SURFACEMONITOR_PM_2.5_SPECIES_USA-LosAngeles_20250125T000000Z_F01_V2026p06p10.nc,-9999.0,0.0024,0.3902
20250125,PM_2.5,Organic_Carbon,0.77,USA-LosAngeles-0001-37.7133N_119.7062W_1801, 1,37.71325,-119.7062,government,AQS,SPECIES_USA-LosAngeles-0001_,,,,US,Not in a City,,,,,,,,,,,,,MAIA_ANC_SURFACEMONITOR_PM_2.5_SPECIES_USA-LosAngeles_20250125T000000Z_F01_V2026p06p10.nc,-9999.0,0.0016,0.3008
20250125,PM_2.5,Sulfate,0.5,USA-LosAngeles-0001-33.8306N_117.9385W_1811,"Los Angeles-Long Beach-Anaheim, CA 11",33.83062,-117.93845,government,AQS,SPECIES_USA-LosAngeles-0001_,,,,US,Anaheim,,,,,,,,,,,,,MAIA_ANC_SURFACEMONITOR_PM_2.5_SPECIES_USA-LosAngeles_20250125T000000Z_F01_V2026p06p10.nc,-9999.0,0.0,
20250125,PM_2.5,Sulfate,0.52,USA-LosAngeles-0001-33.9996N_117.4160W_1805,"Riverside-San Bernardino-Ontario, CA 5",33.99958,-117.41601,government,AQS,SPECIES_USA-LosAngeles-0001_,,,,US,Rubidoux,,,,,,,,,,,,,MAIA_ANC_SURFACEMONITOR_PM_2.5_SPECIES_USA-LosAngeles_20250125T000000Z_F01_V2026p06p10.nc,-9999.0,0.0027,0.4881
20250125,PM_2.5,Sulfate,0.55,USA-LosAngeles-0001-33.9996N_117.4160W_1806,"Riverside-San Bernardino-Ontario, CA 6",33.99958,-117.41601,government,AQS,SPECIES_USA-LosAngeles-0001_,,,,US,Rubidoux,,,,,,,,,,,,,MAIA_ANC_SURFACEMONITOR_PM_2.5_SPECIES_USA-LosAngeles_20250125T000000Z_F01_V2026p06p10.nc,-9999.0,0.0016,0.5143
20250125,PM_2.5,Sulfate,0.59,USA-LosAngeles-0001-33.9996N_117.4160W_1811,"Riverside-San Bernardino-Ontario, CA 11",33.99958,-117.41601,government,AQS,SPECIES_USA-LosAngeles-0001_,,,,US,Rubidoux,,,,,,,,,,,,,MAIA_ANC_SURFACEMONITOR_PM_2.5_SPECIES_USA-LosAngeles_20250125T000000Z_F01_V2026p06p10.nc,-9999.0,0.0,
20250125,PM_2.5,Sulfate,0.54,USA-LosAngeles-0001-34.0666N_118.2269W_1805,"Los Angeles-Long Beach-Anaheim, CA 5",34.06659,-118.22688,government,AQS,SPECIES_USA-LosAngeles-0001_,,,,US,Los Angeles,,,,,,,,,,,,,MAIA_ANC_SURFACEMONITOR_PM_2.5_SPECIES_USA-LosAngeles_20250125T000000Z_F01_V2026p06p10.nc,-9999.0,0.0032,0.5912
20250125,PM_2.5,Sulfate,0.54,USA-LosAngeles-0001-34.0666N_118.2269W_1811,"Los Angeles-Long Beach-Anaheim, CA 11",34.06659,-118.22688,government,AQS,SPECIES_USA-LosAngeles-0001_,,,,US,Los Angeles,,,,,,,,,,,,,MAIA_ANC_SURFACEMONITOR_PM_2.5_SPECIES_USA-LosAngeles_20250125T000000Z_F01_V2026p06p10.nc,-9999.0,0.0,
20250125,PM_2.5,Sulfate,0.5,USA-LosAngeles-0001-34.0666N_118.2269W_1812,"Los Angeles-Long Beach-Anaheim, CA 12",34.06659,-118.22688,government,AQS,SPECIES_USA-LosAngeles-0001_,,,,US,Los Angeles,,,,,,,,,,,,,MAIA_ANC_SURFACEMONITOR_PM_2.5_SPECIES_USA-LosAngeles_20250125T000000Z_F01_V2026p06p10.nc,-9999.0,0.0,
20250125,PM_2.5,Sulfate,0.48,USA-LosAngeles-0001-34.1000N_117.4920W_1811,"Riverside-San Bernardino-Ontario, CA 11",34.10002,-117.49201,government,AQS,SPECIES_USA-LosAngeles-0001_,,,,US,Fontana,,,,,,,,,,,,,MAIA_ANC_SURFACEMONITOR_PM_2.5_SPECIES_USA-LosAngeles_20250125T000000Z_F01_V2026p06p10.nc,-9999.0,0.0,
20250125,PM_2.5,Sulfate,0.306,USA-LosAngeles-0001-34.1939N_116.9141W_1801,"Riverside-San Bernardino-Ontario, CA 1",34.193925,-116.914063,government,AQS,SPECIES_USA-LosAngeles-0001_,,,,US,Not in a City,,,,,,,,,,,,,MAIA_ANC_SURFACEMONITOR_PM_2.5_SPECIES_USA-LosAngeles_20250125T000000Z_F01_V2026p06p10.nc,-9999.0,0.0009,0.1562
20250125,PM_2.5,Sulfate,0.231,USA-LosAngeles-0001-34.8219N_118.8876W_1801,"Bakersfield, CA 1",34.821922,-118.887598,government,AQS,SPECIES_USA-LosAngeles-0001_,,,,US,Lebec,,,,,,,,,,,,,MAIA_ANC_SURFACEMONITOR_PM_2.5_SPECIES_USA-LosAngeles_20250125T000000Z_F01_V2026p06p10.nc,-9999.0,0.001,0.1725
20250125,PM_2.5,Sulfate,0.59,USA-LosAngeles-0001-35.3566N_119.0626W_1805,"Bakersfield, CA 5",35.356615,-119.062613,government,AQS,SPECIES_USA-LosAngeles-0001_,,,,US,Bakersfield,,,,,,,,,,,,,MAIA_ANC_SURFACEMONITOR_PM_2.5_SPECIES_USA-LosAngeles_20250125T000000Z_F01_V2026p06p10.nc,-9999.0,0.0057,1.2076
20250125,PM_2.5,Sulfate,0.73,USA-LosAngeles-0001-35.3566N_119.0626W_1806,"Bakersfield, CA 6",35.356615,-119.062613,government,AQS,SPECIES_USA-LosAngeles-0001_,,,,US,Bakersfield,,,,,,,,,,,,,MAIA_ANC_SURFACEMONITOR_PM_2.5_SPECIES_USA-LosAngeles_20250125T000000Z_F01_V2026p06p10.nc,-9999.0,0.0013,0.8347
20250125,PM_2.5,Sulfate,0.6,USA-LosAngeles-0001-36.3081N_119.3129W_1805,N/A,36.30815,-119.3129,government,AQS,SPECIES_USA-LosAngeles-0001_,,,,US,N/A,,,,,,,,,,,,,MAIA_ANC_SURFACEMONITOR_PM_2.5_SPECIES_USA-LosAngeles_20250125T000000Z_F01_V2026p06p10.nc,-9999.0,0.0032,1.1187
20250125,PM_2.5,Sulfate,0.318,USA-LosAngeles-0001-36.4988N_118.8248W_1801,"Visalia-Porterville, CA 1",36.498835,-118.824821,government,AQS,SPECIES_USA-LosAngeles-0001_,,,,US,Sequoia National Park,,,,,,,,,,,,,MAIA_ANC_SURFACEMONITOR_PM_2.5_SPECIES_USA-LosAngeles_20250125T000000Z_F01_V2026p06p10.nc,-9999.0,0.0015,0.2594
20250125,PM_2.5,Sulfate,0.896,USA-LosAngeles-0001-36.7854N_119.7732W_1801,"Fresno, CA 1",36.78538,-119.77321,government,AQS,SPECIES_USA-LosAngeles-0001_,,,,US,Fresno,,,,,,,,,,,,,MAIA_ANC_SURFACEMONITOR_PM_2.5_SPECIES_USA-LosAngeles_20250125T000000Z_F01_V2026p06p10.nc,-9999.0,0.0043,0.8006
20250125,PM_2.5,Sulfate,0.74,USA-LosAngeles-0001-36.7854N_119.7732W_1805,"Fresno, CA 5",36.78538,-119.77321,government,AQS,SPECIES_USA-LosAngeles-0001_,,,,US,Fresno,,,,,,,,,,,,,MAIA_ANC_SURFACEMONITOR_PM_2.5_SPECIES_USA-LosAngeles_20250125T000000Z_F01_V2026p06p10.nc,-9999.0,0.0045,0.8318
20250125,PM_2.5,Sulfate,0.197,USA-LosAngeles-0001-37.3607N_118.3308W_1801,"Bishop, CA 1",37.360684,-118.330783,government,AQS,SPECIES_USA-LosAngeles-0001_,,,,US,Not in a City,,,,,,,,,,,,,MAIA_ANC_SURFACEMONITOR_PM_2.5_SPECIES_USA-LosAngeles_20250125T000000Z_F01_V2026p06p10.nc,-9999.0,0.0009,0.1702
20250125,PM_2.5,Sulfate,0.292,USA-LosAngeles-0001-37.7133N_119.7062W_1801, 1,37.71325,-119.7062,government,AQS,SPECIES_USA-LosAngeles-0001_,,,,US,Not in a City,,,,,,,,,,,,,MAIA_ANC_SURFACEMONITOR_PM_2.5_SPECIES_USA-LosAngeles_20250125T000000Z_F01_V2026p06p10.nc,-9999.0,0.0005,0.0919
20250126,PM_2.5,Black_Carbon,0.0,USA-LosAngeles-0001-34.1994N_118.1732W_0800,AethLabs JPL,34.19941255,-118.1732079,research,aethalometer,SPECIES_USA-LosAngeles-0001_,,,,US,Pasadena,0.0028,900.0,0.0,0.0,0.0,720.0,0.0,0.0,898.0,900.0,0.0,2.0,MAIA_ANC_SURFACEMONITOR_PM_2.5_SPECIES_USA-LosAngeles_20250126T000000Z_F01_V2026p06p10.nc,,,
20250127,PM_2.5,Black_Carbon,0.0,USA-LosAngeles-0001-34.1994N_118.1732W_0800,AethLabs JPL,34.19941255,-118.1732079,research,aethalometer,SPECIES_USA-LosAngeles-0001_,,,,US,Pasadena,0.0028,900.0,0.0,0.0,0.0,720.0,0.0,0.0,898.0,900.0,0.0,2.0,MAIA_ANC_SURFACEMONITOR_PM_2.5_SPECIES_USA-LosAngeles_20250127T000000Z_F01_V2026p06p10.nc,,,
20250128,PM_2.5,Black_Carbon,0.0,USA-LosAngeles-0001-34.1994N_118.1732W_0800,AethLabs JPL,34.19941255,-118.1732079,research,aethalometer,SPECIES_USA-LosAngeles-0001_,,,,US,Pasadena,0.0028,900.0,0.0,0.0,0.0,720.0,0.0,0.0,898.0,900.0,0.0,2.0,MAIA_ANC_SURFACEMONITOR_PM_2.5_SPECIES_USA-LosAngeles_20250128T000000Z_F01_V2026p06p10.nc,,,
20250128,PM_2.5,Dust,0.6806,USA-LosAngeles-0001-33.9996N_117.4160W_1805,"Riverside-San Bernardino-Ontario, CA 5",33.99958,-117.41601,government,AQS,SPECIES_USA-LosAngeles-0001_,,,,US,Rubidoux,,,,,,,,,,,,,MAIA_ANC_SURFACEMONITOR_PM_2.5_SPECIES_USA-LosAngeles_20250128T000000Z_F01_V2026p06p10.nc,1.0,0.8934112500000001,0.545894125390572
20250128,PM_2.5,Dust,0.4199,USA-LosAngeles-0001-34.1939N_116.9141W_1801,"Riverside-San Bernardino-Ontario, CA 1",34.193925,-116.914063,government,AQS,SPECIES_USA-LosAngeles-0001_,,,,US,Not in a City,,,,,,,,,,,,,MAIA_ANC_SURFACEMONITOR_PM_2.5_SPECIES_USA-LosAngeles_20250128T000000Z_F01_V2026p06p10.nc,0.0,0.13754363636363637,0.09184300560024129
20250128,PM_2.5,Dust,0.2029,USA-LosAngeles-0001-34.8219N_118.8876W_1801,"Bakersfield, CA 1",34.821922,-118.887598,government,AQS,SPECIES_USA-LosAngeles-0001_,,,,US,Lebec,,,,,,,,,,,,,MAIA_ANC_SURFACEMONITOR_PM_2.5_SPECIES_USA-LosAngeles_20250128T000000Z_F01_V2026p06p10.nc,1.0,0.09587454545454546,0.07779236575813808
20250128,PM_2.5,Dust,0.7349,USA-LosAngeles-0001-35.3566N_119.0626W_1805,"Bakersfield, CA 5",35.356615,-119.062613,government,AQS,SPECIES_USA-LosAngeles-0001_,,,,US,Bakersfield,,,,,,,,,,,,,MAIA_ANC_SURFACEMONITOR_PM_2.5_SPECIES_USA-LosAngeles_20250128T000000Z_F01_V2026p06p10.nc,1.0,0.426276,0.21017801708075942
20250128,PM_2.5,Dust,0.2601,USA-LosAngeles-0001-36.4988N_118.8248W_1801,"Visalia-Porterville, CA 1",36.498835,-118.824821,government,AQS,SPECIES_USA-LosAngeles-0001_,,,,US,Sequoia National Park,,,,,,,,,,,,,MAIA_ANC_SURFACEMONITOR_PM_2.5_SPECIES_USA-LosAngeles_20250128T000000Z_F01_V2026p06p10.nc,0.0,0.06566454545454546,0.032651107836874485
20250128,PM_2.5,Dust,0.7364,USA-LosAngeles-0001-36.7854N_119.7732W_1801,"Fresno, CA 1",36.78538,-119.77321,government,AQS,SPECIES_USA-LosAngeles-0001_,,,,US,Fresno,,,,,,,,,,,,,MAIA_ANC_SURFACEMONITOR_PM_2.5_SPECIES_USA-LosAngeles_20250128T000000Z_F01_V2026p06p10.nc,1.0,0.37174545454545455,0.154331419081477
20250128,PM_2.5,Dust,0.5209,USA-LosAngeles-0001-36.7854N_119.7732W_1805,"Fresno, CA 5",36.78538,-119.77321,government,AQS,SPECIES_USA-LosAngeles-0001_,,,,US,Fresno,,,,,,,,,,,,,MAIA_ANC_SURFACEMONITOR_PM_2.5_SPECIES_USA-LosAngeles_20250128T000000Z_F01_V2026p06p10.nc,1.0,0.2370081818181818,0.11422267135398152
20250128,PM_2.5,Dust,0.3495,USA-LosAngeles-0001-37.3607N_118.3308W_1801,"Bishop, CA 1",37.360684,-118.330783,government,AQS,SPECIES_USA-LosAngeles-0001_,,,,US,Not in a City,,,,,,,,,,,,,MAIA_ANC_SURFACEMONITOR_PM_2.5_SPECIES_USA-LosAngeles_20250128T000000Z_F01_V2026p06p10.nc,1.0,0.339499090909091,0.3459530004982166
20250128,PM_2.5,Dust,0.434,USA-LosAngeles-0001-37.7133N_119.7062W_1801, 1,37.71325,-119.7062,government,AQS,SPECIES_USA-LosAngeles-0001_,,,,US,Not in a City,,,,,,,,,,,,,MAIA_ANC_SURFACEMONITOR_PM_2.5_SPECIES_USA-LosAngeles_20250128T000000Z_F01_V2026p06p10.nc,0.0,0.03261272727272728,0.03150998055188491
20250128,PM_2.5,Dust,0.4286,USA-LosAngeles-0001-37.7133N_119.7062W_1802, 2,37.71325,-119.7062,government,AQS,SPECIES_USA-LosAngeles-0001_,,,,US,Not in a City,,,,,,,,,,,,,MAIA_ANC_SURFACEMONITOR_PM_2.5_SPECIES_USA-LosAngeles_20250128T000000Z_F01_V2026p06p10.nc,-9999.0,-9999.0,-9999.0
20250128,PM_2.5,Elemental_Carbon,1.152,USA-LosAngeles-0001-33.9996N_117.4160W_1805,"Riverside-San Bernardino-Ontario, CA 5",33.99958,-117.41601,government,AQS,SPECIES_USA-LosAngeles-0001_,,,,US,Rubidoux,,,,,,,,,,,,,MAIA_ANC_SURFACEMONITOR_PM_2.5_SPECIES_USA-LosAngeles_20250128T000000Z_F01_V2026p06p10.nc,-9999.0,0.01,1.8023
20250128,PM_2.5,Elemental_Carbon,0.18,USA-LosAngeles-0001-34.1939N_116.9141W_1801,"Riverside-San Bernardino-Ontario, CA 1",34.193925,-116.914063,government,AQS,SPECIES_USA-LosAngeles-0001_,,,,US,Not in a City,,,,,,,,,,,,,MAIA_ANC_SURFACEMONITOR_PM_2.5_SPECIES_USA-LosAngeles_20250128T000000Z_F01_V2026p06p10.nc,-9999.0,0.0005,0.0957
20250128,PM_2.5,Elemental_Carbon,0.18,USA-LosAngeles-0001-34.8219N_118.8876W_1801,"Bakersfield, CA 1",34.821922,-118.887598,government,AQS,SPECIES_USA-LosAngeles-0001_,,,,US,Lebec,,,,,,,,,,,,,MAIA_ANC_SURFACEMONITOR_PM_2.5_SPECIES_USA-LosAngeles_20250128T000000Z_F01_V2026p06p10.nc,-9999.0,0.0005,0.0901
20250128,PM_2.5,Elemental_Carbon,1.004,USA-LosAngeles-0001-35.3566N_119.0626W_1805,"Bakersfield, CA 5",35.356615,-119.062613,government,AQS,SPECIES_USA-LosAngeles-0001_,,,,US,Bakersfield,,,,,,,,,,,,,MAIA_ANC_SURFACEMONITOR_PM_2.5_SPECIES_USA-LosAngeles_20250128T000000Z_F01_V2026p06p10.nc,-9999.0,0.007,1.4456
20250128,PM_2.5,Elemental_Carbon,0.23,USA-LosAngeles-0001-36.4988N_118.8248W_1801,"Visalia-Porterville, CA 1",36.498835,-118.824821,government,AQS,SPECIES_USA-LosAngeles-0001_,,,,US,Sequoia National Park,,,,,,,,,,,,,MAIA_ANC_SURFACEMONITOR_PM_2.5_SPECIES_USA-LosAngeles_20250128T000000Z_F01_V2026p06p10.nc,-9999.0,0.0009,0.1446
20250128,PM_2.5,Elemental_Carbon,1.19,USA-LosAngeles-0001-36.7854N_119.7732W_1801,"Fresno, CA 1",36.78538,-119.77321,government,AQS,SPECIES_USA-LosAngeles-0001_,,,,US,Fresno,,,,,,,,,,,,,MAIA_ANC_SURFACEMONITOR_PM_2.5_SPECIES_USA-LosAngeles_20250128T000000Z_F01_V2026p06p10.nc,-9999.0,0.0058,1.0029
20250128,PM_2.5,Elemental_Carbon,1.455,USA-LosAngeles-0001-36.7854N_119.7732W_1805,"Fresno, CA 5",36.78538,-119.77321,government,AQS,SPECIES_USA-LosAngeles-0001_,,,,US,Fresno,,,,,,,,,,,,,MAIA_ANC_SURFACEMONITOR_PM_2.5_SPECIES_USA-LosAngeles_20250128T000000Z_F01_V2026p06p10.nc,-9999.0,0.0071,1.2484
20250128,PM_2.5,Elemental_Carbon,0.16,USA-LosAngeles-0001-37.3607N_118.3308W_1801,"Bishop, CA 1",37.360684,-118.330783,government,AQS,SPECIES_USA-LosAngeles-0001_,,,,US,Not in a City,,,,,,,,,,,,,MAIA_ANC_SURFACEMONITOR_PM_2.5_SPECIES_USA-LosAngeles_20250128T000000Z_F01_V2026p06p10.nc,-9999.0,0.0006,0.1049
20250128,PM_2.5,Elemental_Carbon,0.15,USA-LosAngeles-0001-37.7133N_119.7062W_1801, 1,37.71325,-119.7062,government,AQS,SPECIES_USA-LosAngeles-0001_,,,,US,Not in a City,,,,,,,,,,,,,MAIA_ANC_SURFACEMONITOR_PM_2.5_SPECIES_USA-LosAngeles_20250128T000000Z_F01_V2026p06p10.nc,-9999.0,0.0003,0.0479
20250128,PM_2.5,Nitrate,4.61,USA-LosAngeles-0001-33.9996N_117.4160W_1805,"Riverside-San Bernardino-Ontario, CA 5",33.99958,-117.41601,government,AQS,SPECIES_USA-LosAngeles-0001_,,,,US,Rubidoux,,,,,,,,,,,,,MAIA_ANC_SURFACEMONITOR_PM_2.5_SPECIES_USA-LosAngeles_20250128T000000Z_F01_V2026p06p10.nc,-9999.0,0.0215,4.695
20250128,PM_2.5,Nitrate,0.807,USA-LosAngeles-0001-34.1939N_116.9141W_1801,"Riverside-San Bernardino-Ontario, CA 1",34.193925,-116.914063,government,AQS,SPECIES_USA-LosAngeles-0001_,,,,US,Not in a City,,,,,,,,,,,,,MAIA_ANC_SURFACEMONITOR_PM_2.5_SPECIES_USA-LosAngeles_20250128T000000Z_F01_V2026p06p10.nc,-9999.0,0.003,0.8563
20250128,PM_2.5,Nitrate,0.568,USA-LosAngeles-0001-34.8219N_118.8876W_1801,"Bakersfield, CA 1",34.821922,-118.887598,government,AQS,SPECIES_USA-LosAngeles-0001_,,,,US,Lebec,,,,,,,,,,,,,MAIA_ANC_SURFACEMONITOR_PM_2.5_SPECIES_USA-LosAngeles_20250128T000000Z_F01_V2026p06p10.nc,-9999.0,0.0012,0.3776
20250128,PM_2.5,Nitrate,2.69,USA-LosAngeles-0001-35.3566N_119.0626W_1805,"Bakersfield, CA 5",35.356615,-119.062613,government,AQS,SPECIES_USA-LosAngeles-0001_,,,,US,Bakersfield,,,,,,,,,,,,,MAIA_ANC_SURFACEMONITOR_PM_2.5_SPECIES_USA-LosAngeles_20250128T000000Z_F01_V2026p06p10.nc,-9999.0,0.027,5.6187
20250128,PM_2.5,Nitrate,0.687,USA-LosAngeles-0001-36.4988N_118.8248W_1801,"Visalia-Porterville, CA 1",36.498835,-118.824821,government,AQS,SPECIES_USA-LosAngeles-0001_,,,,US,Sequoia National Park,,,,,,,,,,,,,MAIA_ANC_SURFACEMONITOR_PM_2.5_SPECIES_USA-LosAngeles_20250128T000000Z_F01_V2026p06p10.nc,-9999.0,0.0036,0.8348
20250128,PM_2.5,Nitrate,5.997,USA-LosAngeles-0001-36.7854N_119.7732W_1801,"Fresno, CA 1",36.78538,-119.77321,government,AQS,SPECIES_USA-LosAngeles-0001_,,,,US,Fresno,,,,,,,,,,,,,MAIA_ANC_SURFACEMONITOR_PM_2.5_SPECIES_USA-LosAngeles_20250128T000000Z_F01_V2026p06p10.nc,-9999.0,0.0217,4.2647
20250128,PM_2.5,Nitrate,3.38,USA-LosAngeles-0001-36.7854N_119.7732W_1805,"Fresno, CA 5",36.78538,-119.77321,government,AQS,SPECIES_USA-LosAngeles-0001_,,,,US,Fresno,,,,,,,,,,,,,MAIA_ANC_SURFACEMONITOR_PM_2.5_SPECIES_USA-LosAngeles_20250128T000000Z_F01_V2026p06p10.nc,-9999.0,0.0212,4.1249
20250128,PM_2.5,Nitrate,0.277,USA-LosAngeles-0001-37.3607N_118.3308W_1801,"Bishop, CA 1",37.360684,-118.330783,government,AQS,SPECIES_USA-LosAngeles-0001_,,,,US,Not in a City,,,,,,,,,,,,,MAIA_ANC_SURFACEMONITOR_PM_2.5_SPECIES_USA-LosAngeles_20250128T000000Z_F01_V2026p06p10.nc,-9999.0,0.0004,0.0856
20250128,PM_2.5,Nitrate,0.593,USA-LosAngeles-0001-37.7133N_119.7062W_1801, 1,37.71325,-119.7062,government,AQS,SPECIES_USA-LosAngeles-0001_,,,,US,Not in a City,,,,,,,,,,,,,MAIA_ANC_SURFACEMONITOR_PM_2.5_SPECIES_USA-LosAngeles_20250128T000000Z_F01_V2026p06p10.nc,-9999.0,0.0003,0.0812
20250128,PM_2.5,Organic_Carbon,2.621,USA-LosAngeles-0001-33.9996N_117.4160W_1805,"Riverside-San Bernardino-Ontario, CA 5",33.99958,-117.41601,government,AQS,SPECIES_USA-LosAngeles-0001_,,,,US,Rubidoux,,,,,,,,,,,,,MAIA_ANC_SURFACEMONITOR_PM_2.5_SPECIES_USA-LosAngeles_20250128T000000Z_F01_V2026p06p10.nc,-9999.0,0.0201,3.3989
20250128,PM_2.5,Organic_Carbon,0.92,USA-LosAngeles-0001-34.1939N_116.9141W_1801,"Riverside-San Bernardino-Ontario, CA 1",34.193925,-116.914063,government,AQS,SPECIES_USA-LosAngeles-0001_,,,,US,Not in a City,,,,,,,,,,,,,MAIA_ANC_SURFACEMONITOR_PM_2.5_SPECIES_USA-LosAngeles_20250128T000000Z_F01_V2026p06p10.nc,-9999.0,0.0021,0.3571
20250128,PM_2.5,Organic_Carbon,1.03,USA-LosAngeles-0001-34.8219N_118.8876W_1801,"Bakersfield, CA 1",34.821922,-118.887598,government,AQS,SPECIES_USA-LosAngeles-0001_,,,,US,Lebec,,,,,,,,,,,,,MAIA_ANC_SURFACEMONITOR_PM_2.5_SPECIES_USA-LosAngeles_20250128T000000Z_F01_V2026p06p10.nc,-9999.0,0.003,0.51
20250128,PM_2.5,Organic_Carbon,3.232,USA-LosAngeles-0001-35.3566N_119.0626W_1805,"Bakersfield, CA 5",35.356615,-119.062613,government,AQS,SPECIES_USA-LosAngeles-0001_,,,,US,Bakersfield,,,,,,,,,,,,,MAIA_ANC_SURFACEMONITOR_PM_2.5_SPECIES_USA-LosAngeles_20250128T000000Z_F01_V2026p06p10.nc,-9999.0,0.0196,3.7205
20250128,PM_2.5,Organic_Carbon,0.97,USA-LosAngeles-0001-36.4988N_118.8248W_1801,"Visalia-Porterville, CA 1",36.498835,-118.824821,government,AQS,SPECIES_USA-LosAngeles-0001_,,,,US,Sequoia National Park,,,,,,,,,,,,,MAIA_ANC_SURFACEMONITOR_PM_2.5_SPECIES_USA-LosAngeles_20250128T000000Z_F01_V2026p06p10.nc,-9999.0,0.0049,0.7814
20250128,PM_2.5,Organic_Carbon,3.92,USA-LosAngeles-0001-36.7854N_119.7732W_1801,"Fresno, CA 1",36.78538,-119.77321,government,AQS,SPECIES_USA-LosAngeles-0001_,,,,US,Fresno,,,,,,,,,,,,,MAIA_ANC_SURFACEMONITOR_PM_2.5_SPECIES_USA-LosAngeles_20250128T000000Z_F01_V2026p06p10.nc,-9999.0,0.0206,3.6491
20250128,PM_2.5,Organic_Carbon,4.223,USA-LosAngeles-0001-36.7854N_119.7732W_1805,"Fresno, CA 5",36.78538,-119.77321,government,AQS,SPECIES_USA-LosAngeles-0001_,,,,US,Fresno,,,,,,,,,,,,,MAIA_ANC_SURFACEMONITOR_PM_2.5_SPECIES_USA-LosAngeles_20250128T000000Z_F01_V2026p06p10.nc,-9999.0,0.0241,4.1545
20250128,PM_2.5,Organic_Carbon,0.72,USA-LosAngeles-0001-37.3607N_118.3308W_1801,"Bishop, CA 1",37.360684,-118.330783,government,AQS,SPECIES_USA-LosAngeles-0001_,,,,US,Not in a City,,,,,,,,,,,,,MAIA_ANC_SURFACEMONITOR_PM_2.5_SPECIES_USA-LosAngeles_20250128T000000Z_F01_V2026p06p10.nc,-9999.0,0.0024,0.3902
20250128,PM_2.5,Organic_Carbon,0.99,USA-LosAngeles-0001-37.7133N_119.7062W_1801, 1,37.71325,-119.7062,government,AQS,SPECIES_USA-LosAngeles-0001_,,,,US,Not in a City,,,,,,,,,,,,,MAIA_ANC_SURFACEMONITOR_PM_2.5_SPECIES_USA-LosAngeles_20250128T000000Z_F01_V2026p06p10.nc,-9999.0,0.0016,0.3008
20250128,PM_2.5,Sulfate,0.5,USA-LosAngeles-0001-33.9996N_117.4160W_1805,"Riverside-San Bernardino-Ontario, CA 5",33.99958,-117.41601,government,AQS,SPECIES_USA-LosAngeles-0001_,,,,US,Rubidoux,,,,,,,,,,,,,MAIA_ANC_SURFACEMONITOR_PM_2.5_SPECIES_USA-LosAngeles_20250128T000000Z_F01_V2026p06p10.nc,-9999.0,0.0027,0.4881
20250128,PM_2.5,Sulfate,0.265,USA-LosAngeles-0001-34.1939N_116.9141W_1801,"Riverside-San Bernardino-Ontario, CA 1",34.193925,-116.914063,government,AQS,SPECIES_USA-LosAngeles-0001_,,,,US,Not in a City,,,,,,,,,,,,,MAIA_ANC_SURFACEMONITOR_PM_2.5_SPECIES_USA-LosAngeles_20250128T000000Z_F01_V2026p06p10.nc,-9999.0,0.0009,0.1562
20250128,PM_2.5,Sulfate,0.348,USA-LosAngeles-0001-34.8219N_118.8876W_1801,"Bakersfield, CA 1",34.821922,-118.887598,government,AQS,SPECIES_USA-LosAngeles-0001_,,,,US,Lebec,,,,,,,,,,,,,MAIA_ANC_SURFACEMONITOR_PM_2.5_SPECIES_USA-LosAngeles_20250128T000000Z_F01_V2026p06p10.nc,-9999.0,0.001,0.1725
20250128,PM_2.5,Sulfate,0.54,USA-LosAngeles-0001-35.3566N_119.0626W_1805,"Bakersfield, CA 5",35.356615,-119.062613,government,AQS,SPECIES_USA-LosAngeles-0001_,,,,US,Bakersfield,,,,,,,,,,,,,MAIA_ANC_SURFACEMONITOR_PM_2.5_SPECIES_USA-LosAngeles_20250128T000000Z_F01_V2026p06p10.nc,-9999.0,0.0057,1.2076
20250128,PM_2.5,Sulfate,0.378,USA-LosAngeles-0001-36.4988N_118.8248W_1801,"Visalia-Porterville, CA 1",36.498835,-118.824821,government,AQS,SPECIES_USA-LosAngeles-0001_,,,,US,Sequoia National Park,,,,,,,,,,,,,MAIA_ANC_SURFACEMONITOR_PM_2.5_SPECIES_USA-LosAngeles_20250128T000000Z_F01_V2026p06p10.nc,-9999.0,0.0015,0.2594
20250128,PM_2.5,Sulfate,0.71,USA-LosAngeles-0001-36.7854N_119.7732W_1801,"Fresno, CA 1",36.78538,-119.77321,government,AQS,SPECIES_USA-LosAngeles-0001_,,,,US,Fresno,,,,,,,,,,,,,MAIA_ANC_SURFACEMONITOR_PM_2.5_SPECIES_USA-LosAngeles_20250128T000000Z_F01_V2026p06p10.nc,-9999.0,0.0043,0.8006
20250128,PM_2.5,Sulfate,0.58,USA-LosAngeles-0001-36.7854N_119.7732W_1805,"Fresno, CA 5",36.78538,-119.77321,government,AQS,SPECIES_USA-LosAngeles-0001_,,,,US,Fresno,,,,,,,,,,,,,MAIA_ANC_SURFACEMONITOR_PM_2.5_SPECIES_USA-LosAngeles_20250128T000000Z_F01_V2026p06p10.nc,-9999.0,0.0045,0.8318
20250128,PM_2.5,Sulfate,0.192,USA-LosAngeles-0001-37.3607N_118.3308W_1801,"Bishop, CA 1",37.360684,-118.330783,government,AQS,SPECIES_USA-LosAngeles-0001_,,,,US,Not in a City,,,,,,,,,,,,,MAIA_ANC_SURFACEMONITOR_PM_2.5_SPECIES_USA-LosAngeles_20250128T000000Z_F01_V2026p06p10.nc,-9999.0,0.0009,0.1702
20250128,PM_2.5,Sulfate,0.278,USA-LosAngeles-0001-37.7133N_119.7062W_1801, 1,37.71325,-119.7062,government,AQS,SPECIES_USA-LosAngeles-0001_,,,,US,Not in a City,,,,,,,,,,,,,MAIA_ANC_SURFACEMONITOR_PM_2.5_SPECIES_USA-LosAngeles_20250128T000000Z_F01_V2026p06p10.nc,-9999.0,0.0005,0.0919
20250129,PM_2.5,Black_Carbon,0.0,USA-LosAngeles-0001-34.1994N_118.1732W_0800,AethLabs JPL,34.19941255,-118.1732079,research,aethalometer,SPECIES_USA-LosAngeles-0001_,,,,US,Pasadena,0.0028,900.0,0.0,0.0,0.0,720.0,0.0,0.0,898.0,900.0,0.0,2.0,MAIA_ANC_SURFACEMONITOR_PM_2.5_SPECIES_USA-LosAngeles_20250129T000000Z_F01_V2026p06p10.nc,,,
20250130,PM_2.5,Black_Carbon,0.0,USA-LosAngeles-0001-34.1994N_118.1732W_0800,AethLabs JPL,34.19941255,-118.1732079,research,aethalometer,SPECIES_USA-LosAngeles-0001_,,,,US,Pasadena,0.0028,900.0,0.0,0.0,0.0,720.0,0.0,0.0,898.0,900.0,0.0,2.0,MAIA_ANC_SURFACEMONITOR_PM_2.5_SPECIES_USA-LosAngeles_20250130T000000Z_F01_V2026p06p10.nc,,,
20250131,PM_2.5,Black_Carbon,0.0,USA-LosAngeles-0001-34.1994N_118.1732W_0800,AethLabs JPL,34.19941255,-118.1732079,research,aethalometer,SPECIES_USA-LosAngeles-0001_,,,,US,Pasadena,0.0028,900.0,0.0,0.0,0.0,720.0,0.0,0.0,898.0,900.0,0.0,2.0,MAIA_ANC_SURFACEMONITOR_PM_2.5_SPECIES_USA-LosAngeles_20250131T000000Z_F01_V2026p06p10.nc,,,
20250131,PM_2.5,Dust,0.3749,USA-LosAngeles-0001-33.4636N_116.9715W_1801,"Riverside-San Bernardino-Ontario, CA 1",33.463644,-116.971457,government,AQS,SPECIES_USA-LosAngeles-0001_,,,,US,Not in a City,,,,,,,,,,,,,MAIA_ANC_SURFACEMONITOR_PM_2.5_SPECIES_USA-LosAngeles_20250131T000000Z_F01_V2026p06p10.nc,1.0,0.18405625,0.09451991799847005
20250131,PM_2.5,Dust,1.1156,USA-LosAngeles-0001-33.8306N_117.9385W_1811,"Los Angeles-Long Beach-Anaheim, CA 11",33.83062,-117.93845,government,AQS,SPECIES_USA-LosAngeles-0001_,,,,US,Anaheim,,,,,,,,,,,,,MAIA_ANC_SURFACEMONITOR_PM_2.5_SPECIES_USA-LosAngeles_20250131T000000Z_F01_V2026p06p10.nc,-9999.0,-9999.0,-9999.0
20250131,PM_2.5,Dust,1.1645,USA-LosAngeles-0001-33.9996N_117.4160W_1805,"Riverside-San Bernardino-Ontario, CA 5",33.99958,-117.41601,government,AQS,SPECIES_USA-LosAngeles-0001_,,,,US,Rubidoux,,,,,,,,,,,,,MAIA_ANC_SURFACEMONITOR_PM_2.5_SPECIES_USA-LosAngeles_20250131T000000Z_F01_V2026p06p10.nc,1.0,0.8934112500000001,0.545894125390572
20250131,PM_2.5,Dust,0.8425,USA-LosAngeles-0001-33.9996N_117.4160W_1806,"Riverside-San Bernardino-Ontario, CA 6",33.99958,-117.41601,government,AQS,SPECIES_USA-LosAngeles-0001_,,,,US,Rubidoux,,,,,,,,,,,,,MAIA_ANC_SURFACEMONITOR_PM_2.5_SPECIES_USA-LosAngeles_20250131T000000Z_F01_V2026p06p10.nc,1.0,0.622944,0.3839806103229694
20250131,PM_2.5,Dust,1.433,USA-LosAngeles-0001-33.9996N_117.4160W_1811,"Riverside-San Bernardino-Ontario, CA 11",33.99958,-117.41601,government,AQS,SPECIES_USA-LosAngeles-0001_,,,,US,Rubidoux,,,,,,,,,,,,,MAIA_ANC_SURFACEMONITOR_PM_2.5_SPECIES_USA-LosAngeles_20250131T000000Z_F01_V2026p06p10.nc,-9999.0,-9999.0,-9999.0
20250131,PM_2.5,Dust,0.7045,USA-LosAngeles-0001-34.0666N_118.2269W_1805,"Los Angeles-Long Beach-Anaheim, CA 5",34.06659,-118.22688,government,AQS,SPECIES_USA-LosAngeles-0001_,,,,US,Los Angeles,,,,,,,,,,,,,MAIA_ANC_SURFACEMONITOR_PM_2.5_SPECIES_USA-LosAngeles_20250131T000000Z_F01_V2026p06p10.nc,1.0,0.6212163636363637,0.27106348006166475
20250131,PM_2.5,Dust,1.077,USA-LosAngeles-0001-34.0666N_118.2269W_1811,"Los Angeles-Long Beach-Anaheim, CA 11",34.06659,-118.22688,government,AQS,SPECIES_USA-LosAngeles-0001_,,,,US,Los Angeles,,,,,,,,,,,,,MAIA_ANC_SURFACEMONITOR_PM_2.5_SPECIES_USA-LosAngeles_20250131T000000Z_F01_V2026p06p10.nc,-9999.0,-9999.0,-9999.0
20250131,PM_2.5,Dust,1.0169,USA-LosAngeles-0001-34.0666N_118.2269W_1812,"Los Angeles-Long Beach-Anaheim, CA 12",34.06659,-118.22688,government,AQS,SPECIES_USA-LosAngeles-0001_,,,,US,Los Angeles,,,,,,,,,,,,,MAIA_ANC_SURFACEMONITOR_PM_2.5_SPECIES_USA-LosAngeles_20250131T000000Z_F01_V2026p06p10.nc,-9999.0,-9999.0,-9999.0
20250131,PM_2.5,Dust,1.6664,USA-LosAngeles-0001-34.1000N_117.4920W_1811,"Riverside-San Bernardino-Ontario, CA 11",34.10002,-117.49201,government,AQS,SPECIES_USA-LosAngeles-0001_,,,,US,Fontana,,,,,,,,,,,,,MAIA_ANC_SURFACEMONITOR_PM_2.5_SPECIES_USA-LosAngeles_20250131T000000Z_F01_V2026p06p10.nc,-9999.0,-9999.0,-9999.0
20250131,PM_2.5,Dust,0.1978,USA-LosAngeles-0001-34.1939N_116.9141W_1801,"Riverside-San Bernardino-Ontario, CA 1",34.193925,-116.914063,government,AQS,SPECIES_USA-LosAngeles-0001_,,,,US,Not in a City,,,,,,,,,,,,,MAIA_ANC_SURFACEMONITOR_PM_2.5_SPECIES_USA-LosAngeles_20250131T000000Z_F01_V2026p06p10.nc,1.0,0.13754363636363637,0.09184300560024129
20250131,PM_2.5,Dust,1.8317,USA-LosAngeles-0001-34.1994N_118.1732W_1700,jpl,34.199433,-118.17317,research,amod-speciated,SPECIES_USA-LosAngeles-0001_,,,,US,Pasadena,,,,,,,,,,,,,MAIA_ANC_SURFACEMONITOR_PM_2.5_SPECIES_USA-LosAngeles_20250131T000000Z_F01_V2026p06p10.nc,0.0,0.37000545826,0.03945158581000002
20250131,PM_2.5,Dust,0.2367,USA-LosAngeles-0001-34.8219N_118.8876W_1801,"Bakersfield, CA 1",34.821922,-118.887598,government,AQS,SPECIES_USA-LosAngeles-0001_,,,,US,Lebec,,,,,,,,,,,,,MAIA_ANC_SURFACEMONITOR_PM_2.5_SPECIES_USA-LosAngeles_20250131T000000Z_F01_V2026p06p10.nc,1.0,0.09587454545454546,0.07779236575813808
20250131,PM_2.5,Dust,0.7941,USA-LosAngeles-0001-35.3566N_119.0626W_1805,"Bakersfield, CA 5",35.356615,-119.062613,government,AQS,SPECIES_USA-LosAngeles-0001_,,,,US,Bakersfield,,,,,,,,,,,,,MAIA_ANC_SURFACEMONITOR_PM_2.5_SPECIES_USA-LosAngeles_20250131T000000Z_F01_V2026p06p10.nc,1.0,0.426276,0.21017801708075942
20250131,PM_2.5,Dust,0.7283,USA-LosAngeles-0001-35.3566N_119.0626W_1806,"Bakersfield, CA 6",35.356615,-119.062613,government,AQS,SPECIES_USA-LosAngeles-0001_,,,,US,Bakersfield,,,,,,,,,,,,,MAIA_ANC_SURFACEMONITOR_PM_2.5_SPECIES_USA-LosAngeles_20250131T000000Z_F01_V2026p06p10.nc,1.0,0.47933000000000003,0.34271362885067763
20250131,PM_2.5,Dust,0.7229,USA-LosAngeles-0001-36.3081N_119.3129W_1805,N/A,36.30815,-119.3129,government,AQS,SPECIES_USA-LosAngeles-0001_,,,,US,N/A,,,,,,,,,,,,,MAIA_ANC_SURFACEMONITOR_PM_2.5_SPECIES_USA-LosAngeles_20250131T000000Z_F01_V2026p06p10.nc,1.0,0.4454850000000001,0.13882173493969405
20250131,PM_2.5,Dust,0.3364,USA-LosAngeles-0001-36.4988N_118.8248W_1801,"Visalia-Porterville, CA 1",36.498835,-118.824821,government,AQS,SPECIES_USA-LosAngeles-0001_,,,,US,Sequoia National Park,,,,,,,,,,,,,MAIA_ANC_SURFACEMONITOR_PM_2.5_SPECIES_USA-LosAngeles_20250131T000000Z_F01_V2026p06p10.nc,0.0,0.06566454545454546,0.032651107836874485
20250131,PM_2.5,Dust,0.8609,USA-LosAngeles-0001-36.7854N_119.7732W_1801,"Fresno, CA 1",36.78538,-119.77321,government,AQS,SPECIES_USA-LosAngeles-0001_,,,,US,Fresno,,,,,,,,,,,,,MAIA_ANC_SURFACEMONITOR_PM_2.5_SPECIES_USA-LosAngeles_20250131T000000Z_F01_V2026p06p10.nc,0.0,0.37174545454545455,0.154331419081477
20250131,PM_2.5,Dust,0.4668,USA-LosAngeles-0001-36.7854N_119.7732W_1805,"Fresno, CA 5",36.78538,-119.77321,government,AQS,SPECIES_USA-LosAngeles-0001_,,,,US,Fresno,,,,,,,,,,,,,MAIA_ANC_SURFACEMONITOR_PM_2.5_SPECIES_USA-LosAngeles_20250131T000000Z_F01_V2026p06p10.nc,1.0,0.2370081818181818,0.11422267135398152
20250131,PM_2.5,Dust,0.9373,USA-LosAngeles-0001-37.3607N_118.3308W_1801,"Bishop, CA 1",37.360684,-118.330783,government,AQS,SPECIES_USA-LosAngeles-0001_,,,,US,Not in a City,,,,,,,,,,,,,MAIA_ANC_SURFACEMONITOR_PM_2.5_SPECIES_USA-LosAngeles_20250131T000000Z_F01_V2026p06p10.nc,1.0,0.339499090909091,0.3459530004982166
20250131,PM_2.5,Dust,0.1324,USA-LosAngeles-0001-37.7133N_119.7062W_1801, 1,37.71325,-119.7062,government,AQS,SPECIES_USA-LosAngeles-0001_,,,,US,Not in a City,,,,,,,,,,,,,MAIA_ANC_SURFACEMONITOR_PM_2.5_SPECIES_USA-LosAngeles_20250131T000000Z_F01_V2026p06p10.nc,0.0,0.03261272727272728,0.03150998055188491
20250131,PM_2.5,Dust,0.142,USA-LosAngeles-0001-37.7133N_119.7062W_1802, 2,37.71325,-119.7062,government,AQS,SPECIES_USA-LosAngeles-0001_,,,,US,Not in a City,,,,,,,,,,,,,MAIA_ANC_SURFACEMONITOR_PM_2.5_SPECIES_USA-LosAngeles_20250131T000000Z_F01_V2026p06p10.nc,-9999.0,-9999.0,-9999.0
20250131,PM_2.5,Elemental_Carbon,0.26,USA-LosAngeles-0001-33.4636N_116.9715W_1801,"Riverside-San Bernardino-Ontario, CA 1",33.463644,-116.971457,government,AQS,SPECIES_USA-LosAngeles-0001_,,,,US,Not in a City,,,,,,,,,,,,,MAIA_ANC_SURFACEMONITOR_PM_2.5_SPECIES_USA-LosAngeles_20250131T000000Z_F01_V2026p06p10.nc,-9999.0,0.0009,0.1967
20250131,PM_2.5,Elemental_Carbon,1.889,USA-LosAngeles-0001-33.9996N_117.4160W_1805,"Riverside-San Bernardino-Ontario, CA 5",33.99958,-117.41601,government,AQS,SPECIES_USA-LosAngeles-0001_,,,,US,Rubidoux,,,,,,,,,,,,,MAIA_ANC_SURFACEMONITOR_PM_2.5_SPECIES_USA-LosAngeles_20250131T000000Z_F01_V2026p06p10.nc,-9999.0,0.01,1.8023
20250131,PM_2.5,Elemental_Carbon,2.063,USA-LosAngeles-0001-33.9996N_117.4160W_1806,"Riverside-San Bernardino-Ontario, CA 6",33.99958,-117.41601,government,AQS,SPECIES_USA-LosAngeles-0001_,,,,US,Rubidoux,,,,,,,,,,,,,MAIA_ANC_SURFACEMONITOR_PM_2.5_SPECIES_USA-LosAngeles_20250131T000000Z_F01_V2026p06p10.nc,-9999.0,0.0066,2.1983
20250131,PM_2.5,Elemental_Carbon,1.064,USA-LosAngeles-0001-34.0666N_118.2269W_1805,"Los Angeles-Long Beach-Anaheim, CA 5",34.06659,-118.22688,government,AQS,SPECIES_USA-LosAngeles-0001_,,,,US,Los Angeles,,,,,,,,,,,,,MAIA_ANC_SURFACEMONITOR_PM_2.5_SPECIES_USA-LosAngeles_20250131T000000Z_F01_V2026p06p10.nc,-9999.0,0.0042,1.1453
20250131,PM_2.5,Elemental_Carbon,0.06,USA-LosAngeles-0001-34.1939N_116.9141W_1801,"Riverside-San Bernardino-Ontario, CA 1",34.193925,-116.914063,government,AQS,SPECIES_USA-LosAngeles-0001_,,,,US,Not in a City,,,,,,,,,,,,,MAIA_ANC_SURFACEMONITOR_PM_2.5_SPECIES_USA-LosAngeles_20250131T000000Z_F01_V2026p06p10.nc,-9999.0,0.0005,0.0957
20250131,PM_2.5,Elemental_Carbon,0.17,USA-LosAngeles-0001-34.8219N_118.8876W_1801,"Bakersfield, CA 1",34.821922,-118.887598,government,AQS,SPECIES_USA-LosAngeles-0001_,,,,US,Lebec,,,,,,,,,,,,,MAIA_ANC_SURFACEMONITOR_PM_2.5_SPECIES_USA-LosAngeles_20250131T000000Z_F01_V2026p06p10.nc,-9999.0,0.0005,0.0901
20250131,PM_2.5,Elemental_Carbon,1.283,USA-LosAngeles-0001-35.3566N_119.0626W_1805,"Bakersfield, CA 5",35.356615,-119.062613,government,AQS,SPECIES_USA-LosAngeles-0001_,,,,US,Bakersfield,,,,,,,,,,,,,MAIA_ANC_SURFACEMONITOR_PM_2.5_SPECIES_USA-LosAngeles_20250131T000000Z_F01_V2026p06p10.nc,-9999.0,0.007,1.4456
20250131,PM_2.5,Elemental_Carbon,1.46,USA-LosAngeles-0001-35.3566N_119.0626W_1806,"Bakersfield, CA 6",35.356615,-119.062613,government,AQS,SPECIES_USA-LosAngeles-0001_,,,,US,Bakersfield,,,,,,,,,,,,,MAIA_ANC_SURFACEMONITOR_PM_2.5_SPECIES_USA-LosAngeles_20250131T000000Z_F01_V2026p06p10.nc,-9999.0,0.0046,1.9558
20250131,PM_2.5,Elemental_Carbon,0.39,USA-LosAngeles-0001-36.4988N_118.8248W_1801,"Visalia-Porterville, CA 1",36.498835,-118.824821,government,AQS,SPECIES_USA-LosAngeles-0001_,,,,US,Sequoia National Park,,,,,,,,,,,,,MAIA_ANC_SURFACEMONITOR_PM_2.5_SPECIES_USA-LosAngeles_20250131T000000Z_F01_V2026p06p10.nc,-9999.0,0.0009,0.1446
20250131,PM_2.5,Elemental_Carbon,0.92,USA-LosAngeles-0001-36.7854N_119.7732W_1801,"Fresno, CA 1",36.78538,-119.77321,government,AQS,SPECIES_USA-LosAngeles-0001_,,,,US,Fresno,,,,,,,,,,,,,MAIA_ANC_SURFACEMONITOR_PM_2.5_SPECIES_USA-LosAngeles_20250131T000000Z_F01_V2026p06p10.nc,-9999.0,0.0058,1.0029
20250131,PM_2.5,Elemental_Carbon,1.107,USA-LosAngeles-0001-36.7854N_119.7732W_1805,"Fresno, CA 5",36.78538,-119.77321,government,AQS,SPECIES_USA-LosAngeles-0001_,,,,US,Fresno,,,,,,,,,,,,,MAIA_ANC_SURFACEMONITOR_PM_2.5_SPECIES_USA-LosAngeles_20250131T000000Z_F01_V2026p06p10.nc,-9999.0,0.0071,1.2484
20250131,PM_2.5,Elemental_Carbon,0.11,USA-LosAngeles-0001-37.3607N_118.3308W_1801,"Bishop, CA 1",37.360684,-118.330783,government,AQS,SPECIES_USA-LosAngeles-0001_,,,,US,Not in a City,,,,,,,,,,,,,MAIA_ANC_SURFACEMONITOR_PM_2.5_SPECIES_USA-LosAngeles_20250131T000000Z_F01_V2026p06p10.nc,-9999.0,0.0006,0.1049
20250131,PM_2.5,Elemental_Carbon,0.03,USA-LosAngeles-0001-37.7133N_119.7062W_1801, 1,37.71325,-119.7062,government,AQS,SPECIES_USA-LosAngeles-0001_,,,,US,Not in a City,,,,,,,,,,,,,MAIA_ANC_SURFACEMONITOR_PM_2.5_SPECIES_USA-LosAngeles_20250131T000000Z_F01_V2026p06p10.nc,-9999.0,0.0003,0.0479
20250131,PM_2.5,Nitrate,1.159,USA-LosAngeles-0001-33.4636N_116.9715W_1801,"Riverside-San Bernardino-Ontario, CA 1",33.463644,-116.971457,government,AQS,SPECIES_USA-LosAngeles-0001_,,,,US,Not in a City,,,,,,,,,,,,,MAIA_ANC_SURFACEMONITOR_PM_2.5_SPECIES_USA-LosAngeles_20250131T000000Z_F01_V2026p06p10.nc,-9999.0,0.0014,0.3501
20250131,PM_2.5,Nitrate,7.85,USA-LosAngeles-0001-33.8306N_117.9385W_1811,"Los Angeles-Long Beach-Anaheim, CA 11",33.83062,-117.93845,government,AQS,SPECIES_USA-LosAngeles-0001_,,,,US,Anaheim,,,,,,,,,,,,,MAIA_ANC_SURFACEMONITOR_PM_2.5_SPECIES_USA-LosAngeles_20250131T000000Z_F01_V2026p06p10.nc,-9999.0,0.0,
20250131,PM_2.5,Nitrate,12.84,USA-LosAngeles-0001-33.9996N_117.4160W_1805,"Riverside-San Bernardino-Ontario, CA 5",33.99958,-117.41601,government,AQS,SPECIES_USA-LosAngeles-0001_,,,,US,Rubidoux,,,,,,,,,,,,,MAIA_ANC_SURFACEMONITOR_PM_2.5_SPECIES_USA-LosAngeles_20250131T000000Z_F01_V2026p06p10.nc,-9999.0,0.0215,4.695
20250131,PM_2.5,Nitrate,12.7,USA-LosAngeles-0001-33.9996N_117.4160W_1806,"Riverside-San Bernardino-Ontario, CA 6",33.99958,-117.41601,government,AQS,SPECIES_USA-LosAngeles-0001_,,,,US,Rubidoux,,,,,,,,,,,,,MAIA_ANC_SURFACEMONITOR_PM_2.5_SPECIES_USA-LosAngeles_20250131T000000Z_F01_V2026p06p10.nc,-9999.0,0.0109,3.7726
20250131,PM_2.5,Nitrate,13.31,USA-LosAngeles-0001-33.9996N_117.4160W_1811,"Riverside-San Bernardino-Ontario, CA 11",33.99958,-117.41601,government,AQS,SPECIES_USA-LosAngeles-0001_,,,,US,Rubidoux,,,,,,,,,,,,,MAIA_ANC_SURFACEMONITOR_PM_2.5_SPECIES_USA-LosAngeles_20250131T000000Z_F01_V2026p06p10.nc,-9999.0,0.0,
20250131,PM_2.5,Nitrate,6.12,USA-LosAngeles-0001-34.0666N_118.2269W_1805,"Los Angeles-Long Beach-Anaheim, CA 5",34.06659,-118.22688,government,AQS,SPECIES_USA-LosAngeles-0001_,,,,US,Los Angeles,,,,,,,,,,,,,MAIA_ANC_SURFACEMONITOR_PM_2.5_SPECIES_USA-LosAngeles_20250131T000000Z_F01_V2026p06p10.nc,-9999.0,0.0196,4.1381
20250131,PM_2.5,Nitrate,5.34,USA-LosAngeles-0001-34.0666N_118.2269W_1811,"Los Angeles-Long Beach-Anaheim, CA 11",34.06659,-118.22688,government,AQS,SPECIES_USA-LosAngeles-0001_,,,,US,Los Angeles,,,,,,,,,,,,,MAIA_ANC_SURFACEMONITOR_PM_2.5_SPECIES_USA-LosAngeles_20250131T000000Z_F01_V2026p06p10.nc,-9999.0,0.0,
20250131,PM_2.5,Nitrate,6.02,USA-LosAngeles-0001-34.0666N_118.2269W_1812,"Los Angeles-Long Beach-Anaheim, CA 12",34.06659,-118.22688,government,AQS,SPECIES_USA-LosAngeles-0001_,,,,US,Los Angeles,,,,,,,,,,,,,MAIA_ANC_SURFACEMONITOR_PM_2.5_SPECIES_USA-LosAngeles_20250131T000000Z_F01_V2026p06p10.nc,-9999.0,0.0,
20250131,PM_2.5,Nitrate,10.39,USA-LosAngeles-0001-34.1000N_117.4920W_1811,"Riverside-San Bernardino-Ontario, CA 11",34.10002,-117.49201,government,AQS,SPECIES_USA-LosAngeles-0001_,,,,US,Fontana,,,,,,,,,,,,,MAIA_ANC_SURFACEMONITOR_PM_2.5_SPECIES_USA-LosAngeles_20250131T000000Z_F01_V2026p06p10.nc,-9999.0,0.0,
20250131,PM_2.5,Nitrate,0.099,USA-LosAngeles-0001-34.1939N_116.9141W_1801,"Riverside-San Bernardino-Ontario, CA 1",34.193925,-116.914063,government,AQS,SPECIES_USA-LosAngeles-0001_,,,,US,Not in a City,,,,,,,,,,,,,MAIA_ANC_SURFACEMONITOR_PM_2.5_SPECIES_USA-LosAngeles_20250131T000000Z_F01_V2026p06p10.nc,-9999.0,0.003,0.8563
20250131,PM_2.5,Nitrate,0.17,USA-LosAngeles-0001-34.8219N_118.8876W_1801,"Bakersfield, CA 1",34.821922,-118.887598,government,AQS,SPECIES_USA-LosAngeles-0001_,,,,US,Lebec,,,,,,,,,,,,,MAIA_ANC_SURFACEMONITOR_PM_2.5_SPECIES_USA-LosAngeles_20250131T000000Z_F01_V2026p06p10.nc,-9999.0,0.0012,0.3776
20250131,PM_2.5,Nitrate,9.4,USA-LosAngeles-0001-35.3566N_119.0626W_1805,"Bakersfield, CA 5",35.356615,-119.062613,government,AQS,SPECIES_USA-LosAngeles-0001_,,,,US,Bakersfield,,,,,,,,,,,,,MAIA_ANC_SURFACEMONITOR_PM_2.5_SPECIES_USA-LosAngeles_20250131T000000Z_F01_V2026p06p10.nc,-9999.0,0.027,5.6187
20250131,PM_2.5,Nitrate,9.58,USA-LosAngeles-0001-35.3566N_119.0626W_1806,"Bakersfield, CA 6",35.356615,-119.062613,government,AQS,SPECIES_USA-LosAngeles-0001_,,,,US,Bakersfield,,,,,,,,,,,,,MAIA_ANC_SURFACEMONITOR_PM_2.5_SPECIES_USA-LosAngeles_20250131T000000Z_F01_V2026p06p10.nc,-9999.0,0.0075,5.3647
20250131,PM_2.5,Nitrate,13.5,USA-LosAngeles-0001-36.3081N_119.3129W_1805,N/A,36.30815,-119.3129,government,AQS,SPECIES_USA-LosAngeles-0001_,,,,US,N/A,,,,,,,,,,,,,MAIA_ANC_SURFACEMONITOR_PM_2.5_SPECIES_USA-LosAngeles_20250131T000000Z_F01_V2026p06p10.nc,-9999.0,0.0157,5.37
20250131,PM_2.5,Nitrate,4.735,USA-LosAngeles-0001-36.4988N_118.8248W_1801,"Visalia-Porterville, CA 1",36.498835,-118.824821,government,AQS,SPECIES_USA-LosAngeles-0001_,,,,US,Sequoia National Park,,,,,,,,,,,,,MAIA_ANC_SURFACEMONITOR_PM_2.5_SPECIES_USA-LosAngeles_20250131T000000Z_F01_V2026p06p10.nc,-9999.0,0.0036,0.8348
20250131,PM_2.5,Nitrate,9.159,USA-LosAngeles-0001-36.7854N_119.7732W_1801,"Fresno, CA 1",36.78538,-119.77321,government,AQS,SPECIES_USA-LosAngeles-0001_,,,,US,Fresno,,,,,,,,,,,,,MAIA_ANC_SURFACEMONITOR_PM_2.5_SPECIES_USA-LosAngeles_20250131T000000Z_F01_V2026p06p10.nc,-9999.0,0.0217,4.2647
20250131,PM_2.5,Nitrate,10.1,USA-LosAngeles-0001-36.7854N_119.7732W_1805,"Fresno, CA 5",36.78538,-119.77321,government,AQS,SPECIES_USA-LosAngeles-0001_,,,,US,Fresno,,,,,,,,,,,,,MAIA_ANC_SURFACEMONITOR_PM_2.5_SPECIES_USA-LosAngeles_20250131T000000Z_F01_V2026p06p10.nc,-9999.0,0.0212,4.1249
20250131,PM_2.5,Nitrate,0.477,USA-LosAngeles-0001-37.3607N_118.3308W_1801,"Bishop, CA 1",37.360684,-118.330783,government,AQS,SPECIES_USA-LosAngeles-0001_,,,,US,Not in a City,,,,,,,,,,,,,MAIA_ANC_SURFACEMONITOR_PM_2.5_SPECIES_USA-LosAngeles_20250131T000000Z_F01_V2026p06p10.nc,-9999.0,0.0004,0.0856
20250131,PM_2.5,Nitrate,0.036,USA-LosAngeles-0001-37.7133N_119.7062W_1801, 1,37.71325,-119.7062,government,AQS,SPECIES_USA-LosAngeles-0001_,,,,US,Not in a City,,,,,,,,,,,,,MAIA_ANC_SURFACEMONITOR_PM_2.5_SPECIES_USA-LosAngeles_20250131T000000Z_F01_V2026p06p10.nc,-9999.0,0.0003,0.0812
20250131,PM_2.5,Organic_Carbon,1.2,USA-LosAngeles-0001-33.4636N_116.9715W_1801,"Riverside-San Bernardino-Ontario, CA 1",33.463644,-116.971457,government,AQS,SPECIES_USA-LosAngeles-0001_,,,,US,Not in a City,,,,,,,,,,,,,MAIA_ANC_SURFACEMONITOR_PM_2.5_SPECIES_USA-LosAngeles_20250131T000000Z_F01_V2026p06p10.nc,-9999.0,0.0029,0.6628
20250131,PM_2.5,Organic_Carbon,3.982,USA-LosAngeles-0001-33.9996N_117.4160W_1805,"Riverside-San Bernardino-Ontario, CA 5",33.99958,-117.41601,government,AQS,SPECIES_USA-LosAngeles-0001_,,,,US,Rubidoux,,,,,,,,,,,,,MAIA_ANC_SURFACEMONITOR_PM_2.5_SPECIES_USA-LosAngeles_20250131T000000Z_F01_V2026p06p10.nc,-9999.0,0.0201,3.3989
20250131,PM_2.5,Organic_Carbon,3.753,USA-LosAngeles-0001-33.9996N_117.4160W_1806,"Riverside-San Bernardino-Ontario, CA 6",33.99958,-117.41601,government,AQS,SPECIES_USA-LosAngeles-0001_,,,,US,Rubidoux,,,,,,,,,,,,,MAIA_ANC_SURFACEMONITOR_PM_2.5_SPECIES_USA-LosAngeles_20250131T000000Z_F01_V2026p06p10.nc,-9999.0,0.0125,3.9285
20250131,PM_2.5,Organic_Carbon,2.837,USA-LosAngeles-0001-34.0666N_118.2269W_1805,"Los Angeles-Long Beach-Anaheim, CA 5",34.06659,-118.22688,government,AQS,SPECIES_USA-LosAngeles-0001_,,,,US,Los Angeles,,,,,,,,,,,,,MAIA_ANC_SURFACEMONITOR_PM_2.5_SPECIES_USA-LosAngeles_20250131T000000Z_F01_V2026p06p10.nc,-9999.0,0.0102,2.7164
20250131,PM_2.5,Organic_Carbon,0.12,USA-LosAngeles-0001-34.1939N_116.9141W_1801,"Riverside-San Bernardino-Ontario, CA 1",34.193925,-116.914063,government,AQS,SPECIES_USA-LosAngeles-0001_,,,,US,Not in a City,,,,,,,,,,,,,MAIA_ANC_SURFACEMONITOR_PM_2.5_SPECIES_USA-LosAngeles_20250131T000000Z_F01_V2026p06p10.nc,-9999.0,0.0021,0.3571
20250131,PM_2.5,Organic_Carbon,0.77,USA-LosAngeles-0001-34.8219N_118.8876W_1801,"Bakersfield, CA 1",34.821922,-118.887598,government,AQS,SPECIES_USA-LosAngeles-0001_,,,,US,Lebec,,,,,,,,,,,,,MAIA_ANC_SURFACEMONITOR_PM_2.5_SPECIES_USA-LosAngeles_20250131T000000Z_F01_V2026p06p10.nc,-9999.0,0.003,0.51
20250131,PM_2.5,Organic_Carbon,4.047,USA-LosAngeles-0001-35.3566N_119.0626W_1805,"Bakersfield, CA 5",35.356615,-119.062613,government,AQS,SPECIES_USA-LosAngeles-0001_,,,,US,Bakersfield,,,,,,,,,,,,,MAIA_ANC_SURFACEMONITOR_PM_2.5_SPECIES_USA-LosAngeles_20250131T000000Z_F01_V2026p06p10.nc,-9999.0,0.0196,3.7205
20250131,PM_2.5,Organic_Carbon,4.308,USA-LosAngeles-0001-35.3566N_119.0626W_1806,"Bakersfield, CA 6",35.356615,-119.062613,government,AQS,SPECIES_USA-LosAngeles-0001_,,,,US,Bakersfield,,,,,,,,,,,,,MAIA_ANC_SURFACEMONITOR_PM_2.5_SPECIES_USA-LosAngeles_20250131T000000Z_F01_V2026p06p10.nc,-9999.0,0.0117,4.5733
20250131,PM_2.5,Organic_Carbon,1.61,USA-LosAngeles-0001-36.4988N_118.8248W_1801,"Visalia-Porterville, CA 1",36.498835,-118.824821,government,AQS,SPECIES_USA-LosAngeles-0001_,,,,US,Sequoia National Park,,,,,,,,,,,,,MAIA_ANC_SURFACEMONITOR_PM_2.5_SPECIES_USA-LosAngeles_20250131T000000Z_F01_V2026p06p10.nc,-9999.0,0.0049,0.7814
20250131,PM_2.5,Organic_Carbon,4.4,USA-LosAngeles-0001-36.7854N_119.7732W_1801,"Fresno, CA 1",36.78538,-119.77321,government,AQS,SPECIES_USA-LosAngeles-0001_,,,,US,Fresno,,,,,,,,,,,,,MAIA_ANC_SURFACEMONITOR_PM_2.5_SPECIES_USA-LosAngeles_20250131T000000Z_F01_V2026p06p10.nc,-9999.0,0.0206,3.6491
20250131,PM_2.5,Organic_Carbon,4.787,USA-LosAngeles-0001-36.7854N_119.7732W_1805,"Fresno, CA 5",36.78538,-119.77321,government,AQS,SPECIES_USA-LosAngeles-0001_,,,,US,Fresno,,,,,,,,,,,,,MAIA_ANC_SURFACEMONITOR_PM_2.5_SPECIES_USA-LosAngeles_20250131T000000Z_F01_V2026p06p10.nc,-9999.0,0.0241,4.1545
20250131,PM_2.5,Organic_Carbon,0.45,USA-LosAngeles-0001-37.3607N_118.3308W_1801,"Bishop, CA 1",37.360684,-118.330783,government,AQS,SPECIES_USA-LosAngeles-0001_,,,,US,Not in a City,,,,,,,,,,,,,MAIA_ANC_SURFACEMONITOR_PM_2.5_SPECIES_USA-LosAngeles_20250131T000000Z_F01_V2026p06p10.nc,-9999.0,0.0024,0.3902
20250131,PM_2.5,Organic_Carbon,0.36,USA-LosAngeles-0001-37.7133N_119.7062W_1801, 1,37.71325,-119.7062,government,AQS,SPECIES_USA-LosAngeles-0001_,,,,US,Not in a City,,,,,,,,,,,,,MAIA_ANC_SURFACEMONITOR_PM_2.5_SPECIES_USA-LosAngeles_20250131T000000Z_F01_V2026p06p10.nc,-9999.0,0.0016,0.3008
20250131,PM_2.5,Sulfate,0.578,USA-LosAngeles-0001-33.4636N_116.9715W_1801,"Riverside-San Bernardino-Ontario, CA 1",33.463644,-116.971457,government,AQS,SPECIES_USA-LosAngeles-0001_,,,,US,Not in a City,,,,,,,,,,,,,MAIA_ANC_SURFACEMONITOR_PM_2.5_SPECIES_USA-LosAngeles_20250131T000000Z_F01_V2026p06p10.nc,-9999.0,0.001,0.231
20250131,PM_2.5,Sulfate,0.94,USA-LosAngeles-0001-33.8306N_117.9385W_1811,"Los Angeles-Long Beach-Anaheim, CA 11",33.83062,-117.93845,government,AQS,SPECIES_USA-LosAngeles-0001_,,,,US,Anaheim,,,,,,,,,,,,,MAIA_ANC_SURFACEMONITOR_PM_2.5_SPECIES_USA-LosAngeles_20250131T000000Z_F01_V2026p06p10.nc,-9999.0,0.0,
20250131,PM_2.5,Sulfate,1.16,USA-LosAngeles-0001-33.9996N_117.4160W_1805,"Riverside-San Bernardino-Ontario, CA 5",33.99958,-117.41601,government,AQS,SPECIES_USA-LosAngeles-0001_,,,,US,Rubidoux,,,,,,,,,,,,,MAIA_ANC_SURFACEMONITOR_PM_2.5_SPECIES_USA-LosAngeles_20250131T000000Z_F01_V2026p06p10.nc,-9999.0,0.0027,0.4881
20250131,PM_2.5,Sulfate,1.15,USA-LosAngeles-0001-33.9996N_117.4160W_1806,"Riverside-San Bernardino-Ontario, CA 6",33.99958,-117.41601,government,AQS,SPECIES_USA-LosAngeles-0001_,,,,US,Rubidoux,,,,,,,,,,,,,MAIA_ANC_SURFACEMONITOR_PM_2.5_SPECIES_USA-LosAngeles_20250131T000000Z_F01_V2026p06p10.nc,-9999.0,0.0016,0.5143
20250131,PM_2.5,Sulfate,1.1,USA-LosAngeles-0001-33.9996N_117.4160W_1811,"Riverside-San Bernardino-Ontario, CA 11",33.99958,-117.41601,government,AQS,SPECIES_USA-LosAngeles-0001_,,,,US,Rubidoux,,,,,,,,,,,,,MAIA_ANC_SURFACEMONITOR_PM_2.5_SPECIES_USA-LosAngeles_20250131T000000Z_F01_V2026p06p10.nc,-9999.0,0.0,
20250131,PM_2.5,Sulfate,1.06,USA-LosAngeles-0001-34.0666N_118.2269W_1805,"Los Angeles-Long Beach-Anaheim, CA 5",34.06659,-118.22688,government,AQS,SPECIES_USA-LosAngeles-0001_,,,,US,Los Angeles,,,,,,,,,,,,,MAIA_ANC_SURFACEMONITOR_PM_2.5_SPECIES_USA-LosAngeles_20250131T000000Z_F01_V2026p06p10.nc,-9999.0,0.0032,0.5912
20250131,PM_2.5,Sulfate,0.97,USA-LosAngeles-0001-34.0666N_118.2269W_1811,"Los Angeles-Long Beach-Anaheim, CA 11",34.06659,-118.22688,government,AQS,SPECIES_USA-LosAngeles-0001_,,,,US,Los Angeles,,,,,,,,,,,,,MAIA_ANC_SURFACEMONITOR_PM_2.5_SPECIES_USA-LosAngeles_20250131T000000Z_F01_V2026p06p10.nc,-9999.0,0.0,
20250131,PM_2.5,Sulfate,0.96,USA-LosAngeles-0001-34.0666N_118.2269W_1812,"Los Angeles-Long Beach-Anaheim, CA 12",34.06659,-118.22688,government,AQS,SPECIES_USA-LosAngeles-0001_,,,,US,Los Angeles,,,,,,,,,,,,,MAIA_ANC_SURFACEMONITOR_PM_2.5_SPECIES_USA-LosAngeles_20250131T000000Z_F01_V2026p06p10.nc,-9999.0,0.0,
20250131,PM_2.5,Sulfate,0.94,USA-LosAngeles-0001-34.1000N_117.4920W_1811,"Riverside-San Bernardino-Ontario, CA 11",34.10002,-117.49201,government,AQS,SPECIES_USA-LosAngeles-0001_,,,,US,Fontana,,,,,,,,,,,,,MAIA_ANC_SURFACEMONITOR_PM_2.5_SPECIES_USA-LosAngeles_20250131T000000Z_F01_V2026p06p10.nc,-9999.0,0.0,
20250131,PM_2.5,Sulfate,0.137,USA-LosAngeles-0001-34.1939N_116.9141W_1801,"Riverside-San Bernardino-Ontario, CA 1",34.193925,-116.914063,government,AQS,SPECIES_USA-LosAngeles-0001_,,,,US,Not in a City,,,,,,,,,,,,,MAIA_ANC_SURFACEMONITOR_PM_2.5_SPECIES_USA-LosAngeles_20250131T000000Z_F01_V2026p06p10.nc,-9999.0,0.0009,0.1562
20250131,PM_2.5,Sulfate,0.2,USA-LosAngeles-0001-34.8219N_118.8876W_1801,"Bakersfield, CA 1",34.821922,-118.887598,government,AQS,SPECIES_USA-LosAngeles-0001_,,,,US,Lebec,,,,,,,,,,,,,MAIA_ANC_SURFACEMONITOR_PM_2.5_SPECIES_USA-LosAngeles_20250131T000000Z_F01_V2026p06p10.nc,-9999.0,0.001,0.1725
20250131,PM_2.5,Sulfate,0.95,USA-LosAngeles-0001-35.3566N_119.0626W_1805,"Bakersfield, CA 5",35.356615,-119.062613,government,AQS,SPECIES_USA-LosAngeles-0001_,,,,US,Bakersfield,,,,,,,,,,,,,MAIA_ANC_SURFACEMONITOR_PM_2.5_SPECIES_USA-LosAngeles_20250131T000000Z_F01_V2026p06p10.nc,-9999.0,0.0057,1.2076
20250131,PM_2.5,Sulfate,0.96,USA-LosAngeles-0001-35.3566N_119.0626W_1806,"Bakersfield, CA 6",35.356615,-119.062613,government,AQS,SPECIES_USA-LosAngeles-0001_,,,,US,Bakersfield,,,,,,,,,,,,,MAIA_ANC_SURFACEMONITOR_PM_2.5_SPECIES_USA-LosAngeles_20250131T000000Z_F01_V2026p06p10.nc,-9999.0,0.0013,0.8347
20250131,PM_2.5,Sulfate,1.52,USA-LosAngeles-0001-36.3081N_119.3129W_1805,N/A,36.30815,-119.3129,government,AQS,SPECIES_USA-LosAngeles-0001_,,,,US,N/A,,,,,,,,,,,,,MAIA_ANC_SURFACEMONITOR_PM_2.5_SPECIES_USA-LosAngeles_20250131T000000Z_F01_V2026p06p10.nc,-9999.0,0.0032,1.1187
20250131,PM_2.5,Sulfate,0.721,USA-LosAngeles-0001-36.4988N_118.8248W_1801,"Visalia-Porterville, CA 1",36.498835,-118.824821,government,AQS,SPECIES_USA-LosAngeles-0001_,,,,US,Sequoia National Park,,,,,,,,,,,,,MAIA_ANC_SURFACEMONITOR_PM_2.5_SPECIES_USA-LosAngeles_20250131T000000Z_F01_V2026p06p10.nc,-9999.0,0.0015,0.2594
20250131,PM_2.5,Sulfate,1.077,USA-LosAngeles-0001-36.7854N_119.7732W_1801,"Fresno, CA 1",36.78538,-119.77321,government,AQS,SPECIES_USA-LosAngeles-0001_,,,,US,Fresno,,,,,,,,,,,,,MAIA_ANC_SURFACEMONITOR_PM_2.5_SPECIES_USA-LosAngeles_20250131T000000Z_F01_V2026p06p10.nc,-9999.0,0.0043,0.8006
20250131,PM_2.5,Sulfate,1.18,USA-LosAngeles-0001-36.7854N_119.7732W_1805,"Fresno, CA 5",36.78538,-119.77321,government,AQS,SPECIES_USA-LosAngeles-0001_,,,,US,Fresno,,,,,,,,,,,,,MAIA_ANC_SURFACEMONITOR_PM_2.5_SPECIES_USA-LosAngeles_20250131T000000Z_F01_V2026p06p10.nc,-9999.0,0.0045,0.8318
20250131,PM_2.5,Sulfate,0.183,USA-LosAngeles-0001-37.3607N_118.3308W_1801,"Bishop, CA 1",37.360684,-118.330783,government,AQS,SPECIES_USA-LosAngeles-0001_,,,,US,Not in a City,,,,,,,,,,,,,MAIA_ANC_SURFACEMONITOR_PM_2.5_SPECIES_USA-LosAngeles_20250131T000000Z_F01_V2026p06p10.nc,-9999.0,0.0009,0.1702
20250131,PM_2.5,Sulfate,0.148,USA-LosAngeles-0001-37.7133N_119.7062W_1801, 1,37.71325,-119.7062,government,AQS,SPECIES_USA-LosAngeles-0001_,,,,US,Not in a City,,,,,,,,,,,,,MAIA_ANC_SURFACEMONITOR_PM_2.5_SPECIES_USA-LosAngeles_20250131T000000Z_F01_V2026p06p10.nc,-9999.0,0.0005,0.0919
20250201,PM_2.5,Black_Carbon,0.0,USA-LosAngeles-0001-34.1994N_118.1732W_0800,AethLabs JPL,34.19941255,-118.1732079,research,aethalometer,SPECIES_USA-LosAngeles-0001_,,,,US,Pasadena,0.0028,900.0,0.0,0.0,0.0,720.0,0.0,0.0,898.0,900.0,0.0,2.0,MAIA_ANC_SURFACEMONITOR_PM_2.5_SPECIES_USA-LosAngeles_20250201T000000Z_F01_V2026p06p10.nc,,,
20250202,PM_2.5,Black_Carbon,0.0,USA-LosAngeles-0001-34.1994N_118.1732W_0800,AethLabs JPL,34.19941255,-118.1732079,research,aethalometer,SPECIES_USA-LosAngeles-0001_,,,,US,Pasadena,0.0028,900.0,0.0,0.0,0.0,720.0,0.0,0.0,898.0,900.0,0.0,2.0,MAIA_ANC_SURFACEMONITOR_PM_2.5_SPECIES_USA-LosAngeles_20250202T000000Z_F01_V2026p06p10.nc,,,
20250203,PM_2.5,Black_Carbon,0.0,USA-LosAngeles-0001-34.1994N_118.1732W_0800,AethLabs JPL,34.19941255,-118.1732079,research,aethalometer,SPECIES_USA-LosAngeles-0001_,,,,US,Pasadena,0.0028,900.0,0.0,0.0,0.0,720.0,0.0,0.0,898.0,900.0,0.0,2.0,MAIA_ANC_SURFACEMONITOR_PM_2.5_SPECIES_USA-LosAngeles_20250203T000000Z_F01_V2026p06p10.nc,,,
20250203,PM_2.5,Dust,1.2854,USA-LosAngeles-0001-33.9996N_117.4160W_1805,"Riverside-San Bernardino-Ontario, CA 5",33.99958,-117.41601,government,AQS,SPECIES_USA-LosAngeles-0001_,,,,US,Rubidoux,,,,,,,,,,,,,MAIA_ANC_SURFACEMONITOR_PM_2.5_SPECIES_USA-LosAngeles_20250203T000000Z_F01_V2026p06p10.nc,1.0,0.5335542857142856,0.4391476895356388
20250203,PM_2.5,Dust,0.7845,USA-LosAngeles-0001-34.0666N_118.2269W_1805,"Los Angeles-Long Beach-Anaheim, CA 5",34.06659,-118.22688,government,AQS,SPECIES_USA-LosAngeles-0001_,,,,US,Los Angeles,,,,,,,,,,,,,MAIA_ANC_SURFACEMONITOR_PM_2.5_SPECIES_USA-LosAngeles_20250203T000000Z_F01_V2026p06p10.nc,1.0,0.4984655555555555,0.212759877959017
20250203,PM_2.5,Dust,0.2359,USA-LosAngeles-0001-34.1939N_116.9141W_1801,"Riverside-San Bernardino-Ontario, CA 1",34.193925,-116.914063,government,AQS,SPECIES_USA-LosAngeles-0001_,,,,US,Not in a City,,,,,,,,,,,,,MAIA_ANC_SURFACEMONITOR_PM_2.5_SPECIES_USA-LosAngeles_20250203T000000Z_F01_V2026p06p10.nc,1.0,0.14613428571428572,0.10679221919986799
20250203,PM_2.5,Dust,0.1455,USA-LosAngeles-0001-34.8219N_118.8876W_1801,"Bakersfield, CA 1",34.821922,-118.887598,government,AQS,SPECIES_USA-LosAngeles-0001_,,,,US,Lebec,,,,,,,,,,,,,MAIA_ANC_SURFACEMONITOR_PM_2.5_SPECIES_USA-LosAngeles_20250203T000000Z_F01_V2026p06p10.nc,1.0,0.07655555555555556,0.07200214674440249
20250203,PM_2.5,Dust,0.7208,USA-LosAngeles-0001-35.3566N_119.0626W_1805,"Bakersfield, CA 5",35.356615,-119.062613,government,AQS,SPECIES_USA-LosAngeles-0001_,,,,US,Bakersfield,,,,,,,,,,,,,MAIA_ANC_SURFACEMONITOR_PM_2.5_SPECIES_USA-LosAngeles_20250203T000000Z_F01_V2026p06p10.nc,1.0,0.48866500000000007,0.38425013796354063
20250203,PM_2.5,Dust,0.2014,USA-LosAngeles-0001-36.4988N_118.8248W_1801,"Visalia-Porterville, CA 1",36.498835,-118.824821,government,AQS,SPECIES_USA-LosAngeles-0001_,,,,US,Sequoia National Park,,,,,,,,,,,,,MAIA_ANC_SURFACEMONITOR_PM_2.5_SPECIES_USA-LosAngeles_20250203T000000Z_F01_V2026p06p10.nc,1.0,0.13345222222222222,0.13697935495522898
20250203,PM_2.5,Dust,0.6563,USA-LosAngeles-0001-36.7854N_119.7732W_1801,"Fresno, CA 1",36.78538,-119.77321,government,AQS,SPECIES_USA-LosAngeles-0001_,,,,US,Fresno,,,,,,,,,,,,,MAIA_ANC_SURFACEMONITOR_PM_2.5_SPECIES_USA-LosAngeles_20250203T000000Z_F01_V2026p06p10.nc,1.0,0.37292777777777775,0.23853420773911738
20250203,PM_2.5,Dust,0.4249,USA-LosAngeles-0001-36.7854N_119.7732W_1805,"Fresno, CA 5",36.78538,-119.77321,government,AQS,SPECIES_USA-LosAngeles-0001_,,,,US,Fresno,,,,,,,,,,,,,MAIA_ANC_SURFACEMONITOR_PM_2.5_SPECIES_USA-LosAngeles_20250203T000000Z_F01_V2026p06p10.nc,1.0,0.4019425000000001,0.2987723993590272
20250203,PM_2.5,Dust,0.7205,USA-LosAngeles-0001-37.3607N_118.3308W_1801,"Bishop, CA 1",37.360684,-118.330783,government,AQS,SPECIES_USA-LosAngeles-0001_,,,,US,Not in a City,,,,,,,,,,,,,MAIA_ANC_SURFACEMONITOR_PM_2.5_SPECIES_USA-LosAngeles_20250203T000000Z_F01_V2026p06p10.nc,1.0,0.26677125,0.2548114590455804
20250203,PM_2.5,Dust,0.1191,USA-LosAngeles-0001-37.7133N_119.7062W_1801, 1,37.71325,-119.7062,government,AQS,SPECIES_USA-LosAngeles-0001_,,,,US,Not in a City,,,,,,,,,,,,,MAIA_ANC_SURFACEMONITOR_PM_2.5_SPECIES_USA-LosAngeles_20250203T000000Z_F01_V2026p06p10.nc,1.0,0.10346777777777778,0.1328911452428288
20250203,PM_2.5,Dust,0.1126,USA-LosAngeles-0001-37.7133N_119.7062W_1802, 2,37.71325,-119.7062,government,AQS,SPECIES_USA-LosAngeles-0001_,,,,US,Not in a City,,,,,,,,,,,,,MAIA_ANC_SURFACEMONITOR_PM_2.5_SPECIES_USA-LosAngeles_20250203T000000Z_F01_V2026p06p10.nc,-9999.0,-9999.0,-9999.0
20250203,PM_2.5,Elemental_Carbon,1.876,USA-LosAngeles-0001-33.9996N_117.4160W_1805,"Riverside-San Bernardino-Ontario, CA 5",33.99958,-117.41601,government,AQS,SPECIES_USA-LosAngeles-0001_,,,,US,Rubidoux,,,,,,,,,,,,,MAIA_ANC_SURFACEMONITOR_PM_2.5_SPECIES_USA-LosAngeles_20250203T000000Z_F01_V2026p06p10.nc,-9999.0,0.0044,0.7836
20250203,PM_2.5,Elemental_Carbon,0.1,USA-LosAngeles-0001-34.1939N_116.9141W_1801,"Riverside-San Bernardino-Ontario, CA 1",34.193925,-116.914063,government,AQS,SPECIES_USA-LosAngeles-0001_,,,,US,Not in a City,,,,,,,,,,,,,MAIA_ANC_SURFACEMONITOR_PM_2.5_SPECIES_USA-LosAngeles_20250203T000000Z_F01_V2026p06p10.nc,-9999.0,0.0003,0.0594
20250203,PM_2.5,Elemental_Carbon,0.11,USA-LosAngeles-0001-34.8219N_118.8876W_1801,"Bakersfield, CA 1",34.821922,-118.887598,government,AQS,SPECIES_USA-LosAngeles-0001_,,,,US,Lebec,,,,,,,,,,,,,MAIA_ANC_SURFACEMONITOR_PM_2.5_SPECIES_USA-LosAngeles_20250203T000000Z_F01_V2026p06p10.nc,-9999.0,0.0005,0.0804
20250203,PM_2.5,Elemental_Carbon,0.0,USA-LosAngeles-0001-35.3566N_119.0626W_1805,"Bakersfield, CA 5",35.356615,-119.062613,government,AQS,SPECIES_USA-LosAngeles-0001_,,,,US,Bakersfield,,,,,,,,,,,,,MAIA_ANC_SURFACEMONITOR_PM_2.5_SPECIES_USA-LosAngeles_20250203T000000Z_F01_V2026p06p10.nc,-9999.0,0.0034,0.6519
20250203,PM_2.5,Elemental_Carbon,0.1,USA-LosAngeles-0001-36.4988N_118.8248W_1801,"Visalia-Porterville, CA 1",36.498835,-118.824821,government,AQS,SPECIES_USA-LosAngeles-0001_,,,,US,Sequoia National Park,,,,,,,,,,,,,MAIA_ANC_SURFACEMONITOR_PM_2.5_SPECIES_USA-LosAngeles_20250203T000000Z_F01_V2026p06p10.nc,-9999.0,0.0006,0.1244
20250203,PM_2.5,Elemental_Carbon,0.79,USA-LosAngeles-0001-36.7854N_119.7732W_1801,"Fresno, CA 1",36.78538,-119.77321,government,AQS,SPECIES_USA-LosAngeles-0001_,,,,US,Fresno,,,,,,,,,,,,,MAIA_ANC_SURFACEMONITOR_PM_2.5_SPECIES_USA-LosAngeles_20250203T000000Z_F01_V2026p06p10.nc,-9999.0,0.0039,0.7508
20250203,PM_2.5,Elemental_Carbon,1.037,USA-LosAngeles-0001-36.7854N_119.7732W_1805,"Fresno, CA 5",36.78538,-119.77321,government,AQS,SPECIES_USA-LosAngeles-0001_,,,,US,Fresno,,,,,,,,,,,,,MAIA_ANC_SURFACEMONITOR_PM_2.5_SPECIES_USA-LosAngeles_20250203T000000Z_F01_V2026p06p10.nc,-9999.0,0.0046,0.9063
20250203,PM_2.5,Elemental_Carbon,0.1,USA-LosAngeles-0001-37.3607N_118.3308W_1801,"Bishop, CA 1",37.360684,-118.330783,government,AQS,SPECIES_USA-LosAngeles-0001_,,,,US,Not in a City,,,,,,,,,,,,,MAIA_ANC_SURFACEMONITOR_PM_2.5_SPECIES_USA-LosAngeles_20250203T000000Z_F01_V2026p06p10.nc,-9999.0,0.0002,0.0513
20250203,PM_2.5,Elemental_Carbon,0.16,USA-LosAngeles-0001-37.7133N_119.7062W_1801, 1,37.71325,-119.7062,government,AQS,SPECIES_USA-LosAngeles-0001_,,,,US,Not in a City,,,,,,,,,,,,,MAIA_ANC_SURFACEMONITOR_PM_2.5_SPECIES_USA-LosAngeles_20250203T000000Z_F01_V2026p06p10.nc,-9999.0,0.0001,0.0276
20250203,PM_2.5,Nitrate,9.05,USA-LosAngeles-0001-33.9996N_117.4160W_1805,"Riverside-San Bernardino-Ontario, CA 5",33.99958,-117.41601,government,AQS,SPECIES_USA-LosAngeles-0001_,,,,US,Rubidoux,,,,,,,,,,,,,MAIA_ANC_SURFACEMONITOR_PM_2.5_SPECIES_USA-LosAngeles_20250203T000000Z_F01_V2026p06p10.nc,-9999.0,0.0154,3.146
20250203,PM_2.5,Nitrate,9.52,USA-LosAngeles-0001-34.0666N_118.2269W_1805,"Los Angeles-Long Beach-Anaheim, CA 5",34.06659,-118.22688,government,AQS,SPECIES_USA-LosAngeles-0001_,,,,US,Los Angeles,,,,,,,,,,,,,MAIA_ANC_SURFACEMONITOR_PM_2.5_SPECIES_USA-LosAngeles_20250203T000000Z_F01_V2026p06p10.nc,-9999.0,0.0147,2.8314
20250203,PM_2.5,Nitrate,0.541,USA-LosAngeles-0001-34.1939N_116.9141W_1801,"Riverside-San Bernardino-Ontario, CA 1",34.193925,-116.914063,government,AQS,SPECIES_USA-LosAngeles-0001_,,,,US,Not in a City,,,,,,,,,,,,,MAIA_ANC_SURFACEMONITOR_PM_2.5_SPECIES_USA-LosAngeles_20250203T000000Z_F01_V2026p06p10.nc,-9999.0,0.0025,0.7785
20250203,PM_2.5,Nitrate,0.027,USA-LosAngeles-0001-34.8219N_118.8876W_1801,"Bakersfield, CA 1",34.821922,-118.887598,government,AQS,SPECIES_USA-LosAngeles-0001_,,,,US,Lebec,,,,,,,,,,,,,MAIA_ANC_SURFACEMONITOR_PM_2.5_SPECIES_USA-LosAngeles_20250203T000000Z_F01_V2026p06p10.nc,-9999.0,0.0014,0.3972
20250203,PM_2.5,Nitrate,2.64,USA-LosAngeles-0001-35.3566N_119.0626W_1805,"Bakersfield, CA 5",35.356615,-119.062613,government,AQS,SPECIES_USA-LosAngeles-0001_,,,,US,Bakersfield,,,,,,,,,,,,,MAIA_ANC_SURFACEMONITOR_PM_2.5_SPECIES_USA-LosAngeles_20250203T000000Z_F01_V2026p06p10.nc,-9999.0,0.0135,2.9251
20250203,PM_2.5,Nitrate,0.567,USA-LosAngeles-0001-36.4988N_118.8248W_1801,"Visalia-Porterville, CA 1",36.498835,-118.824821,government,AQS,SPECIES_USA-LosAngeles-0001_,,,,US,Sequoia National Park,,,,,,,,,,,,,MAIA_ANC_SURFACEMONITOR_PM_2.5_SPECIES_USA-LosAngeles_20250203T000000Z_F01_V2026p06p10.nc,-9999.0,0.0027,0.9374
20250203,PM_2.5,Nitrate,1.996,USA-LosAngeles-0001-36.7854N_119.7732W_1801,"Fresno, CA 1",36.78538,-119.77321,government,AQS,SPECIES_USA-LosAngeles-0001_,,,,US,Fresno,,,,,,,,,,,,,MAIA_ANC_SURFACEMONITOR_PM_2.5_SPECIES_USA-LosAngeles_20250203T000000Z_F01_V2026p06p10.nc,-9999.0,0.0084,1.6066
20250203,PM_2.5,Nitrate,2.12,USA-LosAngeles-0001-36.7854N_119.7732W_1805,"Fresno, CA 5",36.78538,-119.77321,government,AQS,SPECIES_USA-LosAngeles-0001_,,,,US,Fresno,,,,,,,,,,,,,MAIA_ANC_SURFACEMONITOR_PM_2.5_SPECIES_USA-LosAngeles_20250203T000000Z_F01_V2026p06p10.nc,-9999.0,0.0089,1.7027
20250203,PM_2.5,Nitrate,0.025,USA-LosAngeles-0001-37.3607N_118.3308W_1801,"Bishop, CA 1",37.360684,-118.330783,government,AQS,SPECIES_USA-LosAngeles-0001_,,,,US,Not in a City,,,,,,,,,,,,,MAIA_ANC_SURFACEMONITOR_PM_2.5_SPECIES_USA-LosAngeles_20250203T000000Z_F01_V2026p06p10.nc,-9999.0,0.0002,0.0455
20250203,PM_2.5,Nitrate,0.072,USA-LosAngeles-0001-37.7133N_119.7062W_1801, 1,37.71325,-119.7062,government,AQS,SPECIES_USA-LosAngeles-0001_,,,,US,Not in a City,,,,,,,,,,,,,MAIA_ANC_SURFACEMONITOR_PM_2.5_SPECIES_USA-LosAngeles_20250203T000000Z_F01_V2026p06p10.nc,-9999.0,0.0003,0.0634
20250203,PM_2.5,Organic_Carbon,4.02,USA-LosAngeles-0001-33.9996N_117.4160W_1805,"Riverside-San Bernardino-Ontario, CA 5",33.99958,-117.41601,government,AQS,SPECIES_USA-LosAngeles-0001_,,,,US,Rubidoux,,,,,,,,,,,,,MAIA_ANC_SURFACEMONITOR_PM_2.5_SPECIES_USA-LosAngeles_20250203T000000Z_F01_V2026p06p10.nc,-9999.0,0.0119,2.0149
20250203,PM_2.5,Organic_Carbon,0.36,USA-LosAngeles-0001-34.1939N_116.9141W_1801,"Riverside-San Bernardino-Ontario, CA 1",34.193925,-116.914063,government,AQS,SPECIES_USA-LosAngeles-0001_,,,,US,Not in a City,,,,,,,,,,,,,MAIA_ANC_SURFACEMONITOR_PM_2.5_SPECIES_USA-LosAngeles_20250203T000000Z_F01_V2026p06p10.nc,-9999.0,0.0016,0.362
20250203,PM_2.5,Organic_Carbon,0.26,USA-LosAngeles-0001-34.8219N_118.8876W_1801,"Bakersfield, CA 1",34.821922,-118.887598,government,AQS,SPECIES_USA-LosAngeles-0001_,,,,US,Lebec,,,,,,,,,,,,,MAIA_ANC_SURFACEMONITOR_PM_2.5_SPECIES_USA-LosAngeles_20250203T000000Z_F01_V2026p06p10.nc,-9999.0,0.0029,0.486
20250203,PM_2.5,Organic_Carbon,0.058,USA-LosAngeles-0001-35.3566N_119.0626W_1805,"Bakersfield, CA 5",35.356615,-119.062613,government,AQS,SPECIES_USA-LosAngeles-0001_,,,,US,Bakersfield,,,,,,,,,,,,,MAIA_ANC_SURFACEMONITOR_PM_2.5_SPECIES_USA-LosAngeles_20250203T000000Z_F01_V2026p06p10.nc,-9999.0,0.0123,2.2473
20250203,PM_2.5,Organic_Carbon,0.84,USA-LosAngeles-0001-36.4988N_118.8248W_1801,"Visalia-Porterville, CA 1",36.498835,-118.824821,government,AQS,SPECIES_USA-LosAngeles-0001_,,,,US,Sequoia National Park,,,,,,,,,,,,,MAIA_ANC_SURFACEMONITOR_PM_2.5_SPECIES_USA-LosAngeles_20250203T000000Z_F01_V2026p06p10.nc,-9999.0,0.0039,0.7375
20250203,PM_2.5,Organic_Carbon,2.68,USA-LosAngeles-0001-36.7854N_119.7732W_1801,"Fresno, CA 1",36.78538,-119.77321,government,AQS,SPECIES_USA-LosAngeles-0001_,,,,US,Fresno,,,,,,,,,,,,,MAIA_ANC_SURFACEMONITOR_PM_2.5_SPECIES_USA-LosAngeles_20250203T000000Z_F01_V2026p06p10.nc,-9999.0,0.0143,2.805
20250203,PM_2.5,Organic_Carbon,2.887,USA-LosAngeles-0001-36.7854N_119.7732W_1805,"Fresno, CA 5",36.78538,-119.77321,government,AQS,SPECIES_USA-LosAngeles-0001_,,,,US,Fresno,,,,,,,,,,,,,MAIA_ANC_SURFACEMONITOR_PM_2.5_SPECIES_USA-LosAngeles_20250203T000000Z_F01_V2026p06p10.nc,-9999.0,0.0159,3.0931
20250203,PM_2.5,Organic_Carbon,0.2,USA-LosAngeles-0001-37.3607N_118.3308W_1801,"Bishop, CA 1",37.360684,-118.330783,government,AQS,SPECIES_USA-LosAngeles-0001_,,,,US,Not in a City,,,,,,,,,,,,,MAIA_ANC_SURFACEMONITOR_PM_2.5_SPECIES_USA-LosAngeles_20250203T000000Z_F01_V2026p06p10.nc,-9999.0,0.0016,0.3043
20250203,PM_2.5,Organic_Carbon,0.93,USA-LosAngeles-0001-37.7133N_119.7062W_1801, 1,37.71325,-119.7062,government,AQS,SPECIES_USA-LosAngeles-0001_,,,,US,Not in a City,,,,,,,,,,,,,MAIA_ANC_SURFACEMONITOR_PM_2.5_SPECIES_USA-LosAngeles_20250203T000000Z_F01_V2026p06p10.nc,-9999.0,0.0014,0.2612
20250203,PM_2.5,Sulfate,1.24,USA-LosAngeles-0001-33.9996N_117.4160W_1805,"Riverside-San Bernardino-Ontario, CA 5",33.99958,-117.41601,government,AQS,SPECIES_USA-LosAngeles-0001_,,,,US,Rubidoux,,,,,,,,,,,,,MAIA_ANC_SURFACEMONITOR_PM_2.5_SPECIES_USA-LosAngeles_20250203T000000Z_F01_V2026p06p10.nc,-9999.0,0.0022,0.428
20250203,PM_2.5,Sulfate,1.18,USA-LosAngeles-0001-34.0666N_118.2269W_1805,"Los Angeles-Long Beach-Anaheim, CA 5",34.06659,-118.22688,government,AQS,SPECIES_USA-LosAngeles-0001_,,,,US,Los Angeles,,,,,,,,,,,,,MAIA_ANC_SURFACEMONITOR_PM_2.5_SPECIES_USA-LosAngeles_20250203T000000Z_F01_V2026p06p10.nc,-9999.0,0.0026,0.4829
20250203,PM_2.5,Sulfate,0.344,USA-LosAngeles-0001-34.1939N_116.9141W_1801,"Riverside-San Bernardino-Ontario, CA 1",34.193925,-116.914063,government,AQS,SPECIES_USA-LosAngeles-0001_,,,,US,Not in a City,,,,,,,,,,,,,MAIA_ANC_SURFACEMONITOR_PM_2.5_SPECIES_USA-LosAngeles_20250203T000000Z_F01_V2026p06p10.nc,-9999.0,0.0009,0.2194
20250203,PM_2.5,Sulfate,0.373,USA-LosAngeles-0001-34.8219N_118.8876W_1801,"Bakersfield, CA 1",34.821922,-118.887598,government,AQS,SPECIES_USA-LosAngeles-0001_,,,,US,Lebec,,,,,,,,,,,,,MAIA_ANC_SURFACEMONITOR_PM_2.5_SPECIES_USA-LosAngeles_20250203T000000Z_F01_V2026p06p10.nc,-9999.0,0.0017,0.3592
20250203,PM_2.5,Sulfate,0.89,USA-LosAngeles-0001-35.3566N_119.0626W_1805,"Bakersfield, CA 5",35.356615,-119.062613,government,AQS,SPECIES_USA-LosAngeles-0001_,,,,US,Bakersfield,,,,,,,,,,,,,MAIA_ANC_SURFACEMONITOR_PM_2.5_SPECIES_USA-LosAngeles_20250203T000000Z_F01_V2026p06p10.nc,-9999.0,0.0036,0.7107
20250203,PM_2.5,Sulfate,0.357,USA-LosAngeles-0001-36.4988N_118.8248W_1801,"Visalia-Porterville, CA 1",36.498835,-118.824821,government,AQS,SPECIES_USA-LosAngeles-0001_,,,,US,Sequoia National Park,,,,,,,,,,,,,MAIA_ANC_SURFACEMONITOR_PM_2.5_SPECIES_USA-LosAngeles_20250203T000000Z_F01_V2026p06p10.nc,-9999.0,0.0021,0.4905
20250203,PM_2.5,Sulfate,0.681,USA-LosAngeles-0001-36.7854N_119.7732W_1801,"Fresno, CA 1",36.78538,-119.77321,government,AQS,SPECIES_USA-LosAngeles-0001_,,,,US,Fresno,,,,,,,,,,,,,MAIA_ANC_SURFACEMONITOR_PM_2.5_SPECIES_USA-LosAngeles_20250203T000000Z_F01_V2026p06p10.nc,-9999.0,0.0022,0.3933
20250203,PM_2.5,Sulfate,0.7,USA-LosAngeles-0001-36.7854N_119.7732W_1805,"Fresno, CA 5",36.78538,-119.77321,government,AQS,SPECIES_USA-LosAngeles-0001_,,,,US,Fresno,,,,,,,,,,,,,MAIA_ANC_SURFACEMONITOR_PM_2.5_SPECIES_USA-LosAngeles_20250203T000000Z_F01_V2026p06p10.nc,-9999.0,0.0022,0.3885
20250203,PM_2.5,Sulfate,0.303,USA-LosAngeles-0001-37.3607N_118.3308W_1801,"Bishop, CA 1",37.360684,-118.330783,government,AQS,SPECIES_USA-LosAngeles-0001_,,,,US,Not in a City,,,,,,,,,,,,,MAIA_ANC_SURFACEMONITOR_PM_2.5_SPECIES_USA-LosAngeles_20250203T000000Z_F01_V2026p06p10.nc,-9999.0,0.0006,0.1333
20250203,PM_2.5,Sulfate,0.195,USA-LosAngeles-0001-37.7133N_119.7062W_1801, 1,37.71325,-119.7062,government,AQS,SPECIES_USA-LosAngeles-0001_,,,,US,Not in a City,,,,,,,,,,,,,MAIA_ANC_SURFACEMONITOR_PM_2.5_SPECIES_USA-LosAngeles_20250203T000000Z_F01_V2026p06p10.nc,-9999.0,0.0006,0.1146
20250204,PM_2.5,Black_Carbon,0.0,USA-LosAngeles-0001-34.1994N_118.1732W_0800,AethLabs JPL,34.19941255,-118.1732079,research,aethalometer,SPECIES_USA-LosAngeles-0001_,,,,US,Pasadena,0.0028,900.0,0.0,0.0,0.0,720.0,0.0,0.0,898.0,900.0,0.0,2.0,MAIA_ANC_SURFACEMONITOR_PM_2.5_SPECIES_USA-LosAngeles_20250204T000000Z_F01_V2026p06p10.nc,,,
20250205,PM_2.5,Black_Carbon,0.0,USA-LosAngeles-0001-34.1994N_118.1732W_0800,AethLabs JPL,34.19941255,-118.1732079,research,aethalometer,SPECIES_USA-LosAngeles-0001_,,,,US,Pasadena,0.0028,900.0,0.0,0.0,0.0,720.0,0.0,0.0,898.0,900.0,0.0,2.0,MAIA_ANC_SURFACEMONITOR_PM_2.5_SPECIES_USA-LosAngeles_20250205T000000Z_F01_V2026p06p10.nc,,,
20250206,PM_2.5,Black_Carbon,0.0,USA-LosAngeles-0001-34.1994N_118.1732W_0800,AethLabs JPL,34.19941255,-118.1732079,research,aethalometer,SPECIES_USA-LosAngeles-0001_,,,,US,Pasadena,0.0028,900.0,0.0,0.0,0.0,720.0,0.0,0.0,898.0,900.0,0.0,2.0,MAIA_ANC_SURFACEMONITOR_PM_2.5_SPECIES_USA-LosAngeles_20250206T000000Z_F01_V2026p06p10.nc,,,
20250206,PM_2.5,Dust,0.2623,USA-LosAngeles-0001-33.8306N_117.9385W_1811,"Los Angeles-Long Beach-Anaheim, CA 11",33.83062,-117.93845,government,AQS,SPECIES_USA-LosAngeles-0001_,,,,US,Anaheim,,,,,,,,,,,,,MAIA_ANC_SURFACEMONITOR_PM_2.5_SPECIES_USA-LosAngeles_20250206T000000Z_F01_V2026p06p10.nc,-9999.0,-9999.0,-9999.0
20250206,PM_2.5,Dust,0.5081,USA-LosAngeles-0001-33.9996N_117.4160W_1805,"Riverside-San Bernardino-Ontario, CA 5",33.99958,-117.41601,government,AQS,SPECIES_USA-LosAngeles-0001_,,,,US,Rubidoux,,,,,,,,,,,,,MAIA_ANC_SURFACEMONITOR_PM_2.5_SPECIES_USA-LosAngeles_20250206T000000Z_F01_V2026p06p10.nc,1.0,0.5335542857142856,0.4391476895356388
20250206,PM_2.5,Dust,0.1257,USA-LosAngeles-0001-33.9996N_117.4160W_1806,"Riverside-San Bernardino-Ontario, CA 6",33.99958,-117.41601,government,AQS,SPECIES_USA-LosAngeles-0001_,,,,US,Rubidoux,,,,,,,,,,,,,MAIA_ANC_SURFACEMONITOR_PM_2.5_SPECIES_USA-LosAngeles_20250206T000000Z_F01_V2026p06p10.nc,1.0,0.47339666666666663,0.3255033153270315
20250206,PM_2.5,Dust,0.3695,USA-LosAngeles-0001-33.9996N_117.4160W_1811,"Riverside-San Bernardino-Ontario, CA 11",33.99958,-117.41601,government,AQS,SPECIES_USA-LosAngeles-0001_,,,,US,Rubidoux,,,,,,,,,,,,,MAIA_ANC_SURFACEMONITOR_PM_2.5_SPECIES_USA-LosAngeles_20250206T000000Z_F01_V2026p06p10.nc,-9999.0,-9999.0,-9999.0
20250206,PM_2.5,Dust,0.2026,USA-LosAngeles-0001-34.0666N_118.2269W_1805,"Los Angeles-Long Beach-Anaheim, CA 5",34.06659,-118.22688,government,AQS,SPECIES_USA-LosAngeles-0001_,,,,US,Los Angeles,,,,,,,,,,,,,MAIA_ANC_SURFACEMONITOR_PM_2.5_SPECIES_USA-LosAngeles_20250206T000000Z_F01_V2026p06p10.nc,1.0,0.4984655555555555,0.212759877959017
20250206,PM_2.5,Dust,0.5129,USA-LosAngeles-0001-34.0666N_118.2269W_1811,"Los Angeles-Long Beach-Anaheim, CA 11",34.06659,-118.22688,government,AQS,SPECIES_USA-LosAngeles-0001_,,,,US,Los Angeles,,,,,,,,,,,,,MAIA_ANC_SURFACEMONITOR_PM_2.5_SPECIES_USA-LosAngeles_20250206T000000Z_F01_V2026p06p10.nc,-9999.0,-9999.0,-9999.0
20250206,PM_2.5,Dust,0.445,USA-LosAngeles-0001-34.0666N_118.2269W_1812,"Los Angeles-Long Beach-Anaheim, CA 12",34.06659,-118.22688,government,AQS,SPECIES_USA-LosAngeles-0001_,,,,US,Los Angeles,,,,,,,,,,,,,MAIA_ANC_SURFACEMONITOR_PM_2.5_SPECIES_USA-LosAngeles_20250206T000000Z_F01_V2026p06p10.nc,-9999.0,-9999.0,-9999.0
20250206,PM_2.5,Dust,0.4854,USA-LosAngeles-0001-34.1000N_117.4920W_1811,"Riverside-San Bernardino-Ontario, CA 11",34.10002,-117.49201,government,AQS,SPECIES_USA-LosAngeles-0001_,,,,US,Fontana,,,,,,,,,,,,,MAIA_ANC_SURFACEMONITOR_PM_2.5_SPECIES_USA-LosAngeles_20250206T000000Z_F01_V2026p06p10.nc,-9999.0,-9999.0,-9999.0
20250206,PM_2.5,Dust,0.1133,USA-LosAngeles-0001-34.1939N_116.9141W_1801,"Riverside-San Bernardino-Ontario, CA 1",34.193925,-116.914063,government,AQS,SPECIES_USA-LosAngeles-0001_,,,,US,Not in a City,,,,,,,,,,,,,MAIA_ANC_SURFACEMONITOR_PM_2.5_SPECIES_USA-LosAngeles_20250206T000000Z_F01_V2026p06p10.nc,1.0,0.14613428571428572,0.10679221919986799
20250206,PM_2.5,Dust,0.0574,USA-LosAngeles-0001-34.8219N_118.8876W_1801,"Bakersfield, CA 1",34.821922,-118.887598,government,AQS,SPECIES_USA-LosAngeles-0001_,,,,US,Lebec,,,,,,,,,,,,,MAIA_ANC_SURFACEMONITOR_PM_2.5_SPECIES_USA-LosAngeles_20250206T000000Z_F01_V2026p06p10.nc,1.0,0.07655555555555556,0.07200214674440249
20250206,PM_2.5,Dust,0.3412,USA-LosAngeles-0001-35.3566N_119.0626W_1805,"Bakersfield, CA 5",35.356615,-119.062613,government,AQS,SPECIES_USA-LosAngeles-0001_,,,,US,Bakersfield,,,,,,,,,,,,,MAIA_ANC_SURFACEMONITOR_PM_2.5_SPECIES_USA-LosAngeles_20250206T000000Z_F01_V2026p06p10.nc,1.0,0.48866500000000007,0.38425013796354063
20250206,PM_2.5,Dust,0.25,USA-LosAngeles-0001-36.3081N_119.3129W_1805,N/A,36.30815,-119.3129,government,AQS,SPECIES_USA-LosAngeles-0001_,,,,US,N/A,,,,,,,,,,,,,MAIA_ANC_SURFACEMONITOR_PM_2.5_SPECIES_USA-LosAngeles_20250206T000000Z_F01_V2026p06p10.nc,1.0,0.45836249999999995,0.16745886455709053
20250206,PM_2.5,Dust,0.0541,USA-LosAngeles-0001-36.4988N_118.8248W_1801,"Visalia-Porterville, CA 1",36.498835,-118.824821,government,AQS,SPECIES_USA-LosAngeles-0001_,,,,US,Sequoia National Park,,,,,,,,,,,,,MAIA_ANC_SURFACEMONITOR_PM_2.5_SPECIES_USA-LosAngeles_20250206T000000Z_F01_V2026p06p10.nc,1.0,0.13345222222222222,0.13697935495522898
20250206,PM_2.5,Dust,0.1481,USA-LosAngeles-0001-36.7854N_119.7732W_1801,"Fresno, CA 1",36.78538,-119.77321,government,AQS,SPECIES_USA-LosAngeles-0001_,,,,US,Fresno,,,,,,,,,,,,,MAIA_ANC_SURFACEMONITOR_PM_2.5_SPECIES_USA-LosAngeles_20250206T000000Z_F01_V2026p06p10.nc,1.0,0.37292777777777775,0.23853420773911738
20250206,PM_2.5,Dust,0.1254,USA-LosAngeles-0001-36.7854N_119.7732W_1805,"Fresno, CA 5",36.78538,-119.77321,government,AQS,SPECIES_USA-LosAngeles-0001_,,,,US,Fresno,,,,,,,,,,,,,MAIA_ANC_SURFACEMONITOR_PM_2.5_SPECIES_USA-LosAngeles_20250206T000000Z_F01_V2026p06p10.nc,1.0,0.4019425000000001,0.2987723993590272
20250206,PM_2.5,Dust,0.4869,USA-LosAngeles-0001-37.3607N_118.3308W_1801,"Bishop, CA 1",37.360684,-118.330783,government,AQS,SPECIES_USA-LosAngeles-0001_,,,,US,Not in a City,,,,,,,,,,,,,MAIA_ANC_SURFACEMONITOR_PM_2.5_SPECIES_USA-LosAngeles_20250206T000000Z_F01_V2026p06p10.nc,1.0,0.26677125,0.2548114590455804
20250206,PM_2.5,Dust,0.0228,USA-LosAngeles-0001-37.7133N_119.7062W_1801, 1,37.71325,-119.7062,government,AQS,SPECIES_USA-LosAngeles-0001_,,,,US,Not in a City,,,,,,,,,,,,,MAIA_ANC_SURFACEMONITOR_PM_2.5_SPECIES_USA-LosAngeles_20250206T000000Z_F01_V2026p06p10.nc,1.0,0.10346777777777778,0.1328911452428288
20250206,PM_2.5,Dust,0.0274,USA-LosAngeles-0001-37.7133N_119.7062W_1802, 2,37.71325,-119.7062,government,AQS,SPECIES_USA-LosAngeles-0001_,,,,US,Not in a City,,,,,,,,,,,,,MAIA_ANC_SURFACEMONITOR_PM_2.5_SPECIES_USA-LosAngeles_20250206T000000Z_F01_V2026p06p10.nc,-9999.0,-9999.0,-9999.0
20250206,PM_2.5,Elemental_Carbon,0.194,USA-LosAngeles-0001-33.9996N_117.4160W_1805,"Riverside-San Bernardino-Ontario, CA 5",33.99958,-117.41601,government,AQS,SPECIES_USA-LosAngeles-0001_,,,,US,Rubidoux,,,,,,,,,,,,,MAIA_ANC_SURFACEMONITOR_PM_2.5_SPECIES_USA-LosAngeles_20250206T000000Z_F01_V2026p06p10.nc,-9999.0,0.0044,0.7836
20250206,PM_2.5,Elemental_Carbon,0.259,USA-LosAngeles-0001-33.9996N_117.4160W_1806,"Riverside-San Bernardino-Ontario, CA 6",33.99958,-117.41601,government,AQS,SPECIES_USA-LosAngeles-0001_,,,,US,Rubidoux,,,,,,,,,,,,,MAIA_ANC_SURFACEMONITOR_PM_2.5_SPECIES_USA-LosAngeles_20250206T000000Z_F01_V2026p06p10.nc,-9999.0,0.0025,0.9738
20250206,PM_2.5,Elemental_Carbon,0.03,USA-LosAngeles-0001-34.1939N_116.9141W_1801,"Riverside-San Bernardino-Ontario, CA 1",34.193925,-116.914063,government,AQS,SPECIES_USA-LosAngeles-0001_,,,,US,Not in a City,,,,,,,,,,,,,MAIA_ANC_SURFACEMONITOR_PM_2.5_SPECIES_USA-LosAngeles_20250206T000000Z_F01_V2026p06p10.nc,-9999.0,0.0003,0.0594
20250206,PM_2.5,Elemental_Carbon,0.09,USA-LosAngeles-0001-34.8219N_118.8876W_1801,"Bakersfield, CA 1",34.821922,-118.887598,government,AQS,SPECIES_USA-LosAngeles-0001_,,,,US,Lebec,,,,,,,,,,,,,MAIA_ANC_SURFACEMONITOR_PM_2.5_SPECIES_USA-LosAngeles_20250206T000000Z_F01_V2026p06p10.nc,-9999.0,0.0005,0.0804
20250206,PM_2.5,Elemental_Carbon,0.788,USA-LosAngeles-0001-35.3566N_119.0626W_1805,"Bakersfield, CA 5",35.356615,-119.062613,government,AQS,SPECIES_USA-LosAngeles-0001_,,,,US,Bakersfield,,,,,,,,,,,,,MAIA_ANC_SURFACEMONITOR_PM_2.5_SPECIES_USA-LosAngeles_20250206T000000Z_F01_V2026p06p10.nc,-9999.0,0.0034,0.6519
20250206,PM_2.5,Elemental_Carbon,0.06,USA-LosAngeles-0001-36.4988N_118.8248W_1801,"Visalia-Porterville, CA 1",36.498835,-118.824821,government,AQS,SPECIES_USA-LosAngeles-0001_,,,,US,Sequoia National Park,,,,,,,,,,,,,MAIA_ANC_SURFACEMONITOR_PM_2.5_SPECIES_USA-LosAngeles_20250206T000000Z_F01_V2026p06p10.nc,-9999.0,0.0006,0.1244
20250206,PM_2.5,Elemental_Carbon,0.22,USA-LosAngeles-0001-36.7854N_119.7732W_1801,"Fresno, CA 1",36.78538,-119.77321,government,AQS,SPECIES_USA-LosAngeles-0001_,,,,US,Fresno,,,,,,,,,,,,,MAIA_ANC_SURFACEMONITOR_PM_2.5_SPECIES_USA-LosAngeles_20250206T000000Z_F01_V2026p06p10.nc,-9999.0,0.0039,0.7508
20250206,PM_2.5,Elemental_Carbon,0.304,USA-LosAngeles-0001-36.7854N_119.7732W_1805,"Fresno, CA 5",36.78538,-119.77321,government,AQS,SPECIES_USA-LosAngeles-0001_,,,,US,Fresno,,,,,,,,,,,,,MAIA_ANC_SURFACEMONITOR_PM_2.5_SPECIES_USA-LosAngeles_20250206T000000Z_F01_V2026p06p10.nc,-9999.0,0.0046,0.9063
20250206,PM_2.5,Elemental_Carbon,0.08,USA-LosAngeles-0001-37.3607N_118.3308W_1801,"Bishop, CA 1",37.360684,-118.330783,government,AQS,SPECIES_USA-LosAngeles-0001_,,,,US,Not in a City,,,,,,,,,,,,,MAIA_ANC_SURFACEMONITOR_PM_2.5_SPECIES_USA-LosAngeles_20250206T000000Z_F01_V2026p06p10.nc,-9999.0,0.0002,0.0513
20250206,PM_2.5,Elemental_Carbon,0.04,USA-LosAngeles-0001-37.7133N_119.7062W_1801, 1,37.71325,-119.7062,government,AQS,SPECIES_USA-LosAngeles-0001_,,,,US,Not in a City,,,,,,,,,,,,,MAIA_ANC_SURFACEMONITOR_PM_2.5_SPECIES_USA-LosAngeles_20250206T000000Z_F01_V2026p06p10.nc,-9999.0,0.0001,0.0276
20250206,PM_2.5,Nitrate,0.78,USA-LosAngeles-0001-33.8306N_117.9385W_1811,"Los Angeles-Long Beach-Anaheim, CA 11",33.83062,-117.93845,government,AQS,SPECIES_USA-LosAngeles-0001_,,,,US,Anaheim,,,,,,,,,,,,,MAIA_ANC_SURFACEMONITOR_PM_2.5_SPECIES_USA-LosAngeles_20250206T000000Z_F01_V2026p06p10.nc,-9999.0,0.0,
20250206,PM_2.5,Nitrate,3.48,USA-LosAngeles-0001-33.9996N_117.4160W_1805,"Riverside-San Bernardino-Ontario, CA 5",33.99958,-117.41601,government,AQS,SPECIES_USA-LosAngeles-0001_,,,,US,Rubidoux,,,,,,,,,,,,,MAIA_ANC_SURFACEMONITOR_PM_2.5_SPECIES_USA-LosAngeles_20250206T000000Z_F01_V2026p06p10.nc,-9999.0,0.0154,3.146
20250206,PM_2.5,Nitrate,3.74,USA-LosAngeles-0001-33.9996N_117.4160W_1806,"Riverside-San Bernardino-Ontario, CA 6",33.99958,-117.41601,government,AQS,SPECIES_USA-LosAngeles-0001_,,,,US,Rubidoux,,,,,,,,,,,,,MAIA_ANC_SURFACEMONITOR_PM_2.5_SPECIES_USA-LosAngeles_20250206T000000Z_F01_V2026p06p10.nc,-9999.0,0.005,2.0509
20250206,PM_2.5,Nitrate,3.45,USA-LosAngeles-0001-33.9996N_117.4160W_1811,"Riverside-San Bernardino-Ontario, CA 11",33.99958,-117.41601,government,AQS,SPECIES_USA-LosAngeles-0001_,,,,US,Rubidoux,,,,,,,,,,,,,MAIA_ANC_SURFACEMONITOR_PM_2.5_SPECIES_USA-LosAngeles_20250206T000000Z_F01_V2026p06p10.nc,-9999.0,0.0,
20250206,PM_2.5,Nitrate,2.21,USA-LosAngeles-0001-34.0666N_118.2269W_1805,"Los Angeles-Long Beach-Anaheim, CA 5",34.06659,-118.22688,government,AQS,SPECIES_USA-LosAngeles-0001_,,,,US,Los Angeles,,,,,,,,,,,,,MAIA_ANC_SURFACEMONITOR_PM_2.5_SPECIES_USA-LosAngeles_20250206T000000Z_F01_V2026p06p10.nc,-9999.0,0.0147,2.8314
20250206,PM_2.5,Nitrate,1.92,USA-LosAngeles-0001-34.0666N_118.2269W_1811,"Los Angeles-Long Beach-Anaheim, CA 11",34.06659,-118.22688,government,AQS,SPECIES_USA-LosAngeles-0001_,,,,US,Los Angeles,,,,,,,,,,,,,MAIA_ANC_SURFACEMONITOR_PM_2.5_SPECIES_USA-LosAngeles_20250206T000000Z_F01_V2026p06p10.nc,-9999.0,0.0,
20250206,PM_2.5,Nitrate,2.03,USA-LosAngeles-0001-34.0666N_118.2269W_1812,"Los Angeles-Long Beach-Anaheim, CA 12",34.06659,-118.22688,government,AQS,SPECIES_USA-LosAngeles-0001_,,,,US,Los Angeles,,,,,,,,,,,,,MAIA_ANC_SURFACEMONITOR_PM_2.5_SPECIES_USA-LosAngeles_20250206T000000Z_F01_V2026p06p10.nc,-9999.0,0.0,
20250206,PM_2.5,Nitrate,2.42,USA-LosAngeles-0001-34.1000N_117.4920W_1811,"Riverside-San Bernardino-Ontario, CA 11",34.10002,-117.49201,government,AQS,SPECIES_USA-LosAngeles-0001_,,,,US,Fontana,,,,,,,,,,,,,MAIA_ANC_SURFACEMONITOR_PM_2.5_SPECIES_USA-LosAngeles_20250206T000000Z_F01_V2026p06p10.nc,-9999.0,0.0,
20250206,PM_2.5,Nitrate,0.253,USA-LosAngeles-0001-34.1939N_116.9141W_1801,"Riverside-San Bernardino-Ontario, CA 1",34.193925,-116.914063,government,AQS,SPECIES_USA-LosAngeles-0001_,,,,US,Not in a City,,,,,,,,,,,,,MAIA_ANC_SURFACEMONITOR_PM_2.5_SPECIES_USA-LosAngeles_20250206T000000Z_F01_V2026p06p10.nc,-9999.0,0.0025,0.7785
20250206,PM_2.5,Nitrate,0.044,USA-LosAngeles-0001-34.8219N_118.8876W_1801,"Bakersfield, CA 1",34.821922,-118.887598,government,AQS,SPECIES_USA-LosAngeles-0001_,,,,US,Lebec,,,,,,,,,,,,,MAIA_ANC_SURFACEMONITOR_PM_2.5_SPECIES_USA-LosAngeles_20250206T000000Z_F01_V2026p06p10.nc,-9999.0,0.0014,0.3972
20250206,PM_2.5,Nitrate,2.16,USA-LosAngeles-0001-35.3566N_119.0626W_1805,"Bakersfield, CA 5",35.356615,-119.062613,government,AQS,SPECIES_USA-LosAngeles-0001_,,,,US,Bakersfield,,,,,,,,,,,,,MAIA_ANC_SURFACEMONITOR_PM_2.5_SPECIES_USA-LosAngeles_20250206T000000Z_F01_V2026p06p10.nc,-9999.0,0.0135,2.9251
20250206,PM_2.5,Nitrate,1.29,USA-LosAngeles-0001-36.3081N_119.3129W_1805,N/A,36.30815,-119.3129,government,AQS,SPECIES_USA-LosAngeles-0001_,,,,US,N/A,,,,,,,,,,,,,MAIA_ANC_SURFACEMONITOR_PM_2.5_SPECIES_USA-LosAngeles_20250206T000000Z_F01_V2026p06p10.nc,-9999.0,0.0086,4.081
20250206,PM_2.5,Nitrate,0.022,USA-LosAngeles-0001-36.4988N_118.8248W_1801,"Visalia-Porterville, CA 1",36.498835,-118.824821,government,AQS,SPECIES_USA-LosAngeles-0001_,,,,US,Sequoia National Park,,,,,,,,,,,,,MAIA_ANC_SURFACEMONITOR_PM_2.5_SPECIES_USA-LosAngeles_20250206T000000Z_F01_V2026p06p10.nc,-9999.0,0.0027,0.9374
20250206,PM_2.5,Nitrate,1.748,USA-LosAngeles-0001-36.7854N_119.7732W_1801,"Fresno, CA 1",36.78538,-119.77321,government,AQS,SPECIES_USA-LosAngeles-0001_,,,,US,Fresno,,,,,,,,,,,,,MAIA_ANC_SURFACEMONITOR_PM_2.5_SPECIES_USA-LosAngeles_20250206T000000Z_F01_V2026p06p10.nc,-9999.0,0.0084,1.6066
20250206,PM_2.5,Nitrate,1.95,USA-LosAngeles-0001-36.7854N_119.7732W_1805,"Fresno, CA 5",36.78538,-119.77321,government,AQS,SPECIES_USA-LosAngeles-0001_,,,,US,Fresno,,,,,,,,,,,,,MAIA_ANC_SURFACEMONITOR_PM_2.5_SPECIES_USA-LosAngeles_20250206T000000Z_F01_V2026p06p10.nc,-9999.0,0.0089,1.7027
20250206,PM_2.5,Nitrate,0.073,USA-LosAngeles-0001-37.3607N_118.3308W_1801,"Bishop, CA 1",37.360684,-118.330783,government,AQS,SPECIES_USA-LosAngeles-0001_,,,,US,Not in a City,,,,,,,,,,,,,MAIA_ANC_SURFACEMONITOR_PM_2.5_SPECIES_USA-LosAngeles_20250206T000000Z_F01_V2026p06p10.nc,-9999.0,0.0002,0.0455
20250206,PM_2.5,Nitrate,0.006,USA-LosAngeles-0001-37.7133N_119.7062W_1801, 1,37.71325,-119.7062,government,AQS,SPECIES_USA-LosAngeles-0001_,,,,US,Not in a City,,,,,,,,,,,,,MAIA_ANC_SURFACEMONITOR_PM_2.5_SPECIES_USA-LosAngeles_20250206T000000Z_F01_V2026p06p10.nc,-9999.0,0.0003,0.0634
20250206,PM_2.5,Organic_Carbon,0.779,USA-LosAngeles-0001-33.9996N_117.4160W_1805,"Riverside-San Bernardino-Ontario, CA 5",33.99958,-117.41601,government,AQS,SPECIES_USA-LosAngeles-0001_,,,,US,Rubidoux,,,,,,,,,,,,,MAIA_ANC_SURFACEMONITOR_PM_2.5_SPECIES_USA-LosAngeles_20250206T000000Z_F01_V2026p06p10.nc,-9999.0,0.0119,2.0149
20250206,PM_2.5,Organic_Carbon,0.846,USA-LosAngeles-0001-33.9996N_117.4160W_1806,"Riverside-San Bernardino-Ontario, CA 6",33.99958,-117.41601,government,AQS,SPECIES_USA-LosAngeles-0001_,,,,US,Rubidoux,,,,,,,,,,,,,MAIA_ANC_SURFACEMONITOR_PM_2.5_SPECIES_USA-LosAngeles_20250206T000000Z_F01_V2026p06p10.nc,-9999.0,0.0063,2.3984
20250206,PM_2.5,Organic_Carbon,0.2,USA-LosAngeles-0001-34.1939N_116.9141W_1801,"Riverside-San Bernardino-Ontario, CA 1",34.193925,-116.914063,government,AQS,SPECIES_USA-LosAngeles-0001_,,,,US,Not in a City,,,,,,,,,,,,,MAIA_ANC_SURFACEMONITOR_PM_2.5_SPECIES_USA-LosAngeles_20250206T000000Z_F01_V2026p06p10.nc,-9999.0,0.0016,0.362
20250206,PM_2.5,Organic_Carbon,0.4,USA-LosAngeles-0001-34.8219N_118.8876W_1801,"Bakersfield, CA 1",34.821922,-118.887598,government,AQS,SPECIES_USA-LosAngeles-0001_,,,,US,Lebec,,,,,,,,,,,,,MAIA_ANC_SURFACEMONITOR_PM_2.5_SPECIES_USA-LosAngeles_20250206T000000Z_F01_V2026p06p10.nc,-9999.0,0.0029,0.486
20250206,PM_2.5,Organic_Carbon,2.074,USA-LosAngeles-0001-35.3566N_119.0626W_1805,"Bakersfield, CA 5",35.356615,-119.062613,government,AQS,SPECIES_USA-LosAngeles-0001_,,,,US,Bakersfield,,,,,,,,,,,,,MAIA_ANC_SURFACEMONITOR_PM_2.5_SPECIES_USA-LosAngeles_20250206T000000Z_F01_V2026p06p10.nc,-9999.0,0.0123,2.2473
20250206,PM_2.5,Organic_Carbon,0.29,USA-LosAngeles-0001-36.4988N_118.8248W_1801,"Visalia-Porterville, CA 1",36.498835,-118.824821,government,AQS,SPECIES_USA-LosAngeles-0001_,,,,US,Sequoia National Park,,,,,,,,,,,,,MAIA_ANC_SURFACEMONITOR_PM_2.5_SPECIES_USA-LosAngeles_20250206T000000Z_F01_V2026p06p10.nc,-9999.0,0.0039,0.7375
20250206,PM_2.5,Organic_Carbon,1.17,USA-LosAngeles-0001-36.7854N_119.7732W_1801,"Fresno, CA 1",36.78538,-119.77321,government,AQS,SPECIES_USA-LosAngeles-0001_,,,,US,Fresno,,,,,,,,,,,,,MAIA_ANC_SURFACEMONITOR_PM_2.5_SPECIES_USA-LosAngeles_20250206T000000Z_F01_V2026p06p10.nc,-9999.0,0.0143,2.805
20250206,PM_2.5,Organic_Carbon,1.307,USA-LosAngeles-0001-36.7854N_119.7732W_1805,"Fresno, CA 5",36.78538,-119.77321,government,AQS,SPECIES_USA-LosAngeles-0001_,,,,US,Fresno,,,,,,,,,,,,,MAIA_ANC_SURFACEMONITOR_PM_2.5_SPECIES_USA-LosAngeles_20250206T000000Z_F01_V2026p06p10.nc,-9999.0,0.0159,3.0931
20250206,PM_2.5,Organic_Carbon,0.4,USA-LosAngeles-0001-37.3607N_118.3308W_1801,"Bishop, CA 1",37.360684,-118.330783,government,AQS,SPECIES_USA-LosAngeles-0001_,,,,US,Not in a City,,,,,,,,,,,,,MAIA_ANC_SURFACEMONITOR_PM_2.5_SPECIES_USA-LosAngeles_20250206T000000Z_F01_V2026p06p10.nc,-9999.0,0.0016,0.3043
20250206,PM_2.5,Organic_Carbon,0.11,USA-LosAngeles-0001-37.7133N_119.7062W_1801, 1,37.71325,-119.7062,government,AQS,SPECIES_USA-LosAngeles-0001_,,,,US,Not in a City,,,,,,,,,,,,,MAIA_ANC_SURFACEMONITOR_PM_2.5_SPECIES_USA-LosAngeles_20250206T000000Z_F01_V2026p06p10.nc,-9999.0,0.0014,0.2612
20250206,PM_2.5,Sulfate,0.26,USA-LosAngeles-0001-33.8306N_117.9385W_1811,"Los Angeles-Long Beach-Anaheim, CA 11",33.83062,-117.93845,government,AQS,SPECIES_USA-LosAngeles-0001_,,,,US,Anaheim,,,,,,,,,,,,,MAIA_ANC_SURFACEMONITOR_PM_2.5_SPECIES_USA-LosAngeles_20250206T000000Z_F01_V2026p06p10.nc,-9999.0,0.0,
20250206,PM_2.5,Sulfate,0.36,USA-LosAngeles-0001-33.9996N_117.4160W_1805,"Riverside-San Bernardino-Ontario, CA 5",33.99958,-117.41601,government,AQS,SPECIES_USA-LosAngeles-0001_,,,,US,Rubidoux,,,,,,,,,,,,,MAIA_ANC_SURFACEMONITOR_PM_2.5_SPECIES_USA-LosAngeles_20250206T000000Z_F01_V2026p06p10.nc,-9999.0,0.0022,0.428
20250206,PM_2.5,Sulfate,0.42,USA-LosAngeles-0001-33.9996N_117.4160W_1806,"Riverside-San Bernardino-Ontario, CA 6",33.99958,-117.41601,government,AQS,SPECIES_USA-LosAngeles-0001_,,,,US,Rubidoux,,,,,,,,,,,,,MAIA_ANC_SURFACEMONITOR_PM_2.5_SPECIES_USA-LosAngeles_20250206T000000Z_F01_V2026p06p10.nc,-9999.0,0.0008,0.3458
20250206,PM_2.5,Sulfate,0.34,USA-LosAngeles-0001-33.9996N_117.4160W_1811,"Riverside-San Bernardino-Ontario, CA 11",33.99958,-117.41601,government,AQS,SPECIES_USA-LosAngeles-0001_,,,,US,Rubidoux,,,,,,,,,,,,,MAIA_ANC_SURFACEMONITOR_PM_2.5_SPECIES_USA-LosAngeles_20250206T000000Z_F01_V2026p06p10.nc,-9999.0,0.0,
20250206,PM_2.5,Sulfate,0.53,USA-LosAngeles-0001-34.0666N_118.2269W_1805,"Los Angeles-Long Beach-Anaheim, CA 5",34.06659,-118.22688,government,AQS,SPECIES_USA-LosAngeles-0001_,,,,US,Los Angeles,,,,,,,,,,,,,MAIA_ANC_SURFACEMONITOR_PM_2.5_SPECIES_USA-LosAngeles_20250206T000000Z_F01_V2026p06p10.nc,-9999.0,0.0026,0.4829
20250206,PM_2.5,Sulfate,0.4,USA-LosAngeles-0001-34.0666N_118.2269W_1811,"Los Angeles-Long Beach-Anaheim, CA 11",34.06659,-118.22688,government,AQS,SPECIES_USA-LosAngeles-0001_,,,,US,Los Angeles,,,,,,,,,,,,,MAIA_ANC_SURFACEMONITOR_PM_2.5_SPECIES_USA-LosAngeles_20250206T000000Z_F01_V2026p06p10.nc,-9999.0,0.0,
20250206,PM_2.5,Sulfate,0.46,USA-LosAngeles-0001-34.0666N_118.2269W_1812,"Los Angeles-Long Beach-Anaheim, CA 12",34.06659,-118.22688,government,AQS,SPECIES_USA-LosAngeles-0001_,,,,US,Los Angeles,,,,,,,,,,,,,MAIA_ANC_SURFACEMONITOR_PM_2.5_SPECIES_USA-LosAngeles_20250206T000000Z_F01_V2026p06p10.nc,-9999.0,0.0,
20250206,PM_2.5,Sulfate,0.46,USA-LosAngeles-0001-34.1000N_117.4920W_1811,"Riverside-San Bernardino-Ontario, CA 11",34.10002,-117.49201,government,AQS,SPECIES_USA-LosAngeles-0001_,,,,US,Fontana,,,,,,,,,,,,,MAIA_ANC_SURFACEMONITOR_PM_2.5_SPECIES_USA-LosAngeles_20250206T000000Z_F01_V2026p06p10.nc,-9999.0,0.0,
20250206,PM_2.5,Sulfate,0.126,USA-LosAngeles-0001-34.1939N_116.9141W_1801,"Riverside-San Bernardino-Ontario, CA 1",34.193925,-116.914063,government,AQS,SPECIES_USA-LosAngeles-0001_,,,,US,Not in a City,,,,,,,,,,,,,MAIA_ANC_SURFACEMONITOR_PM_2.5_SPECIES_USA-LosAngeles_20250206T000000Z_F01_V2026p06p10.nc,-9999.0,0.0009,0.2194
20250206,PM_2.5,Sulfate,0.091,USA-LosAngeles-0001-34.8219N_118.8876W_1801,"Bakersfield, CA 1",34.821922,-118.887598,government,AQS,SPECIES_USA-LosAngeles-0001_,,,,US,Lebec,,,,,,,,,,,,,MAIA_ANC_SURFACEMONITOR_PM_2.5_SPECIES_USA-LosAngeles_20250206T000000Z_F01_V2026p06p10.nc,-9999.0,0.0017,0.3592
20250206,PM_2.5,Sulfate,0.37,USA-LosAngeles-0001-35.3566N_119.0626W_1805,"Bakersfield, CA 5",35.356615,-119.062613,government,AQS,SPECIES_USA-LosAngeles-0001_,,,,US,Bakersfield,,,,,,,,,,,,,MAIA_ANC_SURFACEMONITOR_PM_2.5_SPECIES_USA-LosAngeles_20250206T000000Z_F01_V2026p06p10.nc,-9999.0,0.0036,0.7107
20250206,PM_2.5,Sulfate,0.36,USA-LosAngeles-0001-36.3081N_119.3129W_1805,N/A,36.30815,-119.3129,government,AQS,SPECIES_USA-LosAngeles-0001_,,,,US,N/A,,,,,,,,,,,,,MAIA_ANC_SURFACEMONITOR_PM_2.5_SPECIES_USA-LosAngeles_20250206T000000Z_F01_V2026p06p10.nc,-9999.0,0.0017,0.7715
20250206,PM_2.5,Sulfate,0.055,USA-LosAngeles-0001-36.4988N_118.8248W_1801,"Visalia-Porterville, CA 1",36.498835,-118.824821,government,AQS,SPECIES_USA-LosAngeles-0001_,,,,US,Sequoia National Park,,,,,,,,,,,,,MAIA_ANC_SURFACEMONITOR_PM_2.5_SPECIES_USA-LosAngeles_20250206T000000Z_F01_V2026p06p10.nc,-9999.0,0.0021,0.4905
20250206,PM_2.5,Sulfate,0.397,USA-LosAngeles-0001-36.7854N_119.7732W_1801,"Fresno, CA 1",36.78538,-119.77321,government,AQS,SPECIES_USA-LosAngeles-0001_,,,,US,Fresno,,,,,,,,,,,,,MAIA_ANC_SURFACEMONITOR_PM_2.5_SPECIES_USA-LosAngeles_20250206T000000Z_F01_V2026p06p10.nc,-9999.0,0.0022,0.3933
20250206,PM_2.5,Sulfate,0.41,USA-LosAngeles-0001-36.7854N_119.7732W_1805,"Fresno, CA 5",36.78538,-119.77321,government,AQS,SPECIES_USA-LosAngeles-0001_,,,,US,Fresno,,,,,,,,,,,,,MAIA_ANC_SURFACEMONITOR_PM_2.5_SPECIES_USA-LosAngeles_20250206T000000Z_F01_V2026p06p10.nc,-9999.0,0.0022,0.3885
20250206,PM_2.5,Sulfate,0.1,USA-LosAngeles-0001-37.3607N_118.3308W_1801,"Bishop, CA 1",37.360684,-118.330783,government,AQS,SPECIES_USA-LosAngeles-0001_,,,,US,Not in a City,,,,,,,,,,,,,MAIA_ANC_SURFACEMONITOR_PM_2.5_SPECIES_USA-LosAngeles_20250206T000000Z_F01_V2026p06p10.nc,-9999.0,0.0006,0.1333
20250206,PM_2.5,Sulfate,0.042,USA-LosAngeles-0001-37.7133N_119.7062W_1801, 1,37.71325,-119.7062,government,AQS,SPECIES_USA-LosAngeles-0001_,,,,US,Not in a City,,,,,,,,,,,,,MAIA_ANC_SURFACEMONITOR_PM_2.5_SPECIES_USA-LosAngeles_20250206T000000Z_F01_V2026p06p10.nc,-9999.0,0.0006,0.1146
20250207,PM_2.5,Black_Carbon,0.0,USA-LosAngeles-0001-34.1994N_118.1732W_0800,AethLabs JPL,34.19941255,-118.1732079,research,aethalometer,SPECIES_USA-LosAngeles-0001_,,,,US,Pasadena,0.0028,900.0,0.0,0.0,0.0,720.0,0.0,0.0,898.0,900.0,0.0,2.0,MAIA_ANC_SURFACEMONITOR_PM_2.5_SPECIES_USA-LosAngeles_20250207T000000Z_F01_V2026p06p10.nc,,,
20250208,PM_2.5,Black_Carbon,0.0,USA-LosAngeles-0001-34.1994N_118.1732W_0800,AethLabs JPL,34.19941255,-118.1732079,research,aethalometer,SPECIES_USA-LosAngeles-0001_,,,,US,Pasadena,0.0028,900.0,0.0,0.0,0.0,720.0,0.0,0.0,898.0,900.0,0.0,2.0,MAIA_ANC_SURFACEMONITOR_PM_2.5_SPECIES_USA-LosAngeles_20250208T000000Z_F01_V2026p06p10.nc,,,
20250209,PM_2.5,Black_Carbon,0.0,USA-LosAngeles-0001-34.1994N_118.1732W_0800,AethLabs JPL,34.19941255,-118.1732079,research,aethalometer,SPECIES_USA-LosAngeles-0001_,,,,US,Pasadena,0.0028,900.0,0.0,0.0,0.0,720.0,0.0,0.0,898.0,900.0,0.0,2.0,MAIA_ANC_SURFACEMONITOR_PM_2.5_SPECIES_USA-LosAngeles_20250209T000000Z_F01_V2026p06p10.nc,,,
20250209,PM_2.5,Dust,0.3079,USA-LosAngeles-0001-33.4636N_116.9715W_1801,"Riverside-San Bernardino-Ontario, CA 1",33.463644,-116.971457,government,AQS,SPECIES_USA-LosAngeles-0001_,,,,US,Not in a City,,,,,,,,,,,,,MAIA_ANC_SURFACEMONITOR_PM_2.5_SPECIES_USA-LosAngeles_20250209T000000Z_F01_V2026p06p10.nc,1.0,0.11511,0.1027570695053792
20250209,PM_2.5,Dust,1.0564,USA-LosAngeles-0001-33.9996N_117.4160W_1805,"Riverside-San Bernardino-Ontario, CA 5",33.99958,-117.41601,government,AQS,SPECIES_USA-LosAngeles-0001_,,,,US,Rubidoux,,,,,,,,,,,,,MAIA_ANC_SURFACEMONITOR_PM_2.5_SPECIES_USA-LosAngeles_20250209T000000Z_F01_V2026p06p10.nc,1.0,0.5335542857142856,0.4391476895356388
20250209,PM_2.5,Dust,0.4558,USA-LosAngeles-0001-34.0666N_118.2269W_1805,"Los Angeles-Long Beach-Anaheim, CA 5",34.06659,-118.22688,government,AQS,SPECIES_USA-LosAngeles-0001_,,,,US,Los Angeles,,,,,,,,,,,,,MAIA_ANC_SURFACEMONITOR_PM_2.5_SPECIES_USA-LosAngeles_20250209T000000Z_F01_V2026p06p10.nc,1.0,0.4984655555555555,0.212759877959017
20250209,PM_2.5,Dust,0.3164,USA-LosAngeles-0001-34.1939N_116.9141W_1801,"Riverside-San Bernardino-Ontario, CA 1",34.193925,-116.914063,government,AQS,SPECIES_USA-LosAngeles-0001_,,,,US,Not in a City,,,,,,,,,,,,,MAIA_ANC_SURFACEMONITOR_PM_2.5_SPECIES_USA-LosAngeles_20250209T000000Z_F01_V2026p06p10.nc,1.0,0.14613428571428572,0.10679221919986799
20250209,PM_2.5,Dust,0.3619,USA-LosAngeles-0001-34.8219N_118.8876W_1801,"Bakersfield, CA 1",34.821922,-118.887598,government,AQS,SPECIES_USA-LosAngeles-0001_,,,,US,Lebec,,,,,,,,,,,,,MAIA_ANC_SURFACEMONITOR_PM_2.5_SPECIES_USA-LosAngeles_20250209T000000Z_F01_V2026p06p10.nc,0.0,0.07655555555555556,0.07200214674440249
20250209,PM_2.5,Dust,0.2037,USA-LosAngeles-0001-35.3566N_119.0626W_1805,"Bakersfield, CA 5",35.356615,-119.062613,government,AQS,SPECIES_USA-LosAngeles-0001_,,,,US,Bakersfield,,,,,,,,,,,,,MAIA_ANC_SURFACEMONITOR_PM_2.5_SPECIES_USA-LosAngeles_20250209T000000Z_F01_V2026p06p10.nc,1.0,0.48866500000000007,0.38425013796354063
20250209,PM_2.5,Dust,0.0924,USA-LosAngeles-0001-36.4988N_118.8248W_1801,"Visalia-Porterville, CA 1",36.498835,-118.824821,government,AQS,SPECIES_USA-LosAngeles-0001_,,,,US,Sequoia National Park,,,,,,,,,,,,,MAIA_ANC_SURFACEMONITOR_PM_2.5_SPECIES_USA-LosAngeles_20250209T000000Z_F01_V2026p06p10.nc,1.0,0.13345222222222222,0.13697935495522898
20250209,PM_2.5,Dust,0.2507,USA-LosAngeles-0001-36.7854N_119.7732W_1801,"Fresno, CA 1",36.78538,-119.77321,government,AQS,SPECIES_USA-LosAngeles-0001_,,,,US,Fresno,,,,,,,,,,,,,MAIA_ANC_SURFACEMONITOR_PM_2.5_SPECIES_USA-LosAngeles_20250209T000000Z_F01_V2026p06p10.nc,1.0,0.37292777777777775,0.23853420773911738
20250209,PM_2.5,Dust,0.1864,USA-LosAngeles-0001-36.7854N_119.7732W_1805,"Fresno, CA 5",36.78538,-119.77321,government,AQS,SPECIES_USA-LosAngeles-0001_,,,,US,Fresno,,,,,,,,,,,,,MAIA_ANC_SURFACEMONITOR_PM_2.5_SPECIES_USA-LosAngeles_20250209T000000Z_F01_V2026p06p10.nc,1.0,0.4019425000000001,0.2987723993590272
20250209,PM_2.5,Dust,0.201,USA-LosAngeles-0001-37.3607N_118.3308W_1801,"Bishop, CA 1",37.360684,-118.330783,government,AQS,SPECIES_USA-LosAngeles-0001_,,,,US,Not in a City,,,,,,,,,,,,,MAIA_ANC_SURFACEMONITOR_PM_2.5_SPECIES_USA-LosAngeles_20250209T000000Z_F01_V2026p06p10.nc,1.0,0.26677125,0.2548114590455804
20250209,PM_2.5,Dust,0.1597,USA-LosAngeles-0001-37.7133N_119.7062W_1801, 1,37.71325,-119.7062,government,AQS,SPECIES_USA-LosAngeles-0001_,,,,US,Not in a City,,,,,,,,,,,,,MAIA_ANC_SURFACEMONITOR_PM_2.5_SPECIES_USA-LosAngeles_20250209T000000Z_F01_V2026p06p10.nc,1.0,0.10346777777777778,0.1328911452428288
20250209,PM_2.5,Dust,0.1597,USA-LosAngeles-0001-37.7133N_119.7062W_1802, 2,37.71325,-119.7062,government,AQS,SPECIES_USA-LosAngeles-0001_,,,,US,Not in a City,,,,,,,,,,,,,MAIA_ANC_SURFACEMONITOR_PM_2.5_SPECIES_USA-LosAngeles_20250209T000000Z_F01_V2026p06p10.nc,-9999.0,-9999.0,-9999.0
20250209,PM_2.5,Elemental_Carbon,0.15,USA-LosAngeles-0001-33.4636N_116.9715W_1801,"Riverside-San Bernardino-Ontario, CA 1",33.463644,-116.971457,government,AQS,SPECIES_USA-LosAngeles-0001_,,,,US,Not in a City,,,,,,,,,,,,,MAIA_ANC_SURFACEMONITOR_PM_2.5_SPECIES_USA-LosAngeles_20250209T000000Z_F01_V2026p06p10.nc,-9999.0,0.0005,0.1481
20250209,PM_2.5,Elemental_Carbon,1.293,USA-LosAngeles-0001-33.9996N_117.4160W_1805,"Riverside-San Bernardino-Ontario, CA 5",33.99958,-117.41601,government,AQS,SPECIES_USA-LosAngeles-0001_,,,,US,Rubidoux,,,,,,,,,,,,,MAIA_ANC_SURFACEMONITOR_PM_2.5_SPECIES_USA-LosAngeles_20250209T000000Z_F01_V2026p06p10.nc,-9999.0,0.0044,0.7836
20250209,PM_2.5,Elemental_Carbon,0.07,USA-LosAngeles-0001-34.1939N_116.9141W_1801,"Riverside-San Bernardino-Ontario, CA 1",34.193925,-116.914063,government,AQS,SPECIES_USA-LosAngeles-0001_,,,,US,Not in a City,,,,,,,,,,,,,MAIA_ANC_SURFACEMONITOR_PM_2.5_SPECIES_USA-LosAngeles_20250209T000000Z_F01_V2026p06p10.nc,-9999.0,0.0003,0.0594
20250209,PM_2.5,Elemental_Carbon,0.05,USA-LosAngeles-0001-34.8219N_118.8876W_1801,"Bakersfield, CA 1",34.821922,-118.887598,government,AQS,SPECIES_USA-LosAngeles-0001_,,,,US,Lebec,,,,,,,,,,,,,MAIA_ANC_SURFACEMONITOR_PM_2.5_SPECIES_USA-LosAngeles_20250209T000000Z_F01_V2026p06p10.nc,-9999.0,0.0005,0.0804
20250209,PM_2.5,Elemental_Carbon,0.841,USA-LosAngeles-0001-35.3566N_119.0626W_1805,"Bakersfield, CA 5",35.356615,-119.062613,government,AQS,SPECIES_USA-LosAngeles-0001_,,,,US,Bakersfield,,,,,,,,,,,,,MAIA_ANC_SURFACEMONITOR_PM_2.5_SPECIES_USA-LosAngeles_20250209T000000Z_F01_V2026p06p10.nc,-9999.0,0.0034,0.6519
20250209,PM_2.5,Elemental_Carbon,0.23,USA-LosAngeles-0001-36.4988N_118.8248W_1801,"Visalia-Porterville, CA 1",36.498835,-118.824821,government,AQS,SPECIES_USA-LosAngeles-0001_,,,,US,Sequoia National Park,,,,,,,,,,,,,MAIA_ANC_SURFACEMONITOR_PM_2.5_SPECIES_USA-LosAngeles_20250209T000000Z_F01_V2026p06p10.nc,-9999.0,0.0006,0.1244
20250209,PM_2.5,Elemental_Carbon,0.84,USA-LosAngeles-0001-36.7854N_119.7732W_1801,"Fresno, CA 1",36.78538,-119.77321,government,AQS,SPECIES_USA-LosAngeles-0001_,,,,US,Fresno,,,,,,,,,,,,,MAIA_ANC_SURFACEMONITOR_PM_2.5_SPECIES_USA-LosAngeles_20250209T000000Z_F01_V2026p06p10.nc,-9999.0,0.0039,0.7508
20250209,PM_2.5,Elemental_Carbon,1.025,USA-LosAngeles-0001-36.7854N_119.7732W_1805,"Fresno, CA 5",36.78538,-119.77321,government,AQS,SPECIES_USA-LosAngeles-0001_,,,,US,Fresno,,,,,,,,,,,,,MAIA_ANC_SURFACEMONITOR_PM_2.5_SPECIES_USA-LosAngeles_20250209T000000Z_F01_V2026p06p10.nc,-9999.0,0.0046,0.9063
20250209,PM_2.5,Elemental_Carbon,0.06,USA-LosAngeles-0001-37.3607N_118.3308W_1801,"Bishop, CA 1",37.360684,-118.330783,government,AQS,SPECIES_USA-LosAngeles-0001_,,,,US,Not in a City,,,,,,,,,,,,,MAIA_ANC_SURFACEMONITOR_PM_2.5_SPECIES_USA-LosAngeles_20250209T000000Z_F01_V2026p06p10.nc,-9999.0,0.0002,0.0513
20250209,PM_2.5,Elemental_Carbon,0.05,USA-LosAngeles-0001-37.7133N_119.7062W_1801, 1,37.71325,-119.7062,government,AQS,SPECIES_USA-LosAngeles-0001_,,,,US,Not in a City,,,,,,,,,,,,,MAIA_ANC_SURFACEMONITOR_PM_2.5_SPECIES_USA-LosAngeles_20250209T000000Z_F01_V2026p06p10.nc,-9999.0,0.0001,0.0276
20250209,PM_2.5,Nitrate,0.411,USA-LosAngeles-0001-33.4636N_116.9715W_1801,"Riverside-San Bernardino-Ontario, CA 1",33.463644,-116.971457,government,AQS,SPECIES_USA-LosAngeles-0001_,,,,US,Not in a City,,,,,,,,,,,,,MAIA_ANC_SURFACEMONITOR_PM_2.5_SPECIES_USA-LosAngeles_20250209T000000Z_F01_V2026p06p10.nc,-9999.0,0.0012,0.3999
20250209,PM_2.5,Nitrate,4.89,USA-LosAngeles-0001-33.9996N_117.4160W_1805,"Riverside-San Bernardino-Ontario, CA 5",33.99958,-117.41601,government,AQS,SPECIES_USA-LosAngeles-0001_,,,,US,Rubidoux,,,,,,,,,,,,,MAIA_ANC_SURFACEMONITOR_PM_2.5_SPECIES_USA-LosAngeles_20250209T000000Z_F01_V2026p06p10.nc,-9999.0,0.0154,3.146
20250209,PM_2.5,Nitrate,1.82,USA-LosAngeles-0001-34.0666N_118.2269W_1805,"Los Angeles-Long Beach-Anaheim, CA 5",34.06659,-118.22688,government,AQS,SPECIES_USA-LosAngeles-0001_,,,,US,Los Angeles,,,,,,,,,,,,,MAIA_ANC_SURFACEMONITOR_PM_2.5_SPECIES_USA-LosAngeles_20250209T000000Z_F01_V2026p06p10.nc,-9999.0,0.0147,2.8314
20250209,PM_2.5,Nitrate,0.632,USA-LosAngeles-0001-34.1939N_116.9141W_1801,"Riverside-San Bernardino-Ontario, CA 1",34.193925,-116.914063,government,AQS,SPECIES_USA-LosAngeles-0001_,,,,US,Not in a City,,,,,,,,,,,,,MAIA_ANC_SURFACEMONITOR_PM_2.5_SPECIES_USA-LosAngeles_20250209T000000Z_F01_V2026p06p10.nc,-9999.0,0.0025,0.7785
20250209,PM_2.5,Nitrate,0.285,USA-LosAngeles-0001-34.8219N_118.8876W_1801,"Bakersfield, CA 1",34.821922,-118.887598,government,AQS,SPECIES_USA-LosAngeles-0001_,,,,US,Lebec,,,,,,,,,,,,,MAIA_ANC_SURFACEMONITOR_PM_2.5_SPECIES_USA-LosAngeles_20250209T000000Z_F01_V2026p06p10.nc,-9999.0,0.0014,0.3972
20250209,PM_2.5,Nitrate,6.11,USA-LosAngeles-0001-35.3566N_119.0626W_1805,"Bakersfield, CA 5",35.356615,-119.062613,government,AQS,SPECIES_USA-LosAngeles-0001_,,,,US,Bakersfield,,,,,,,,,,,,,MAIA_ANC_SURFACEMONITOR_PM_2.5_SPECIES_USA-LosAngeles_20250209T000000Z_F01_V2026p06p10.nc,-9999.0,0.0135,2.9251
20250209,PM_2.5,Nitrate,1.893,USA-LosAngeles-0001-36.4988N_118.8248W_1801,"Visalia-Porterville, CA 1",36.498835,-118.824821,government,AQS,SPECIES_USA-LosAngeles-0001_,,,,US,Sequoia National Park,,,,,,,,,,,,,MAIA_ANC_SURFACEMONITOR_PM_2.5_SPECIES_USA-LosAngeles_20250209T000000Z_F01_V2026p06p10.nc,-9999.0,0.0027,0.9374
20250209,PM_2.5,Nitrate,1.565,USA-LosAngeles-0001-36.7854N_119.7732W_1801,"Fresno, CA 1",36.78538,-119.77321,government,AQS,SPECIES_USA-LosAngeles-0001_,,,,US,Fresno,,,,,,,,,,,,,MAIA_ANC_SURFACEMONITOR_PM_2.5_SPECIES_USA-LosAngeles_20250209T000000Z_F01_V2026p06p10.nc,-9999.0,0.0084,1.6066
20250209,PM_2.5,Nitrate,1.88,USA-LosAngeles-0001-36.7854N_119.7732W_1805,"Fresno, CA 5",36.78538,-119.77321,government,AQS,SPECIES_USA-LosAngeles-0001_,,,,US,Fresno,,,,,,,,,,,,,MAIA_ANC_SURFACEMONITOR_PM_2.5_SPECIES_USA-LosAngeles_20250209T000000Z_F01_V2026p06p10.nc,-9999.0,0.0089,1.7027
20250209,PM_2.5,Nitrate,0.046,USA-LosAngeles-0001-37.3607N_118.3308W_1801,"Bishop, CA 1",37.360684,-118.330783,government,AQS,SPECIES_USA-LosAngeles-0001_,,,,US,Not in a City,,,,,,,,,,,,,MAIA_ANC_SURFACEMONITOR_PM_2.5_SPECIES_USA-LosAngeles_20250209T000000Z_F01_V2026p06p10.nc,-9999.0,0.0002,0.0455
20250209,PM_2.5,Nitrate,0.033,USA-LosAngeles-0001-37.7133N_119.7062W_1801, 1,37.71325,-119.7062,government,AQS,SPECIES_USA-LosAngeles-0001_,,,,US,Not in a City,,,,,,,,,,,,,MAIA_ANC_SURFACEMONITOR_PM_2.5_SPECIES_USA-LosAngeles_20250209T000000Z_F01_V2026p06p10.nc,-9999.0,0.0003,0.0634
20250209,PM_2.5,Organic_Carbon,0.97,USA-LosAngeles-0001-33.4636N_116.9715W_1801,"Riverside-San Bernardino-Ontario, CA 1",33.463644,-116.971457,government,AQS,SPECIES_USA-LosAngeles-0001_,,,,US,Not in a City,,,,,,,,,,,,,MAIA_ANC_SURFACEMONITOR_PM_2.5_SPECIES_USA-LosAngeles_20250209T000000Z_F01_V2026p06p10.nc,-9999.0,0.0025,0.6961
20250209,PM_2.5,Organic_Carbon,3.33,USA-LosAngeles-0001-33.9996N_117.4160W_1805,"Riverside-San Bernardino-Ontario, CA 5",33.99958,-117.41601,government,AQS,SPECIES_USA-LosAngeles-0001_,,,,US,Rubidoux,,,,,,,,,,,,,MAIA_ANC_SURFACEMONITOR_PM_2.5_SPECIES_USA-LosAngeles_20250209T000000Z_F01_V2026p06p10.nc,-9999.0,0.0119,2.0149
20250209,PM_2.5,Organic_Carbon,0.28,USA-LosAngeles-0001-34.1939N_116.9141W_1801,"Riverside-San Bernardino-Ontario, CA 1",34.193925,-116.914063,government,AQS,SPECIES_USA-LosAngeles-0001_,,,,US,Not in a City,,,,,,,,,,,,,MAIA_ANC_SURFACEMONITOR_PM_2.5_SPECIES_USA-LosAngeles_20250209T000000Z_F01_V2026p06p10.nc,-9999.0,0.0016,0.362
20250209,PM_2.5,Organic_Carbon,0.32,USA-LosAngeles-0001-34.8219N_118.8876W_1801,"Bakersfield, CA 1",34.821922,-118.887598,government,AQS,SPECIES_USA-LosAngeles-0001_,,,,US,Lebec,,,,,,,,,,,,,MAIA_ANC_SURFACEMONITOR_PM_2.5_SPECIES_USA-LosAngeles_20250209T000000Z_F01_V2026p06p10.nc,-9999.0,0.0029,0.486
20250209,PM_2.5,Organic_Carbon,3.081,USA-LosAngeles-0001-35.3566N_119.0626W_1805,"Bakersfield, CA 5",35.356615,-119.062613,government,AQS,SPECIES_USA-LosAngeles-0001_,,,,US,Bakersfield,,,,,,,,,,,,,MAIA_ANC_SURFACEMONITOR_PM_2.5_SPECIES_USA-LosAngeles_20250209T000000Z_F01_V2026p06p10.nc,-9999.0,0.0123,2.2473
20250209,PM_2.5,Organic_Carbon,1.12,USA-LosAngeles-0001-36.4988N_118.8248W_1801,"Visalia-Porterville, CA 1",36.498835,-118.824821,government,AQS,SPECIES_USA-LosAngeles-0001_,,,,US,Sequoia National Park,,,,,,,,,,,,,MAIA_ANC_SURFACEMONITOR_PM_2.5_SPECIES_USA-LosAngeles_20250209T000000Z_F01_V2026p06p10.nc,-9999.0,0.0039,0.7375
20250209,PM_2.5,Organic_Carbon,3.1,USA-LosAngeles-0001-36.7854N_119.7732W_1801,"Fresno, CA 1",36.78538,-119.77321,government,AQS,SPECIES_USA-LosAngeles-0001_,,,,US,Fresno,,,,,,,,,,,,,MAIA_ANC_SURFACEMONITOR_PM_2.5_SPECIES_USA-LosAngeles_20250209T000000Z_F01_V2026p06p10.nc,-9999.0,0.0143,2.805
20250209,PM_2.5,Organic_Carbon,3.158,USA-LosAngeles-0001-36.7854N_119.7732W_1805,"Fresno, CA 5",36.78538,-119.77321,government,AQS,SPECIES_USA-LosAngeles-0001_,,,,US,Fresno,,,,,,,,,,,,,MAIA_ANC_SURFACEMONITOR_PM_2.5_SPECIES_USA-LosAngeles_20250209T000000Z_F01_V2026p06p10.nc,-9999.0,0.0159,3.0931
20250209,PM_2.5,Organic_Carbon,0.35,USA-LosAngeles-0001-37.3607N_118.3308W_1801,"Bishop, CA 1",37.360684,-118.330783,government,AQS,SPECIES_USA-LosAngeles-0001_,,,,US,Not in a City,,,,,,,,,,,,,MAIA_ANC_SURFACEMONITOR_PM_2.5_SPECIES_USA-LosAngeles_20250209T000000Z_F01_V2026p06p10.nc,-9999.0,0.0016,0.3043
20250209,PM_2.5,Organic_Carbon,0.34,USA-LosAngeles-0001-37.7133N_119.7062W_1801, 1,37.71325,-119.7062,government,AQS,SPECIES_USA-LosAngeles-0001_,,,,US,Not in a City,,,,,,,,,,,,,MAIA_ANC_SURFACEMONITOR_PM_2.5_SPECIES_USA-LosAngeles_20250209T000000Z_F01_V2026p06p10.nc,-9999.0,0.0014,0.2612
20250209,PM_2.5,Sulfate,0.308,USA-LosAngeles-0001-33.4636N_116.9715W_1801,"Riverside-San Bernardino-Ontario, CA 1",33.463644,-116.971457,government,AQS,SPECIES_USA-LosAngeles-0001_,,,,US,Not in a City,,,,,,,,,,,,,MAIA_ANC_SURFACEMONITOR_PM_2.5_SPECIES_USA-LosAngeles_20250209T000000Z_F01_V2026p06p10.nc,-9999.0,0.0011,0.3562
20250209,PM_2.5,Sulfate,0.53,USA-LosAngeles-0001-33.9996N_117.4160W_1805,"Riverside-San Bernardino-Ontario, CA 5",33.99958,-117.41601,government,AQS,SPECIES_USA-LosAngeles-0001_,,,,US,Rubidoux,,,,,,,,,,,,,MAIA_ANC_SURFACEMONITOR_PM_2.5_SPECIES_USA-LosAngeles_20250209T000000Z_F01_V2026p06p10.nc,-9999.0,0.0022,0.428
20250209,PM_2.5,Sulfate,0.42,USA-LosAngeles-0001-34.0666N_118.2269W_1805,"Los Angeles-Long Beach-Anaheim, CA 5",34.06659,-118.22688,government,AQS,SPECIES_USA-LosAngeles-0001_,,,,US,Los Angeles,,,,,,,,,,,,,MAIA_ANC_SURFACEMONITOR_PM_2.5_SPECIES_USA-LosAngeles_20250209T000000Z_F01_V2026p06p10.nc,-9999.0,0.0026,0.4829
20250209,PM_2.5,Sulfate,0.183,USA-LosAngeles-0001-34.1939N_116.9141W_1801,"Riverside-San Bernardino-Ontario, CA 1",34.193925,-116.914063,government,AQS,SPECIES_USA-LosAngeles-0001_,,,,US,Not in a City,,,,,,,,,,,,,MAIA_ANC_SURFACEMONITOR_PM_2.5_SPECIES_USA-LosAngeles_20250209T000000Z_F01_V2026p06p10.nc,-9999.0,0.0009,0.2194
20250209,PM_2.5,Sulfate,0.273,USA-LosAngeles-0001-34.8219N_118.8876W_1801,"Bakersfield, CA 1",34.821922,-118.887598,government,AQS,SPECIES_USA-LosAngeles-0001_,,,,US,Lebec,,,,,,,,,,,,,MAIA_ANC_SURFACEMONITOR_PM_2.5_SPECIES_USA-LosAngeles_20250209T000000Z_F01_V2026p06p10.nc,-9999.0,0.0017,0.3592
20250209,PM_2.5,Sulfate,1.03,USA-LosAngeles-0001-35.3566N_119.0626W_1805,"Bakersfield, CA 5",35.356615,-119.062613,government,AQS,SPECIES_USA-LosAngeles-0001_,,,,US,Bakersfield,,,,,,,,,,,,,MAIA_ANC_SURFACEMONITOR_PM_2.5_SPECIES_USA-LosAngeles_20250209T000000Z_F01_V2026p06p10.nc,-9999.0,0.0036,0.7107
20250209,PM_2.5,Sulfate,0.823,USA-LosAngeles-0001-36.4988N_118.8248W_1801,"Visalia-Porterville, CA 1",36.498835,-118.824821,government,AQS,SPECIES_USA-LosAngeles-0001_,,,,US,Sequoia National Park,,,,,,,,,,,,,MAIA_ANC_SURFACEMONITOR_PM_2.5_SPECIES_USA-LosAngeles_20250209T000000Z_F01_V2026p06p10.nc,-9999.0,0.0021,0.4905
20250209,PM_2.5,Sulfate,0.195,USA-LosAngeles-0001-36.7854N_119.7732W_1801,"Fresno, CA 1",36.78538,-119.77321,government,AQS,SPECIES_USA-LosAngeles-0001_,,,,US,Fresno,,,,,,,,,,,,,MAIA_ANC_SURFACEMONITOR_PM_2.5_SPECIES_USA-LosAngeles_20250209T000000Z_F01_V2026p06p10.nc,-9999.0,0.0022,0.3933
20250209,PM_2.5,Sulfate,0.27,USA-LosAngeles-0001-36.7854N_119.7732W_1805,"Fresno, CA 5",36.78538,-119.77321,government,AQS,SPECIES_USA-LosAngeles-0001_,,,,US,Fresno,,,,,,,,,,,,,MAIA_ANC_SURFACEMONITOR_PM_2.5_SPECIES_USA-LosAngeles_20250209T000000Z_F01_V2026p06p10.nc,-9999.0,0.0022,0.3885
20250209,PM_2.5,Sulfate,0.131,USA-LosAngeles-0001-37.3607N_118.3308W_1801,"Bishop, CA 1",37.360684,-118.330783,government,AQS,SPECIES_USA-LosAngeles-0001_,,,,US,Not in a City,,,,,,,,,,,,,MAIA_ANC_SURFACEMONITOR_PM_2.5_SPECIES_USA-LosAngeles_20250209T000000Z_F01_V2026p06p10.nc,-9999.0,0.0006,0.1333
20250209,PM_2.5,Sulfate,0.157,USA-LosAngeles-0001-37.7133N_119.7062W_1801, 1,37.71325,-119.7062,government,AQS,SPECIES_USA-LosAngeles-0001_,,,,US,Not in a City,,,,,,,,,,,,,MAIA_ANC_SURFACEMONITOR_PM_2.5_SPECIES_USA-LosAngeles_20250209T000000Z_F01_V2026p06p10.nc,-9999.0,0.0006,0.1146
20250210,PM_2.5,Black_Carbon,0.0,USA-LosAngeles-0001-34.1994N_118.1732W_0800,AethLabs JPL,34.19941255,-118.1732079,research,aethalometer,SPECIES_USA-LosAngeles-0001_,,,,US,Pasadena,0.0014,1235.0,0.0,223.0,0.0,1440.0,0.0,0.0,1010.0,1235.0,0.0,2.0,MAIA_ANC_SURFACEMONITOR_PM_2.5_SPECIES_USA-LosAngeles_20250210T000000Z_F01_V2026p06p10.nc,,,
20250211,PM_2.5,Black_Carbon,0.0,USA-LosAngeles-0001-34.1994N_118.1732W_0800,AethLabs JPL,34.19941255,-118.1732079,research,aethalometer,SPECIES_USA-LosAngeles-0001_,,,,US,Pasadena,0.0014,1913.0,0.0,625.0,0.0,1440.0,0.0,0.0,1286.0,1913.0,0.0,2.0,MAIA_ANC_SURFACEMONITOR_PM_2.5_SPECIES_USA-LosAngeles_20250211T000000Z_F01_V2026p06p10.nc,,,
20250212,PM_2.5,Black_Carbon,0.0,USA-LosAngeles-0001-34.1994N_118.1732W_0800,AethLabs JPL,34.19941255,-118.1732079,research,aethalometer,SPECIES_USA-LosAngeles-0001_,,,,US,Pasadena,0.0028,900.0,0.0,0.0,0.0,720.0,0.0,0.0,898.0,900.0,0.0,2.0,MAIA_ANC_SURFACEMONITOR_PM_2.5_SPECIES_USA-LosAngeles_20250212T000000Z_F01_V2026p06p10.nc,,,
20250212,PM_2.5,Dust,0.479,USA-LosAngeles-0001-33.8306N_117.9385W_1811,"Los Angeles-Long Beach-Anaheim, CA 11",33.83062,-117.93845,government,AQS,SPECIES_USA-LosAngeles-0001_,,,,US,Anaheim,,,,,,,,,,,,,MAIA_ANC_SURFACEMONITOR_PM_2.5_SPECIES_USA-LosAngeles_20250212T000000Z_F01_V2026p06p10.nc,-9999.0,-9999.0,-9999.0
20250212,PM_2.5,Dust,0.1922,USA-LosAngeles-0001-33.9996N_117.4160W_1806,"Riverside-San Bernardino-Ontario, CA 6",33.99958,-117.41601,government,AQS,SPECIES_USA-LosAngeles-0001_,,,,US,Rubidoux,,,,,,,,,,,,,MAIA_ANC_SURFACEMONITOR_PM_2.5_SPECIES_USA-LosAngeles_20250212T000000Z_F01_V2026p06p10.nc,1.0,0.47339666666666663,0.3255033153270315
20250212,PM_2.5,Dust,0.5286,USA-LosAngeles-0001-33.9996N_117.4160W_1811,"Riverside-San Bernardino-Ontario, CA 11",33.99958,-117.41601,government,AQS,SPECIES_USA-LosAngeles-0001_,,,,US,Rubidoux,,,,,,,,,,,,,MAIA_ANC_SURFACEMONITOR_PM_2.5_SPECIES_USA-LosAngeles_20250212T000000Z_F01_V2026p06p10.nc,-9999.0,-9999.0,-9999.0
20250212,PM_2.5,Dust,0.3162,USA-LosAngeles-0001-34.0666N_118.2269W_1805,"Los Angeles-Long Beach-Anaheim, CA 5",34.06659,-118.22688,government,AQS,SPECIES_USA-LosAngeles-0001_,,,,US,Los Angeles,,,,,,,,,,,,,MAIA_ANC_SURFACEMONITOR_PM_2.5_SPECIES_USA-LosAngeles_20250212T000000Z_F01_V2026p06p10.nc,1.0,0.4984655555555555,0.212759877959017
20250212,PM_2.5,Dust,0.5199,USA-LosAngeles-0001-34.0666N_118.2269W_1812,"Los Angeles-Long Beach-Anaheim, CA 12",34.06659,-118.22688,government,AQS,SPECIES_USA-LosAngeles-0001_,,,,US,Los Angeles,,,,,,,,,,,,,MAIA_ANC_SURFACEMONITOR_PM_2.5_SPECIES_USA-LosAngeles_20250212T000000Z_F01_V2026p06p10.nc,-9999.0,-9999.0,-9999.0
20250212,PM_2.5,Dust,0.6539,USA-LosAngeles-0001-34.1000N_117.4920W_1811,"Riverside-San Bernardino-Ontario, CA 11",34.10002,-117.49201,government,AQS,SPECIES_USA-LosAngeles-0001_,,,,US,Fontana,,,,,,,,,,,,,MAIA_ANC_SURFACEMONITOR_PM_2.5_SPECIES_USA-LosAngeles_20250212T000000Z_F01_V2026p06p10.nc,-9999.0,-9999.0,-9999.0
20250212,PM_2.5,Dust,0.062,USA-LosAngeles-0001-34.1939N_116.9141W_1801,"Riverside-San Bernardino-Ontario, CA 1",34.193925,-116.914063,government,AQS,SPECIES_USA-LosAngeles-0001_,,,,US,Not in a City,,,,,,,,,,,,,MAIA_ANC_SURFACEMONITOR_PM_2.5_SPECIES_USA-LosAngeles_20250212T000000Z_F01_V2026p06p10.nc,1.0,0.14613428571428572,0.10679221919986799
20250212,PM_2.5,Dust,0.3555,USA-LosAngeles-0001-35.3566N_119.0626W_1805,"Bakersfield, CA 5",35.356615,-119.062613,government,AQS,SPECIES_USA-LosAngeles-0001_,,,,US,Bakersfield,,,,,,,,,,,,,MAIA_ANC_SURFACEMONITOR_PM_2.5_SPECIES_USA-LosAngeles_20250212T000000Z_F01_V2026p06p10.nc,1.0,0.48866500000000007,0.38425013796354063
20250212,PM_2.5,Dust,0.2796,USA-LosAngeles-0001-35.3566N_119.0626W_1806,"Bakersfield, CA 6",35.356615,-119.062613,government,AQS,SPECIES_USA-LosAngeles-0001_,,,,US,Bakersfield,,,,,,,,,,,,,MAIA_ANC_SURFACEMONITOR_PM_2.5_SPECIES_USA-LosAngeles_20250212T000000Z_F01_V2026p06p10.nc,1.0,0.4046825,0.1980854195006538
20250212,PM_2.5,Dust,0.5042,USA-LosAngeles-0001-36.3081N_119.3129W_1805,N/A,36.30815,-119.3129,government,AQS,SPECIES_USA-LosAngeles-0001_,,,,US,N/A,,,,,,,,,,,,,MAIA_ANC_SURFACEMONITOR_PM_2.5_SPECIES_USA-LosAngeles_20250212T000000Z_F01_V2026p06p10.nc,1.0,0.45836249999999995,0.16745886455709053
20250212,PM_2.5,Dust,0.1507,USA-LosAngeles-0001-36.4988N_118.8248W_1801,"Visalia-Porterville, CA 1",36.498835,-118.824821,government,AQS,SPECIES_USA-LosAngeles-0001_,,,,US,Sequoia National Park,,,,,,,,,,,,,MAIA_ANC_SURFACEMONITOR_PM_2.5_SPECIES_USA-LosAngeles_20250212T000000Z_F01_V2026p06p10.nc,1.0,0.13345222222222222,0.13697935495522898
20250212,PM_2.5,Dust,0.3102,USA-LosAngeles-0001-36.7854N_119.7732W_1801,"Fresno, CA 1",36.78538,-119.77321,government,AQS,SPECIES_USA-LosAngeles-0001_,,,,US,Fresno,,,,,,,,,,,,,MAIA_ANC_SURFACEMONITOR_PM_2.5_SPECIES_USA-LosAngeles_20250212T000000Z_F01_V2026p06p10.nc,1.0,0.37292777777777775,0.23853420773911738
20250212,PM_2.5,Dust,0.4424,USA-LosAngeles-0001-37.3607N_118.3308W_1801,"Bishop, CA 1",37.360684,-118.330783,government,AQS,SPECIES_USA-LosAngeles-0001_,,,,US,Not in a City,,,,,,,,,,,,,MAIA_ANC_SURFACEMONITOR_PM_2.5_SPECIES_USA-LosAngeles_20250212T000000Z_F01_V2026p06p10.nc,1.0,0.26677125,0.2548114590455804
20250212,PM_2.5,Dust,0.1239,USA-LosAngeles-0001-37.7133N_119.7062W_1801, 1,37.71325,-119.7062,government,AQS,SPECIES_USA-LosAngeles-0001_,,,,US,Not in a City,,,,,,,,,,,,,MAIA_ANC_SURFACEMONITOR_PM_2.5_SPECIES_USA-LosAngeles_20250212T000000Z_F01_V2026p06p10.nc,1.0,0.10346777777777778,0.1328911452428288
20250212,PM_2.5,Dust,0.1262,USA-LosAngeles-0001-37.7133N_119.7062W_1802, 2,37.71325,-119.7062,government,AQS,SPECIES_USA-LosAngeles-0001_,,,,US,Not in a City,,,,,,,,,,,,,MAIA_ANC_SURFACEMONITOR_PM_2.5_SPECIES_USA-LosAngeles_20250212T000000Z_F01_V2026p06p10.nc,-9999.0,-9999.0,-9999.0
20250212,PM_2.5,Elemental_Carbon,0.278,USA-LosAngeles-0001-33.9996N_117.4160W_1805,"Riverside-San Bernardino-Ontario, CA 5",33.99958,-117.41601,government,AQS,SPECIES_USA-LosAngeles-0001_,,,,US,Rubidoux,,,,,,,,,,,,,MAIA_ANC_SURFACEMONITOR_PM_2.5_SPECIES_USA-LosAngeles_20250212T000000Z_F01_V2026p06p10.nc,-9999.0,0.0044,0.7836
20250212,PM_2.5,Elemental_Carbon,0.275,USA-LosAngeles-0001-33.9996N_117.4160W_1806,"Riverside-San Bernardino-Ontario, CA 6",33.99958,-117.41601,government,AQS,SPECIES_USA-LosAngeles-0001_,,,,US,Rubidoux,,,,,,,,,,,,,MAIA_ANC_SURFACEMONITOR_PM_2.5_SPECIES_USA-LosAngeles_20250212T000000Z_F01_V2026p06p10.nc,-9999.0,0.0025,0.9738
20250212,PM_2.5,Elemental_Carbon,0.05,USA-LosAngeles-0001-34.1939N_116.9141W_1801,"Riverside-San Bernardino-Ontario, CA 1",34.193925,-116.914063,government,AQS,SPECIES_USA-LosAngeles-0001_,,,,US,Not in a City,,,,,,,,,,,,,MAIA_ANC_SURFACEMONITOR_PM_2.5_SPECIES_USA-LosAngeles_20250212T000000Z_F01_V2026p06p10.nc,-9999.0,0.0003,0.0594
20250212,PM_2.5,Elemental_Carbon,0.384,USA-LosAngeles-0001-35.3566N_119.0626W_1805,"Bakersfield, CA 5",35.356615,-119.062613,government,AQS,SPECIES_USA-LosAngeles-0001_,,,,US,Bakersfield,,,,,,,,,,,,,MAIA_ANC_SURFACEMONITOR_PM_2.5_SPECIES_USA-LosAngeles_20250212T000000Z_F01_V2026p06p10.nc,-9999.0,0.0034,0.6519
20250212,PM_2.5,Elemental_Carbon,0.456,USA-LosAngeles-0001-35.3566N_119.0626W_1806,"Bakersfield, CA 6",35.356615,-119.062613,government,AQS,SPECIES_USA-LosAngeles-0001_,,,,US,Bakersfield,,,,,,,,,,,,,MAIA_ANC_SURFACEMONITOR_PM_2.5_SPECIES_USA-LosAngeles_20250212T000000Z_F01_V2026p06p10.nc,-9999.0,0.0019,0.8284
20250212,PM_2.5,Elemental_Carbon,0.15,USA-LosAngeles-0001-36.4988N_118.8248W_1801,"Visalia-Porterville, CA 1",36.498835,-118.824821,government,AQS,SPECIES_USA-LosAngeles-0001_,,,,US,Sequoia National Park,,,,,,,,,,,,,MAIA_ANC_SURFACEMONITOR_PM_2.5_SPECIES_USA-LosAngeles_20250212T000000Z_F01_V2026p06p10.nc,-9999.0,0.0006,0.1244
20250212,PM_2.5,Elemental_Carbon,0.23,USA-LosAngeles-0001-36.7854N_119.7732W_1801,"Fresno, CA 1",36.78538,-119.77321,government,AQS,SPECIES_USA-LosAngeles-0001_,,,,US,Fresno,,,,,,,,,,,,,MAIA_ANC_SURFACEMONITOR_PM_2.5_SPECIES_USA-LosAngeles_20250212T000000Z_F01_V2026p06p10.nc,-9999.0,0.0039,0.7508
20250212,PM_2.5,Elemental_Carbon,0.359,USA-LosAngeles-0001-36.7854N_119.7732W_1805,"Fresno, CA 5",36.78538,-119.77321,government,AQS,SPECIES_USA-LosAngeles-0001_,,,,US,Fresno,,,,,,,,,,,,,MAIA_ANC_SURFACEMONITOR_PM_2.5_SPECIES_USA-LosAngeles_20250212T000000Z_F01_V2026p06p10.nc,-9999.0,0.0046,0.9063
20250212,PM_2.5,Elemental_Carbon,0.05,USA-LosAngeles-0001-37.3607N_118.3308W_1801,"Bishop, CA 1",37.360684,-118.330783,government,AQS,SPECIES_USA-LosAngeles-0001_,,,,US,Not in a City,,,,,,,,,,,,,MAIA_ANC_SURFACEMONITOR_PM_2.5_SPECIES_USA-LosAngeles_20250212T000000Z_F01_V2026p06p10.nc,-9999.0,0.0002,0.0513
20250212,PM_2.5,Elemental_Carbon,0.31,USA-LosAngeles-0001-37.7133N_119.7062W_1801, 1,37.71325,-119.7062,government,AQS,SPECIES_USA-LosAngeles-0001_,,,,US,Not in a City,,,,,,,,,,,,,MAIA_ANC_SURFACEMONITOR_PM_2.5_SPECIES_USA-LosAngeles_20250212T000000Z_F01_V2026p06p10.nc,-9999.0,0.0001,0.0276
20250212,PM_2.5,Nitrate,0.89,USA-LosAngeles-0001-33.8306N_117.9385W_1811,"Los Angeles-Long Beach-Anaheim, CA 11",33.83062,-117.93845,government,AQS,SPECIES_USA-LosAngeles-0001_,,,,US,Anaheim,,,,,,,,,,,,,MAIA_ANC_SURFACEMONITOR_PM_2.5_SPECIES_USA-LosAngeles_20250212T000000Z_F01_V2026p06p10.nc,-9999.0,0.0,
20250212,PM_2.5,Nitrate,1.25,USA-LosAngeles-0001-33.9996N_117.4160W_1805,"Riverside-San Bernardino-Ontario, CA 5",33.99958,-117.41601,government,AQS,SPECIES_USA-LosAngeles-0001_,,,,US,Rubidoux,,,,,,,,,,,,,MAIA_ANC_SURFACEMONITOR_PM_2.5_SPECIES_USA-LosAngeles_20250212T000000Z_F01_V2026p06p10.nc,-9999.0,0.0154,3.146
20250212,PM_2.5,Nitrate,1.25,USA-LosAngeles-0001-33.9996N_117.4160W_1806,"Riverside-San Bernardino-Ontario, CA 6",33.99958,-117.41601,government,AQS,SPECIES_USA-LosAngeles-0001_,,,,US,Rubidoux,,,,,,,,,,,,,MAIA_ANC_SURFACEMONITOR_PM_2.5_SPECIES_USA-LosAngeles_20250212T000000Z_F01_V2026p06p10.nc,-9999.0,0.005,2.0509
20250212,PM_2.5,Nitrate,1.19,USA-LosAngeles-0001-33.9996N_117.4160W_1811,"Riverside-San Bernardino-Ontario, CA 11",33.99958,-117.41601,government,AQS,SPECIES_USA-LosAngeles-0001_,,,,US,Rubidoux,,,,,,,,,,,,,MAIA_ANC_SURFACEMONITOR_PM_2.5_SPECIES_USA-LosAngeles_20250212T000000Z_F01_V2026p06p10.nc,-9999.0,0.0,
20250212,PM_2.5,Nitrate,1.42,USA-LosAngeles-0001-34.0666N_118.2269W_1805,"Los Angeles-Long Beach-Anaheim, CA 5",34.06659,-118.22688,government,AQS,SPECIES_USA-LosAngeles-0001_,,,,US,Los Angeles,,,,,,,,,,,,,MAIA_ANC_SURFACEMONITOR_PM_2.5_SPECIES_USA-LosAngeles_20250212T000000Z_F01_V2026p06p10.nc,-9999.0,0.0147,2.8314
20250212,PM_2.5,Nitrate,1.11,USA-LosAngeles-0001-34.0666N_118.2269W_1812,"Los Angeles-Long Beach-Anaheim, CA 12",34.06659,-118.22688,government,AQS,SPECIES_USA-LosAngeles-0001_,,,,US,Los Angeles,,,,,,,,,,,,,MAIA_ANC_SURFACEMONITOR_PM_2.5_SPECIES_USA-LosAngeles_20250212T000000Z_F01_V2026p06p10.nc,-9999.0,0.0,
20250212,PM_2.5,Nitrate,1.13,USA-LosAngeles-0001-34.1000N_117.4920W_1811,"Riverside-San Bernardino-Ontario, CA 11",34.10002,-117.49201,government,AQS,SPECIES_USA-LosAngeles-0001_,,,,US,Fontana,,,,,,,,,,,,,MAIA_ANC_SURFACEMONITOR_PM_2.5_SPECIES_USA-LosAngeles_20250212T000000Z_F01_V2026p06p10.nc,-9999.0,0.0,
20250212,PM_2.5,Nitrate,0.547,USA-LosAngeles-0001-34.1939N_116.9141W_1801,"Riverside-San Bernardino-Ontario, CA 1",34.193925,-116.914063,government,AQS,SPECIES_USA-LosAngeles-0001_,,,,US,Not in a City,,,,,,,,,,,,,MAIA_ANC_SURFACEMONITOR_PM_2.5_SPECIES_USA-LosAngeles_20250212T000000Z_F01_V2026p06p10.nc,-9999.0,0.0025,0.7785
20250212,PM_2.5,Nitrate,3.1,USA-LosAngeles-0001-35.3566N_119.0626W_1805,"Bakersfield, CA 5",35.356615,-119.062613,government,AQS,SPECIES_USA-LosAngeles-0001_,,,,US,Bakersfield,,,,,,,,,,,,,MAIA_ANC_SURFACEMONITOR_PM_2.5_SPECIES_USA-LosAngeles_20250212T000000Z_F01_V2026p06p10.nc,-9999.0,0.0135,2.9251
20250212,PM_2.5,Nitrate,3.05,USA-LosAngeles-0001-35.3566N_119.0626W_1806,"Bakersfield, CA 6",35.356615,-119.062613,government,AQS,SPECIES_USA-LosAngeles-0001_,,,,US,Bakersfield,,,,,,,,,,,,,MAIA_ANC_SURFACEMONITOR_PM_2.5_SPECIES_USA-LosAngeles_20250212T000000Z_F01_V2026p06p10.nc,-9999.0,0.0074,3.5057
20250212,PM_2.5,Nitrate,2.9,USA-LosAngeles-0001-36.3081N_119.3129W_1805,N/A,36.30815,-119.3129,government,AQS,SPECIES_USA-LosAngeles-0001_,,,,US,N/A,,,,,,,,,,,,,MAIA_ANC_SURFACEMONITOR_PM_2.5_SPECIES_USA-LosAngeles_20250212T000000Z_F01_V2026p06p10.nc,-9999.0,0.0086,4.081
20250212,PM_2.5,Nitrate,0.821,USA-LosAngeles-0001-36.4988N_118.8248W_1801,"Visalia-Porterville, CA 1",36.498835,-118.824821,government,AQS,SPECIES_USA-LosAngeles-0001_,,,,US,Sequoia National Park,,,,,,,,,,,,,MAIA_ANC_SURFACEMONITOR_PM_2.5_SPECIES_USA-LosAngeles_20250212T000000Z_F01_V2026p06p10.nc,-9999.0,0.0027,0.9374
20250212,PM_2.5,Nitrate,2.009,USA-LosAngeles-0001-36.7854N_119.7732W_1801,"Fresno, CA 1",36.78538,-119.77321,government,AQS,SPECIES_USA-LosAngeles-0001_,,,,US,Fresno,,,,,,,,,,,,,MAIA_ANC_SURFACEMONITOR_PM_2.5_SPECIES_USA-LosAngeles_20250212T000000Z_F01_V2026p06p10.nc,-9999.0,0.0084,1.6066
20250212,PM_2.5,Nitrate,0.123,USA-LosAngeles-0001-37.3607N_118.3308W_1801,"Bishop, CA 1",37.360684,-118.330783,government,AQS,SPECIES_USA-LosAngeles-0001_,,,,US,Not in a City,,,,,,,,,,,,,MAIA_ANC_SURFACEMONITOR_PM_2.5_SPECIES_USA-LosAngeles_20250212T000000Z_F01_V2026p06p10.nc,-9999.0,0.0002,0.0455
20250212,PM_2.5,Nitrate,0.358,USA-LosAngeles-0001-37.7133N_119.7062W_1801, 1,37.71325,-119.7062,government,AQS,SPECIES_USA-LosAngeles-0001_,,,,US,Not in a City,,,,,,,,,,,,,MAIA_ANC_SURFACEMONITOR_PM_2.5_SPECIES_USA-LosAngeles_20250212T000000Z_F01_V2026p06p10.nc,-9999.0,0.0003,0.0634
20250212,PM_2.5,Organic_Carbon,0.88,USA-LosAngeles-0001-33.9996N_117.4160W_1805,"Riverside-San Bernardino-Ontario, CA 5",33.99958,-117.41601,government,AQS,SPECIES_USA-LosAngeles-0001_,,,,US,Rubidoux,,,,,,,,,,,,,MAIA_ANC_SURFACEMONITOR_PM_2.5_SPECIES_USA-LosAngeles_20250212T000000Z_F01_V2026p06p10.nc,-9999.0,0.0119,2.0149
20250212,PM_2.5,Organic_Carbon,0.991,USA-LosAngeles-0001-33.9996N_117.4160W_1806,"Riverside-San Bernardino-Ontario, CA 6",33.99958,-117.41601,government,AQS,SPECIES_USA-LosAngeles-0001_,,,,US,Rubidoux,,,,,,,,,,,,,MAIA_ANC_SURFACEMONITOR_PM_2.5_SPECIES_USA-LosAngeles_20250212T000000Z_F01_V2026p06p10.nc,-9999.0,0.0063,2.3984
20250212,PM_2.5,Organic_Carbon,0.31,USA-LosAngeles-0001-34.1939N_116.9141W_1801,"Riverside-San Bernardino-Ontario, CA 1",34.193925,-116.914063,government,AQS,SPECIES_USA-LosAngeles-0001_,,,,US,Not in a City,,,,,,,,,,,,,MAIA_ANC_SURFACEMONITOR_PM_2.5_SPECIES_USA-LosAngeles_20250212T000000Z_F01_V2026p06p10.nc,-9999.0,0.0016,0.362
20250212,PM_2.5,Organic_Carbon,1.344,USA-LosAngeles-0001-35.3566N_119.0626W_1805,"Bakersfield, CA 5",35.356615,-119.062613,government,AQS,SPECIES_USA-LosAngeles-0001_,,,,US,Bakersfield,,,,,,,,,,,,,MAIA_ANC_SURFACEMONITOR_PM_2.5_SPECIES_USA-LosAngeles_20250212T000000Z_F01_V2026p06p10.nc,-9999.0,0.0123,2.2473
20250212,PM_2.5,Organic_Carbon,1.486,USA-LosAngeles-0001-35.3566N_119.0626W_1806,"Bakersfield, CA 6",35.356615,-119.062613,government,AQS,SPECIES_USA-LosAngeles-0001_,,,,US,Bakersfield,,,,,,,,,,,,,MAIA_ANC_SURFACEMONITOR_PM_2.5_SPECIES_USA-LosAngeles_20250212T000000Z_F01_V2026p06p10.nc,-9999.0,0.0074,3.1274
20250212,PM_2.5,Organic_Carbon,1.04,USA-LosAngeles-0001-36.4988N_118.8248W_1801,"Visalia-Porterville, CA 1",36.498835,-118.824821,government,AQS,SPECIES_USA-LosAngeles-0001_,,,,US,Sequoia National Park,,,,,,,,,,,,,MAIA_ANC_SURFACEMONITOR_PM_2.5_SPECIES_USA-LosAngeles_20250212T000000Z_F01_V2026p06p10.nc,-9999.0,0.0039,0.7375
20250212,PM_2.5,Organic_Carbon,1.18,USA-LosAngeles-0001-36.7854N_119.7732W_1801,"Fresno, CA 1",36.78538,-119.77321,government,AQS,SPECIES_USA-LosAngeles-0001_,,,,US,Fresno,,,,,,,,,,,,,MAIA_ANC_SURFACEMONITOR_PM_2.5_SPECIES_USA-LosAngeles_20250212T000000Z_F01_V2026p06p10.nc,-9999.0,0.0143,2.805
20250212,PM_2.5,Organic_Carbon,1.321,USA-LosAngeles-0001-36.7854N_119.7732W_1805,"Fresno, CA 5",36.78538,-119.77321,government,AQS,SPECIES_USA-LosAngeles-0001_,,,,US,Fresno,,,,,,,,,,,,,MAIA_ANC_SURFACEMONITOR_PM_2.5_SPECIES_USA-LosAngeles_20250212T000000Z_F01_V2026p06p10.nc,-9999.0,0.0159,3.0931
20250212,PM_2.5,Organic_Carbon,0.26,USA-LosAngeles-0001-37.3607N_118.3308W_1801,"Bishop, CA 1",37.360684,-118.330783,government,AQS,SPECIES_USA-LosAngeles-0001_,,,,US,Not in a City,,,,,,,,,,,,,MAIA_ANC_SURFACEMONITOR_PM_2.5_SPECIES_USA-LosAngeles_20250212T000000Z_F01_V2026p06p10.nc,-9999.0,0.0016,0.3043
20250212,PM_2.5,Organic_Carbon,1.79,USA-LosAngeles-0001-37.7133N_119.7062W_1801, 1,37.71325,-119.7062,government,AQS,SPECIES_USA-LosAngeles-0001_,,,,US,Not in a City,,,,,,,,,,,,,MAIA_ANC_SURFACEMONITOR_PM_2.5_SPECIES_USA-LosAngeles_20250212T000000Z_F01_V2026p06p10.nc,-9999.0,0.0014,0.2612
20250212,PM_2.5,Sulfate,0.31,USA-LosAngeles-0001-33.8306N_117.9385W_1811,"Los Angeles-Long Beach-Anaheim, CA 11",33.83062,-117.93845,government,AQS,SPECIES_USA-LosAngeles-0001_,,,,US,Anaheim,,,,,,,,,,,,,MAIA_ANC_SURFACEMONITOR_PM_2.5_SPECIES_USA-LosAngeles_20250212T000000Z_F01_V2026p06p10.nc,-9999.0,0.0,
20250212,PM_2.5,Sulfate,0.41,USA-LosAngeles-0001-33.9996N_117.4160W_1805,"Riverside-San Bernardino-Ontario, CA 5",33.99958,-117.41601,government,AQS,SPECIES_USA-LosAngeles-0001_,,,,US,Rubidoux,,,,,,,,,,,,,MAIA_ANC_SURFACEMONITOR_PM_2.5_SPECIES_USA-LosAngeles_20250212T000000Z_F01_V2026p06p10.nc,-9999.0,0.0022,0.428
20250212,PM_2.5,Sulfate,0.45,USA-LosAngeles-0001-33.9996N_117.4160W_1806,"Riverside-San Bernardino-Ontario, CA 6",33.99958,-117.41601,government,AQS,SPECIES_USA-LosAngeles-0001_,,,,US,Rubidoux,,,,,,,,,,,,,MAIA_ANC_SURFACEMONITOR_PM_2.5_SPECIES_USA-LosAngeles_20250212T000000Z_F01_V2026p06p10.nc,-9999.0,0.0008,0.3458
20250212,PM_2.5,Sulfate,0.46,USA-LosAngeles-0001-33.9996N_117.4160W_1811,"Riverside-San Bernardino-Ontario, CA 11",33.99958,-117.41601,government,AQS,SPECIES_USA-LosAngeles-0001_,,,,US,Rubidoux,,,,,,,,,,,,,MAIA_ANC_SURFACEMONITOR_PM_2.5_SPECIES_USA-LosAngeles_20250212T000000Z_F01_V2026p06p10.nc,-9999.0,0.0,
20250212,PM_2.5,Sulfate,0.39,USA-LosAngeles-0001-34.0666N_118.2269W_1805,"Los Angeles-Long Beach-Anaheim, CA 5",34.06659,-118.22688,government,AQS,SPECIES_USA-LosAngeles-0001_,,,,US,Los Angeles,,,,,,,,,,,,,MAIA_ANC_SURFACEMONITOR_PM_2.5_SPECIES_USA-LosAngeles_20250212T000000Z_F01_V2026p06p10.nc,-9999.0,0.0026,0.4829
20250212,PM_2.5,Sulfate,0.37,USA-LosAngeles-0001-34.0666N_118.2269W_1812,"Los Angeles-Long Beach-Anaheim, CA 12",34.06659,-118.22688,government,AQS,SPECIES_USA-LosAngeles-0001_,,,,US,Los Angeles,,,,,,,,,,,,,MAIA_ANC_SURFACEMONITOR_PM_2.5_SPECIES_USA-LosAngeles_20250212T000000Z_F01_V2026p06p10.nc,-9999.0,0.0,
20250212,PM_2.5,Sulfate,0.44,USA-LosAngeles-0001-34.1000N_117.4920W_1811,"Riverside-San Bernardino-Ontario, CA 11",34.10002,-117.49201,government,AQS,SPECIES_USA-LosAngeles-0001_,,,,US,Fontana,,,,,,,,,,,,,MAIA_ANC_SURFACEMONITOR_PM_2.5_SPECIES_USA-LosAngeles_20250212T000000Z_F01_V2026p06p10.nc,-9999.0,0.0,
20250212,PM_2.5,Sulfate,0.239,USA-LosAngeles-0001-34.1939N_116.9141W_1801,"Riverside-San Bernardino-Ontario, CA 1",34.193925,-116.914063,government,AQS,SPECIES_USA-LosAngeles-0001_,,,,US,Not in a City,,,,,,,,,,,,,MAIA_ANC_SURFACEMONITOR_PM_2.5_SPECIES_USA-LosAngeles_20250212T000000Z_F01_V2026p06p10.nc,-9999.0,0.0009,0.2194
20250212,PM_2.5,Sulfate,0.33,USA-LosAngeles-0001-35.3566N_119.0626W_1805,"Bakersfield, CA 5",35.356615,-119.062613,government,AQS,SPECIES_USA-LosAngeles-0001_,,,,US,Bakersfield,,,,,,,,,,,,,MAIA_ANC_SURFACEMONITOR_PM_2.5_SPECIES_USA-LosAngeles_20250212T000000Z_F01_V2026p06p10.nc,-9999.0,0.0036,0.7107
20250212,PM_2.5,Sulfate,0.34,USA-LosAngeles-0001-35.3566N_119.0626W_1806,"Bakersfield, CA 6",35.356615,-119.062613,government,AQS,SPECIES_USA-LosAngeles-0001_,,,,US,Bakersfield,,,,,,,,,,,,,MAIA_ANC_SURFACEMONITOR_PM_2.5_SPECIES_USA-LosAngeles_20250212T000000Z_F01_V2026p06p10.nc,-9999.0,0.0017,0.7843
20250212,PM_2.5,Sulfate,0.39,USA-LosAngeles-0001-36.3081N_119.3129W_1805,N/A,36.30815,-119.3129,government,AQS,SPECIES_USA-LosAngeles-0001_,,,,US,N/A,,,,,,,,,,,,,MAIA_ANC_SURFACEMONITOR_PM_2.5_SPECIES_USA-LosAngeles_20250212T000000Z_F01_V2026p06p10.nc,-9999.0,0.0017,0.7715
20250212,PM_2.5,Sulfate,0.254,USA-LosAngeles-0001-36.4988N_118.8248W_1801,"Visalia-Porterville, CA 1",36.498835,-118.824821,government,AQS,SPECIES_USA-LosAngeles-0001_,,,,US,Sequoia National Park,,,,,,,,,,,,,MAIA_ANC_SURFACEMONITOR_PM_2.5_SPECIES_USA-LosAngeles_20250212T000000Z_F01_V2026p06p10.nc,-9999.0,0.0021,0.4905
20250212,PM_2.5,Sulfate,0.34,USA-LosAngeles-0001-36.7854N_119.7732W_1801,"Fresno, CA 1",36.78538,-119.77321,government,AQS,SPECIES_USA-LosAngeles-0001_,,,,US,Fresno,,,,,,,,,,,,,MAIA_ANC_SURFACEMONITOR_PM_2.5_SPECIES_USA-LosAngeles_20250212T000000Z_F01_V2026p06p10.nc,-9999.0,0.0022,0.3933
20250212,PM_2.5,Sulfate,0.182,USA-LosAngeles-0001-37.3607N_118.3308W_1801,"Bishop, CA 1",37.360684,-118.330783,government,AQS,SPECIES_USA-LosAngeles-0001_,,,,US,Not in a City,,,,,,,,,,,,,MAIA_ANC_SURFACEMONITOR_PM_2.5_SPECIES_USA-LosAngeles_20250212T000000Z_F01_V2026p06p10.nc,-9999.0,0.0006,0.1333
20250212,PM_2.5,Sulfate,0.16,USA-LosAngeles-0001-37.7133N_119.7062W_1801, 1,37.71325,-119.7062,government,AQS,SPECIES_USA-LosAngeles-0001_,,,,US,Not in a City,,,,,,,,,,,,,MAIA_ANC_SURFACEMONITOR_PM_2.5_SPECIES_USA-LosAngeles_20250212T000000Z_F01_V2026p06p10.nc,-9999.0,0.0006,0.1146
20250213,PM_2.5,Black_Carbon,0.0,USA-LosAngeles-0001-34.1994N_118.1732W_0800,AethLabs JPL,34.19941255,-118.1732079,research,aethalometer,SPECIES_USA-LosAngeles-0001_,,,,US,Pasadena,0.0028,900.0,0.0,0.0,0.0,720.0,0.0,0.0,898.0,900.0,0.0,2.0,MAIA_ANC_SURFACEMONITOR_PM_2.5_SPECIES_USA-LosAngeles_20250213T000000Z_F01_V2026p06p10.nc,,,
20250213,PM_2.5,Dust,0.5911,USA-LosAngeles-0001-36.7854N_119.7732W_1805,"Fresno, CA 5",36.78538,-119.77321,government,AQS,SPECIES_USA-LosAngeles-0001_,,,,US,Fresno,,,,,,,,,,,,,MAIA_ANC_SURFACEMONITOR_PM_2.5_SPECIES_USA-LosAngeles_20250213T000000Z_F01_V2026p06p10.nc,1.0,0.4019425000000001,0.2987723993590272
20250213,PM_2.5,Nitrate,3.02,USA-LosAngeles-0001-36.7854N_119.7732W_1805,"Fresno, CA 5",36.78538,-119.77321,government,AQS,SPECIES_USA-LosAngeles-0001_,,,,US,Fresno,,,,,,,,,,,,,MAIA_ANC_SURFACEMONITOR_PM_2.5_SPECIES_USA-LosAngeles_20250213T000000Z_F01_V2026p06p10.nc,-9999.0,0.0089,1.7027
20250213,PM_2.5,Sulfate,1.03,USA-LosAngeles-0001-36.7854N_119.7732W_1805,"Fresno, CA 5",36.78538,-119.77321,government,AQS,SPECIES_USA-LosAngeles-0001_,,,,US,Fresno,,,,,,,,,,,,,MAIA_ANC_SURFACEMONITOR_PM_2.5_SPECIES_USA-LosAngeles_20250213T000000Z_F01_V2026p06p10.nc,-9999.0,0.0022,0.3885
20250214,PM_2.5,Black_Carbon,0.0,USA-LosAngeles-0001-34.1994N_118.1732W_0800,AethLabs JPL,34.19941255,-118.1732079,research,aethalometer,SPECIES_USA-LosAngeles-0001_,,,,US,Pasadena,0.0028,900.0,0.0,0.0,0.0,720.0,0.0,0.0,898.0,900.0,0.0,2.0,MAIA_ANC_SURFACEMONITOR_PM_2.5_SPECIES_USA-LosAngeles_20250214T000000Z_F01_V2026p06p10.nc,,,
20250215,PM_2.5,Black_Carbon,0.0,USA-LosAngeles-0001-34.1994N_118.1732W_0800,AethLabs JPL,34.19941255,-118.1732079,research,aethalometer,SPECIES_USA-LosAngeles-0001_,,,,US,Pasadena,0.0028,900.0,0.0,0.0,0.0,720.0,0.0,0.0,898.0,900.0,0.0,2.0,MAIA_ANC_SURFACEMONITOR_PM_2.5_SPECIES_USA-LosAngeles_20250215T000000Z_F01_V2026p06p10.nc,,,
20250215,PM_2.5,Dust,0.7624,USA-LosAngeles-0001-34.0666N_118.2269W_1805,"Los Angeles-Long Beach-Anaheim, CA 5",34.06659,-118.22688,government,AQS,SPECIES_USA-LosAngeles-0001_,,,,US,Los Angeles,,,,,,,,,,,,,MAIA_ANC_SURFACEMONITOR_PM_2.5_SPECIES_USA-LosAngeles_20250215T000000Z_F01_V2026p06p10.nc,1.0,0.4984655555555555,0.212759877959017
20250215,PM_2.5,Dust,0.1066,USA-LosAngeles-0001-34.1939N_116.9141W_1801,"Riverside-San Bernardino-Ontario, CA 1",34.193925,-116.914063,government,AQS,SPECIES_USA-LosAngeles-0001_,,,,US,Not in a City,,,,,,,,,,,,,MAIA_ANC_SURFACEMONITOR_PM_2.5_SPECIES_USA-LosAngeles_20250215T000000Z_F01_V2026p06p10.nc,1.0,0.14613428571428572,0.10679221919986799
20250215,PM_2.5,Dust,0.0365,USA-LosAngeles-0001-34.8219N_118.8876W_1801,"Bakersfield, CA 1",34.821922,-118.887598,government,AQS,SPECIES_USA-LosAngeles-0001_,,,,US,Lebec,,,,,,,,,,,,,MAIA_ANC_SURFACEMONITOR_PM_2.5_SPECIES_USA-LosAngeles_20250215T000000Z_F01_V2026p06p10.nc,1.0,0.07655555555555556,0.07200214674440249
20250215,PM_2.5,Dust,0.2915,USA-LosAngeles-0001-35.3566N_119.0626W_1805,"Bakersfield, CA 5",35.356615,-119.062613,government,AQS,SPECIES_USA-LosAngeles-0001_,,,,US,Bakersfield,,,,,,,,,,,,,MAIA_ANC_SURFACEMONITOR_PM_2.5_SPECIES_USA-LosAngeles_20250215T000000Z_F01_V2026p06p10.nc,1.0,0.48866500000000007,0.38425013796354063
20250215,PM_2.5,Dust,0.072,USA-LosAngeles-0001-36.4988N_118.8248W_1801,"Visalia-Porterville, CA 1",36.498835,-118.824821,government,AQS,SPECIES_USA-LosAngeles-0001_,,,,US,Sequoia National Park,,,,,,,,,,,,,MAIA_ANC_SURFACEMONITOR_PM_2.5_SPECIES_USA-LosAngeles_20250215T000000Z_F01_V2026p06p10.nc,1.0,0.13345222222222222,0.13697935495522898
20250215,PM_2.5,Dust,0.3653,USA-LosAngeles-0001-36.7854N_119.7732W_1801,"Fresno, CA 1",36.78538,-119.77321,government,AQS,SPECIES_USA-LosAngeles-0001_,,,,US,Fresno,,,,,,,,,,,,,MAIA_ANC_SURFACEMONITOR_PM_2.5_SPECIES_USA-LosAngeles_20250215T000000Z_F01_V2026p06p10.nc,1.0,0.37292777777777775,0.23853420773911738
20250215,PM_2.5,Dust,0.0873,USA-LosAngeles-0001-37.3607N_118.3308W_1801,"Bishop, CA 1",37.360684,-118.330783,government,AQS,SPECIES_USA-LosAngeles-0001_,,,,US,Not in a City,,,,,,,,,,,,,MAIA_ANC_SURFACEMONITOR_PM_2.5_SPECIES_USA-LosAngeles_20250215T000000Z_F01_V2026p06p10.nc,1.0,0.26677125,0.2548114590455804
20250215,PM_2.5,Dust,0.0739,USA-LosAngeles-0001-37.7133N_119.7062W_1801, 1,37.71325,-119.7062,government,AQS,SPECIES_USA-LosAngeles-0001_,,,,US,Not in a City,,,,,,,,,,,,,MAIA_ANC_SURFACEMONITOR_PM_2.5_SPECIES_USA-LosAngeles_20250215T000000Z_F01_V2026p06p10.nc,1.0,0.10346777777777778,0.1328911452428288
20250215,PM_2.5,Dust,0.0692,USA-LosAngeles-0001-37.7133N_119.7062W_1802, 2,37.71325,-119.7062,government,AQS,SPECIES_USA-LosAngeles-0001_,,,,US,Not in a City,,,,,,,,,,,,,MAIA_ANC_SURFACEMONITOR_PM_2.5_SPECIES_USA-LosAngeles_20250215T000000Z_F01_V2026p06p10.nc,-9999.0,-9999.0,-9999.0
20250215,PM_2.5,Elemental_Carbon,0.03,USA-LosAngeles-0001-34.1939N_116.9141W_1801,"Riverside-San Bernardino-Ontario, CA 1",34.193925,-116.914063,government,AQS,SPECIES_USA-LosAngeles-0001_,,,,US,Not in a City,,,,,,,,,,,,,MAIA_ANC_SURFACEMONITOR_PM_2.5_SPECIES_USA-LosAngeles_20250215T000000Z_F01_V2026p06p10.nc,-9999.0,0.0003,0.0594
20250215,PM_2.5,Elemental_Carbon,0.08,USA-LosAngeles-0001-34.8219N_118.8876W_1801,"Bakersfield, CA 1",34.821922,-118.887598,government,AQS,SPECIES_USA-LosAngeles-0001_,,,,US,Lebec,,,,,,,,,,,,,MAIA_ANC_SURFACEMONITOR_PM_2.5_SPECIES_USA-LosAngeles_20250215T000000Z_F01_V2026p06p10.nc,-9999.0,0.0005,0.0804
20250215,PM_2.5,Elemental_Carbon,0.699,USA-LosAngeles-0001-35.3566N_119.0626W_1805,"Bakersfield, CA 5",35.356615,-119.062613,government,AQS,SPECIES_USA-LosAngeles-0001_,,,,US,Bakersfield,,,,,,,,,,,,,MAIA_ANC_SURFACEMONITOR_PM_2.5_SPECIES_USA-LosAngeles_20250215T000000Z_F01_V2026p06p10.nc,-9999.0,0.0034,0.6519
20250215,PM_2.5,Elemental_Carbon,0.03,USA-LosAngeles-0001-36.4988N_118.8248W_1801,"Visalia-Porterville, CA 1",36.498835,-118.824821,government,AQS,SPECIES_USA-LosAngeles-0001_,,,,US,Sequoia National Park,,,,,,,,,,,,,MAIA_ANC_SURFACEMONITOR_PM_2.5_SPECIES_USA-LosAngeles_20250215T000000Z_F01_V2026p06p10.nc,-9999.0,0.0006,0.1244
20250215,PM_2.5,Elemental_Carbon,0.77,USA-LosAngeles-0001-36.7854N_119.7732W_1801,"Fresno, CA 1",36.78538,-119.77321,government,AQS,SPECIES_USA-LosAngeles-0001_,,,,US,Fresno,,,,,,,,,,,,,MAIA_ANC_SURFACEMONITOR_PM_2.5_SPECIES_USA-LosAngeles_20250215T000000Z_F01_V2026p06p10.nc,-9999.0,0.0039,0.7508
20250215,PM_2.5,Elemental_Carbon,0.08,USA-LosAngeles-0001-37.3607N_118.3308W_1801,"Bishop, CA 1",37.360684,-118.330783,government,AQS,SPECIES_USA-LosAngeles-0001_,,,,US,Not in a City,,,,,,,,,,,,,MAIA_ANC_SURFACEMONITOR_PM_2.5_SPECIES_USA-LosAngeles_20250215T000000Z_F01_V2026p06p10.nc,-9999.0,0.0002,0.0513
20250215,PM_2.5,Elemental_Carbon,0.04,USA-LosAngeles-0001-37.7133N_119.7062W_1801, 1,37.71325,-119.7062,government,AQS,SPECIES_USA-LosAngeles-0001_,,,,US,Not in a City,,,,,,,,,,,,,MAIA_ANC_SURFACEMONITOR_PM_2.5_SPECIES_USA-LosAngeles_20250215T000000Z_F01_V2026p06p10.nc,-9999.0,0.0001,0.0276
20250215,PM_2.5,Nitrate,1.33,USA-LosAngeles-0001-33.9996N_117.4160W_1805,"Riverside-San Bernardino-Ontario, CA 5",33.99958,-117.41601,government,AQS,SPECIES_USA-LosAngeles-0001_,,,,US,Rubidoux,,,,,,,,,,,,,MAIA_ANC_SURFACEMONITOR_PM_2.5_SPECIES_USA-LosAngeles_20250215T000000Z_F01_V2026p06p10.nc,-9999.0,0.0154,3.146
20250215,PM_2.5,Nitrate,1.9,USA-LosAngeles-0001-34.0666N_118.2269W_1805,"Los Angeles-Long Beach-Anaheim, CA 5",34.06659,-118.22688,government,AQS,SPECIES_USA-LosAngeles-0001_,,,,US,Los Angeles,,,,,,,,,,,,,MAIA_ANC_SURFACEMONITOR_PM_2.5_SPECIES_USA-LosAngeles_20250215T000000Z_F01_V2026p06p10.nc,-9999.0,0.0147,2.8314
20250215,PM_2.5,Nitrate,0.031,USA-LosAngeles-0001-34.1939N_116.9141W_1801,"Riverside-San Bernardino-Ontario, CA 1",34.193925,-116.914063,government,AQS,SPECIES_USA-LosAngeles-0001_,,,,US,Not in a City,,,,,,,,,,,,,MAIA_ANC_SURFACEMONITOR_PM_2.5_SPECIES_USA-LosAngeles_20250215T000000Z_F01_V2026p06p10.nc,-9999.0,0.0025,0.7785
20250215,PM_2.5,Nitrate,0.094,USA-LosAngeles-0001-34.8219N_118.8876W_1801,"Bakersfield, CA 1",34.821922,-118.887598,government,AQS,SPECIES_USA-LosAngeles-0001_,,,,US,Lebec,,,,,,,,,,,,,MAIA_ANC_SURFACEMONITOR_PM_2.5_SPECIES_USA-LosAngeles_20250215T000000Z_F01_V2026p06p10.nc,-9999.0,0.0014,0.3972
20250215,PM_2.5,Nitrate,2.76,USA-LosAngeles-0001-35.3566N_119.0626W_1805,"Bakersfield, CA 5",35.356615,-119.062613,government,AQS,SPECIES_USA-LosAngeles-0001_,,,,US,Bakersfield,,,,,,,,,,,,,MAIA_ANC_SURFACEMONITOR_PM_2.5_SPECIES_USA-LosAngeles_20250215T000000Z_F01_V2026p06p10.nc,-9999.0,0.0135,2.9251
20250215,PM_2.5,Nitrate,0.268,USA-LosAngeles-0001-36.4988N_118.8248W_1801,"Visalia-Porterville, CA 1",36.498835,-118.824821,government,AQS,SPECIES_USA-LosAngeles-0001_,,,,US,Sequoia National Park,,,,,,,,,,,,,MAIA_ANC_SURFACEMONITOR_PM_2.5_SPECIES_USA-LosAngeles_20250215T000000Z_F01_V2026p06p10.nc,-9999.0,0.0027,0.9374
20250215,PM_2.5,Nitrate,2.598,USA-LosAngeles-0001-36.7854N_119.7732W_1801,"Fresno, CA 1",36.78538,-119.77321,government,AQS,SPECIES_USA-LosAngeles-0001_,,,,US,Fresno,,,,,,,,,,,,,MAIA_ANC_SURFACEMONITOR_PM_2.5_SPECIES_USA-LosAngeles_20250215T000000Z_F01_V2026p06p10.nc,-9999.0,0.0084,1.6066
20250215,PM_2.5,Nitrate,0.7,USA-LosAngeles-0001-36.7854N_119.7732W_1805,"Fresno, CA 5",36.78538,-119.77321,government,AQS,SPECIES_USA-LosAngeles-0001_,,,,US,Fresno,,,,,,,,,,,,,MAIA_ANC_SURFACEMONITOR_PM_2.5_SPECIES_USA-LosAngeles_20250215T000000Z_F01_V2026p06p10.nc,-9999.0,0.0089,1.7027
20250215,PM_2.5,Nitrate,0.024,USA-LosAngeles-0001-37.3607N_118.3308W_1801,"Bishop, CA 1",37.360684,-118.330783,government,AQS,SPECIES_USA-LosAngeles-0001_,,,,US,Not in a City,,,,,,,,,,,,,MAIA_ANC_SURFACEMONITOR_PM_2.5_SPECIES_USA-LosAngeles_20250215T000000Z_F01_V2026p06p10.nc,-9999.0,0.0002,0.0455
20250215,PM_2.5,Nitrate,0.025,USA-LosAngeles-0001-37.7133N_119.7062W_1801, 1,37.71325,-119.7062,government,AQS,SPECIES_USA-LosAngeles-0001_,,,,US,Not in a City,,,,,,,,,,,,,MAIA_ANC_SURFACEMONITOR_PM_2.5_SPECIES_USA-LosAngeles_20250215T000000Z_F01_V2026p06p10.nc,-9999.0,0.0003,0.0634
20250215,PM_2.5,Organic_Carbon,0.09,USA-LosAngeles-0001-34.1939N_116.9141W_1801,"Riverside-San Bernardino-Ontario, CA 1",34.193925,-116.914063,government,AQS,SPECIES_USA-LosAngeles-0001_,,,,US,Not in a City,,,,,,,,,,,,,MAIA_ANC_SURFACEMONITOR_PM_2.5_SPECIES_USA-LosAngeles_20250215T000000Z_F01_V2026p06p10.nc,-9999.0,0.0016,0.362
20250215,PM_2.5,Organic_Carbon,0.41,USA-LosAngeles-0001-34.8219N_118.8876W_1801,"Bakersfield, CA 1",34.821922,-118.887598,government,AQS,SPECIES_USA-LosAngeles-0001_,,,,US,Lebec,,,,,,,,,,,,,MAIA_ANC_SURFACEMONITOR_PM_2.5_SPECIES_USA-LosAngeles_20250215T000000Z_F01_V2026p06p10.nc,-9999.0,0.0029,0.486
20250215,PM_2.5,Organic_Carbon,2.216,USA-LosAngeles-0001-35.3566N_119.0626W_1805,"Bakersfield, CA 5",35.356615,-119.062613,government,AQS,SPECIES_USA-LosAngeles-0001_,,,,US,Bakersfield,,,,,,,,,,,,,MAIA_ANC_SURFACEMONITOR_PM_2.5_SPECIES_USA-LosAngeles_20250215T000000Z_F01_V2026p06p10.nc,-9999.0,0.0123,2.2473
20250215,PM_2.5,Organic_Carbon,0.61,USA-LosAngeles-0001-36.4988N_118.8248W_1801,"Visalia-Porterville, CA 1",36.498835,-118.824821,government,AQS,SPECIES_USA-LosAngeles-0001_,,,,US,Sequoia National Park,,,,,,,,,,,,,MAIA_ANC_SURFACEMONITOR_PM_2.5_SPECIES_USA-LosAngeles_20250215T000000Z_F01_V2026p06p10.nc,-9999.0,0.0039,0.7375
20250215,PM_2.5,Organic_Carbon,3.44,USA-LosAngeles-0001-36.7854N_119.7732W_1801,"Fresno, CA 1",36.78538,-119.77321,government,AQS,SPECIES_USA-LosAngeles-0001_,,,,US,Fresno,,,,,,,,,,,,,MAIA_ANC_SURFACEMONITOR_PM_2.5_SPECIES_USA-LosAngeles_20250215T000000Z_F01_V2026p06p10.nc,-9999.0,0.0143,2.805
20250215,PM_2.5,Organic_Carbon,0.42,USA-LosAngeles-0001-37.3607N_118.3308W_1801,"Bishop, CA 1",37.360684,-118.330783,government,AQS,SPECIES_USA-LosAngeles-0001_,,,,US,Not in a City,,,,,,,,,,,,,MAIA_ANC_SURFACEMONITOR_PM_2.5_SPECIES_USA-LosAngeles_20250215T000000Z_F01_V2026p06p10.nc,-9999.0,0.0016,0.3043
20250215,PM_2.5,Organic_Carbon,0.2,USA-LosAngeles-0001-37.7133N_119.7062W_1801, 1,37.71325,-119.7062,government,AQS,SPECIES_USA-LosAngeles-0001_,,,,US,Not in a City,,,,,,,,,,,,,MAIA_ANC_SURFACEMONITOR_PM_2.5_SPECIES_USA-LosAngeles_20250215T000000Z_F01_V2026p06p10.nc,-9999.0,0.0014,0.2612
20250215,PM_2.5,Sulfate,0.33,USA-LosAngeles-0001-33.9996N_117.4160W_1805,"Riverside-San Bernardino-Ontario, CA 5",33.99958,-117.41601,government,AQS,SPECIES_USA-LosAngeles-0001_,,,,US,Rubidoux,,,,,,,,,,,,,MAIA_ANC_SURFACEMONITOR_PM_2.5_SPECIES_USA-LosAngeles_20250215T000000Z_F01_V2026p06p10.nc,-9999.0,0.0022,0.428
20250215,PM_2.5,Sulfate,0.55,USA-LosAngeles-0001-34.0666N_118.2269W_1805,"Los Angeles-Long Beach-Anaheim, CA 5",34.06659,-118.22688,government,AQS,SPECIES_USA-LosAngeles-0001_,,,,US,Los Angeles,,,,,,,,,,,,,MAIA_ANC_SURFACEMONITOR_PM_2.5_SPECIES_USA-LosAngeles_20250215T000000Z_F01_V2026p06p10.nc,-9999.0,0.0026,0.4829
20250215,PM_2.5,Sulfate,0.092,USA-LosAngeles-0001-34.1939N_116.9141W_1801,"Riverside-San Bernardino-Ontario, CA 1",34.193925,-116.914063,government,AQS,SPECIES_USA-LosAngeles-0001_,,,,US,Not in a City,,,,,,,,,,,,,MAIA_ANC_SURFACEMONITOR_PM_2.5_SPECIES_USA-LosAngeles_20250215T000000Z_F01_V2026p06p10.nc,-9999.0,0.0009,0.2194
20250215,PM_2.5,Sulfate,0.113,USA-LosAngeles-0001-34.8219N_118.8876W_1801,"Bakersfield, CA 1",34.821922,-118.887598,government,AQS,SPECIES_USA-LosAngeles-0001_,,,,US,Lebec,,,,,,,,,,,,,MAIA_ANC_SURFACEMONITOR_PM_2.5_SPECIES_USA-LosAngeles_20250215T000000Z_F01_V2026p06p10.nc,-9999.0,0.0017,0.3592
20250215,PM_2.5,Sulfate,0.45,USA-LosAngeles-0001-35.3566N_119.0626W_1805,"Bakersfield, CA 5",35.356615,-119.062613,government,AQS,SPECIES_USA-LosAngeles-0001_,,,,US,Bakersfield,,,,,,,,,,,,,MAIA_ANC_SURFACEMONITOR_PM_2.5_SPECIES_USA-LosAngeles_20250215T000000Z_F01_V2026p06p10.nc,-9999.0,0.0036,0.7107
20250215,PM_2.5,Sulfate,0.158,USA-LosAngeles-0001-36.4988N_118.8248W_1801,"Visalia-Porterville, CA 1",36.498835,-118.824821,government,AQS,SPECIES_USA-LosAngeles-0001_,,,,US,Sequoia National Park,,,,,,,,,,,,,MAIA_ANC_SURFACEMONITOR_PM_2.5_SPECIES_USA-LosAngeles_20250215T000000Z_F01_V2026p06p10.nc,-9999.0,0.0021,0.4905
20250215,PM_2.5,Sulfate,0.533,USA-LosAngeles-0001-36.7854N_119.7732W_1801,"Fresno, CA 1",36.78538,-119.77321,government,AQS,SPECIES_USA-LosAngeles-0001_,,,,US,Fresno,,,,,,,,,,,,,MAIA_ANC_SURFACEMONITOR_PM_2.5_SPECIES_USA-LosAngeles_20250215T000000Z_F01_V2026p06p10.nc,-9999.0,0.0022,0.3933
20250215,PM_2.5,Sulfate,0.18,USA-LosAngeles-0001-36.7854N_119.7732W_1805,"Fresno, CA 5",36.78538,-119.77321,government,AQS,SPECIES_USA-LosAngeles-0001_,,,,US,Fresno,,,,,,,,,,,,,MAIA_ANC_SURFACEMONITOR_PM_2.5_SPECIES_USA-LosAngeles_20250215T000000Z_F01_V2026p06p10.nc,-9999.0,0.0022,0.3885
20250215,PM_2.5,Sulfate,0.073,USA-LosAngeles-0001-37.3607N_118.3308W_1801,"Bishop, CA 1",37.360684,-118.330783,government,AQS,SPECIES_USA-LosAngeles-0001_,,,,US,Not in a City,,,,,,,,,,,,,MAIA_ANC_SURFACEMONITOR_PM_2.5_SPECIES_USA-LosAngeles_20250215T000000Z_F01_V2026p06p10.nc,-9999.0,0.0006,0.1333
20250215,PM_2.5,Sulfate,0.075,USA-LosAngeles-0001-37.7133N_119.7062W_1801, 1,37.71325,-119.7062,government,AQS,SPECIES_USA-LosAngeles-0001_,,,,US,Not in a City,,,,,,,,,,,,,MAIA_ANC_SURFACEMONITOR_PM_2.5_SPECIES_USA-LosAngeles_20250215T000000Z_F01_V2026p06p10.nc,-9999.0,0.0006,0.1146
20250216,PM_2.5,Black_Carbon,0.0,USA-LosAngeles-0001-34.1994N_118.1732W_0800,AethLabs JPL,34.19941255,-118.1732079,research,aethalometer,SPECIES_USA-LosAngeles-0001_,,,,US,Pasadena,0.0028,900.0,0.0,0.0,0.0,720.0,0.0,0.0,898.0,900.0,0.0,2.0,MAIA_ANC_SURFACEMONITOR_PM_2.5_SPECIES_USA-LosAngeles_20250216T000000Z_F01_V2026p06p10.nc,,,
20250217,PM_2.5,Black_Carbon,0.0,USA-LosAngeles-0001-34.1994N_118.1732W_0800,AethLabs JPL,34.19941255,-118.1732079,research,aethalometer,SPECIES_USA-LosAngeles-0001_,,,,US,Pasadena,0.0028,900.0,0.0,0.0,0.0,720.0,0.0,0.0,898.0,900.0,0.0,2.0,MAIA_ANC_SURFACEMONITOR_PM_2.5_SPECIES_USA-LosAngeles_20250217T000000Z_F01_V2026p06p10.nc,,,
20250218,PM_2.5,Black_Carbon,0.0,USA-LosAngeles-0001-34.1994N_118.1732W_0800,AethLabs JPL,34.19941255,-118.1732079,research,aethalometer,SPECIES_USA-LosAngeles-0001_,,,,US,Pasadena,0.0028,900.0,0.0,0.0,0.0,720.0,0.0,0.0,898.0,900.0,0.0,2.0,MAIA_ANC_SURFACEMONITOR_PM_2.5_SPECIES_USA-LosAngeles_20250218T000000Z_F01_V2026p06p10.nc,,,
20250218,PM_2.5,Dust,0.6589,USA-LosAngeles-0001-33.8306N_117.9385W_1811,"Los Angeles-Long Beach-Anaheim, CA 11",33.83062,-117.93845,government,AQS,SPECIES_USA-LosAngeles-0001_,,,,US,Anaheim,,,,,,,,,,,,,MAIA_ANC_SURFACEMONITOR_PM_2.5_SPECIES_USA-LosAngeles_20250218T000000Z_F01_V2026p06p10.nc,-9999.0,-9999.0,-9999.0
20250218,PM_2.5,Dust,0.391,USA-LosAngeles-0001-33.9996N_117.4160W_1805,"Riverside-San Bernardino-Ontario, CA 5",33.99958,-117.41601,government,AQS,SPECIES_USA-LosAngeles-0001_,,,,US,Rubidoux,,,,,,,,,,,,,MAIA_ANC_SURFACEMONITOR_PM_2.5_SPECIES_USA-LosAngeles_20250218T000000Z_F01_V2026p06p10.nc,1.0,0.5335542857142856,0.4391476895356388
20250218,PM_2.5,Dust,0.3846,USA-LosAngeles-0001-33.9996N_117.4160W_1806,"Riverside-San Bernardino-Ontario, CA 6",33.99958,-117.41601,government,AQS,SPECIES_USA-LosAngeles-0001_,,,,US,Rubidoux,,,,,,,,,,,,,MAIA_ANC_SURFACEMONITOR_PM_2.5_SPECIES_USA-LosAngeles_20250218T000000Z_F01_V2026p06p10.nc,1.0,0.47339666666666663,0.3255033153270315
20250218,PM_2.5,Dust,0.7333,USA-LosAngeles-0001-33.9996N_117.4160W_1811,"Riverside-San Bernardino-Ontario, CA 11",33.99958,-117.41601,government,AQS,SPECIES_USA-LosAngeles-0001_,,,,US,Rubidoux,,,,,,,,,,,,,MAIA_ANC_SURFACEMONITOR_PM_2.5_SPECIES_USA-LosAngeles_20250218T000000Z_F01_V2026p06p10.nc,-9999.0,-9999.0,-9999.0
20250218,PM_2.5,Dust,0.4845,USA-LosAngeles-0001-34.0666N_118.2269W_1805,"Los Angeles-Long Beach-Anaheim, CA 5",34.06659,-118.22688,government,AQS,SPECIES_USA-LosAngeles-0001_,,,,US,Los Angeles,,,,,,,,,,,,,MAIA_ANC_SURFACEMONITOR_PM_2.5_SPECIES_USA-LosAngeles_20250218T000000Z_F01_V2026p06p10.nc,1.0,0.4984655555555555,0.212759877959017
20250218,PM_2.5,Dust,0.902,USA-LosAngeles-0001-34.0666N_118.2269W_1811,"Los Angeles-Long Beach-Anaheim, CA 11",34.06659,-118.22688,government,AQS,SPECIES_USA-LosAngeles-0001_,,,,US,Los Angeles,,,,,,,,,,,,,MAIA_ANC_SURFACEMONITOR_PM_2.5_SPECIES_USA-LosAngeles_20250218T000000Z_F01_V2026p06p10.nc,-9999.0,-9999.0,-9999.0
20250218,PM_2.5,Dust,0.8196,USA-LosAngeles-0001-34.0666N_118.2269W_1812,"Los Angeles-Long Beach-Anaheim, CA 12",34.06659,-118.22688,government,AQS,SPECIES_USA-LosAngeles-0001_,,,,US,Los Angeles,,,,,,,,,,,,,MAIA_ANC_SURFACEMONITOR_PM_2.5_SPECIES_USA-LosAngeles_20250218T000000Z_F01_V2026p06p10.nc,-9999.0,-9999.0,-9999.0
20250218,PM_2.5,Dust,1.0044,USA-LosAngeles-0001-34.1000N_117.4920W_1811,"Riverside-San Bernardino-Ontario, CA 11",34.10002,-117.49201,government,AQS,SPECIES_USA-LosAngeles-0001_,,,,US,Fontana,,,,,,,,,,,,,MAIA_ANC_SURFACEMONITOR_PM_2.5_SPECIES_USA-LosAngeles_20250218T000000Z_F01_V2026p06p10.nc,-9999.0,-9999.0,-9999.0
20250218,PM_2.5,Dust,0.2571,USA-LosAngeles-0001-34.1939N_116.9141W_1801,"Riverside-San Bernardino-Ontario, CA 1",34.193925,-116.914063,government,AQS,SPECIES_USA-LosAngeles-0001_,,,,US,Not in a City,,,,,,,,,,,,,MAIA_ANC_SURFACEMONITOR_PM_2.5_SPECIES_USA-LosAngeles_20250218T000000Z_F01_V2026p06p10.nc,1.0,0.14613428571428572,0.10679221919986799
20250218,PM_2.5,Dust,1.0202,USA-LosAngeles-0001-34.1994N_118.1732W_1700,jpl,34.199433,-118.17317,research,amod-speciated,SPECIES_USA-LosAngeles-0001_,,,,US,Pasadena,,,,,,,,,,,,,MAIA_ANC_SURFACEMONITOR_PM_2.5_SPECIES_USA-LosAngeles_20250218T000000Z_F01_V2026p06p10.nc,-9999.0,-9999.0,-9999.0
20250218,PM_2.5,Dust,0.1453,USA-LosAngeles-0001-34.8219N_118.8876W_1801,"Bakersfield, CA 1",34.821922,-118.887598,government,AQS,SPECIES_USA-LosAngeles-0001_,,,,US,Lebec,,,,,,,,,,,,,MAIA_ANC_SURFACEMONITOR_PM_2.5_SPECIES_USA-LosAngeles_20250218T000000Z_F01_V2026p06p10.nc,1.0,0.07655555555555556,0.07200214674440249
20250218,PM_2.5,Dust,0.4319,USA-LosAngeles-0001-35.3566N_119.0626W_1806,"Bakersfield, CA 6",35.356615,-119.062613,government,AQS,SPECIES_USA-LosAngeles-0001_,,,,US,Bakersfield,,,,,,,,,,,,,MAIA_ANC_SURFACEMONITOR_PM_2.5_SPECIES_USA-LosAngeles_20250218T000000Z_F01_V2026p06p10.nc,1.0,0.4046825,0.1980854195006538
20250218,PM_2.5,Dust,0.7741,USA-LosAngeles-0001-36.3081N_119.3129W_1805,N/A,36.30815,-119.3129,government,AQS,SPECIES_USA-LosAngeles-0001_,,,,US,N/A,,,,,,,,,,,,,MAIA_ANC_SURFACEMONITOR_PM_2.5_SPECIES_USA-LosAngeles_20250218T000000Z_F01_V2026p06p10.nc,1.0,0.45836249999999995,0.16745886455709053
20250218,PM_2.5,Dust,0.1623,USA-LosAngeles-0001-36.4988N_118.8248W_1801,"Visalia-Porterville, CA 1",36.498835,-118.824821,government,AQS,SPECIES_USA-LosAngeles-0001_,,,,US,Sequoia National Park,,,,,,,,,,,,,MAIA_ANC_SURFACEMONITOR_PM_2.5_SPECIES_USA-LosAngeles_20250218T000000Z_F01_V2026p06p10.nc,1.0,0.13345222222222222,0.13697935495522898
20250218,PM_2.5,Dust,0.409,USA-LosAngeles-0001-36.7854N_119.7732W_1801,"Fresno, CA 1",36.78538,-119.77321,government,AQS,SPECIES_USA-LosAngeles-0001_,,,,US,Fresno,,,,,,,,,,,,,MAIA_ANC_SURFACEMONITOR_PM_2.5_SPECIES_USA-LosAngeles_20250218T000000Z_F01_V2026p06p10.nc,1.0,0.37292777777777775,0.23853420773911738
20250218,PM_2.5,Dust,0.1464,USA-LosAngeles-0001-37.3607N_118.3308W_1801,"Bishop, CA 1",37.360684,-118.330783,government,AQS,SPECIES_USA-LosAngeles-0001_,,,,US,Not in a City,,,,,,,,,,,,,MAIA_ANC_SURFACEMONITOR_PM_2.5_SPECIES_USA-LosAngeles_20250218T000000Z_F01_V2026p06p10.nc,1.0,0.26677125,0.2548114590455804
20250218,PM_2.5,Dust,0.1019,USA-LosAngeles-0001-37.7133N_119.7062W_1801, 1,37.71325,-119.7062,government,AQS,SPECIES_USA-LosAngeles-0001_,,,,US,Not in a City,,,,,,,,,,,,,MAIA_ANC_SURFACEMONITOR_PM_2.5_SPECIES_USA-LosAngeles_20250218T000000Z_F01_V2026p06p10.nc,1.0,0.10346777777777778,0.1328911452428288
20250218,PM_2.5,Dust,0.0952,USA-LosAngeles-0001-37.7133N_119.7062W_1802, 2,37.71325,-119.7062,government,AQS,SPECIES_USA-LosAngeles-0001_,,,,US,Not in a City,,,,,,,,,,,,,MAIA_ANC_SURFACEMONITOR_PM_2.5_SPECIES_USA-LosAngeles_20250218T000000Z_F01_V2026p06p10.nc,-9999.0,-9999.0,-9999.0
20250218,PM_2.5,Elemental_Carbon,0.54,USA-LosAngeles-0001-33.9996N_117.4160W_1805,"Riverside-San Bernardino-Ontario, CA 5",33.99958,-117.41601,government,AQS,SPECIES_USA-LosAngeles-0001_,,,,US,Rubidoux,,,,,,,,,,,,,MAIA_ANC_SURFACEMONITOR_PM_2.5_SPECIES_USA-LosAngeles_20250218T000000Z_F01_V2026p06p10.nc,-9999.0,0.0044,0.7836
20250218,PM_2.5,Elemental_Carbon,0.457,USA-LosAngeles-0001-33.9996N_117.4160W_1806,"Riverside-San Bernardino-Ontario, CA 6",33.99958,-117.41601,government,AQS,SPECIES_USA-LosAngeles-0001_,,,,US,Rubidoux,,,,,,,,,,,,,MAIA_ANC_SURFACEMONITOR_PM_2.5_SPECIES_USA-LosAngeles_20250218T000000Z_F01_V2026p06p10.nc,-9999.0,0.0025,0.9738
20250218,PM_2.5,Elemental_Carbon,0.05,USA-LosAngeles-0001-34.1939N_116.9141W_1801,"Riverside-San Bernardino-Ontario, CA 1",34.193925,-116.914063,government,AQS,SPECIES_USA-LosAngeles-0001_,,,,US,Not in a City,,,,,,,,,,,,,MAIA_ANC_SURFACEMONITOR_PM_2.5_SPECIES_USA-LosAngeles_20250218T000000Z_F01_V2026p06p10.nc,-9999.0,0.0003,0.0594
20250218,PM_2.5,Elemental_Carbon,0.11,USA-LosAngeles-0001-34.8219N_118.8876W_1801,"Bakersfield, CA 1",34.821922,-118.887598,government,AQS,SPECIES_USA-LosAngeles-0001_,,,,US,Lebec,,,,,,,,,,,,,MAIA_ANC_SURFACEMONITOR_PM_2.5_SPECIES_USA-LosAngeles_20250218T000000Z_F01_V2026p06p10.nc,-9999.0,0.0005,0.0804
20250218,PM_2.5,Elemental_Carbon,0.516,USA-LosAngeles-0001-35.3566N_119.0626W_1806,"Bakersfield, CA 6",35.356615,-119.062613,government,AQS,SPECIES_USA-LosAngeles-0001_,,,,US,Bakersfield,,,,,,,,,,,,,MAIA_ANC_SURFACEMONITOR_PM_2.5_SPECIES_USA-LosAngeles_20250218T000000Z_F01_V2026p06p10.nc,-9999.0,0.0019,0.8284
20250218,PM_2.5,Elemental_Carbon,0.16,USA-LosAngeles-0001-36.4988N_118.8248W_1801,"Visalia-Porterville, CA 1",36.498835,-118.824821,government,AQS,SPECIES_USA-LosAngeles-0001_,,,,US,Sequoia National Park,,,,,,,,,,,,,MAIA_ANC_SURFACEMONITOR_PM_2.5_SPECIES_USA-LosAngeles_20250218T000000Z_F01_V2026p06p10.nc,-9999.0,0.0006,0.1244
20250218,PM_2.5,Elemental_Carbon,0.4,USA-LosAngeles-0001-36.7854N_119.7732W_1801,"Fresno, CA 1",36.78538,-119.77321,government,AQS,SPECIES_USA-LosAngeles-0001_,,,,US,Fresno,,,,,,,,,,,,,MAIA_ANC_SURFACEMONITOR_PM_2.5_SPECIES_USA-LosAngeles_20250218T000000Z_F01_V2026p06p10.nc,-9999.0,0.0039,0.7508
20250218,PM_2.5,Elemental_Carbon,0.08,USA-LosAngeles-0001-37.3607N_118.3308W_1801,"Bishop, CA 1",37.360684,-118.330783,government,AQS,SPECIES_USA-LosAngeles-0001_,,,,US,Not in a City,,,,,,,,,,,,,MAIA_ANC_SURFACEMONITOR_PM_2.5_SPECIES_USA-LosAngeles_20250218T000000Z_F01_V2026p06p10.nc,-9999.0,0.0002,0.0513
20250218,PM_2.5,Elemental_Carbon,0.09,USA-LosAngeles-0001-37.7133N_119.7062W_1801, 1,37.71325,-119.7062,government,AQS,SPECIES_USA-LosAngeles-0001_,,,,US,Not in a City,,,,,,,,,,,,,MAIA_ANC_SURFACEMONITOR_PM_2.5_SPECIES_USA-LosAngeles_20250218T000000Z_F01_V2026p06p10.nc,-9999.0,0.0001,0.0276
20250218,PM_2.5,Nitrate,2.83,USA-LosAngeles-0001-33.8306N_117.9385W_1811,"Los Angeles-Long Beach-Anaheim, CA 11",33.83062,-117.93845,government,AQS,SPECIES_USA-LosAngeles-0001_,,,,US,Anaheim,,,,,,,,,,,,,MAIA_ANC_SURFACEMONITOR_PM_2.5_SPECIES_USA-LosAngeles_20250218T000000Z_F01_V2026p06p10.nc,-9999.0,0.0,
20250218,PM_2.5,Nitrate,4.4,USA-LosAngeles-0001-33.9996N_117.4160W_1805,"Riverside-San Bernardino-Ontario, CA 5",33.99958,-117.41601,government,AQS,SPECIES_USA-LosAngeles-0001_,,,,US,Rubidoux,,,,,,,,,,,,,MAIA_ANC_SURFACEMONITOR_PM_2.5_SPECIES_USA-LosAngeles_20250218T000000Z_F01_V2026p06p10.nc,-9999.0,0.0154,3.146
20250218,PM_2.5,Nitrate,4.37,USA-LosAngeles-0001-33.9996N_117.4160W_1806,"Riverside-San Bernardino-Ontario, CA 6",33.99958,-117.41601,government,AQS,SPECIES_USA-LosAngeles-0001_,,,,US,Rubidoux,,,,,,,,,,,,,MAIA_ANC_SURFACEMONITOR_PM_2.5_SPECIES_USA-LosAngeles_20250218T000000Z_F01_V2026p06p10.nc,-9999.0,0.005,2.0509
20250218,PM_2.5,Nitrate,5.04,USA-LosAngeles-0001-33.9996N_117.4160W_1811,"Riverside-San Bernardino-Ontario, CA 11",33.99958,-117.41601,government,AQS,SPECIES_USA-LosAngeles-0001_,,,,US,Rubidoux,,,,,,,,,,,,,MAIA_ANC_SURFACEMONITOR_PM_2.5_SPECIES_USA-LosAngeles_20250218T000000Z_F01_V2026p06p10.nc,-9999.0,0.0,
20250218,PM_2.5,Nitrate,4.03,USA-LosAngeles-0001-34.0666N_118.2269W_1805,"Los Angeles-Long Beach-Anaheim, CA 5",34.06659,-118.22688,government,AQS,SPECIES_USA-LosAngeles-0001_,,,,US,Los Angeles,,,,,,,,,,,,,MAIA_ANC_SURFACEMONITOR_PM_2.5_SPECIES_USA-LosAngeles_20250218T000000Z_F01_V2026p06p10.nc,-9999.0,0.0147,2.8314
20250218,PM_2.5,Nitrate,3.43,USA-LosAngeles-0001-34.0666N_118.2269W_1811,"Los Angeles-Long Beach-Anaheim, CA 11",34.06659,-118.22688,government,AQS,SPECIES_USA-LosAngeles-0001_,,,,US,Los Angeles,,,,,,,,,,,,,MAIA_ANC_SURFACEMONITOR_PM_2.5_SPECIES_USA-LosAngeles_20250218T000000Z_F01_V2026p06p10.nc,-9999.0,0.0,
20250218,PM_2.5,Nitrate,3.79,USA-LosAngeles-0001-34.0666N_118.2269W_1812,"Los Angeles-Long Beach-Anaheim, CA 12",34.06659,-118.22688,government,AQS,SPECIES_USA-LosAngeles-0001_,,,,US,Los Angeles,,,,,,,,,,,,,MAIA_ANC_SURFACEMONITOR_PM_2.5_SPECIES_USA-LosAngeles_20250218T000000Z_F01_V2026p06p10.nc,-9999.0,0.0,
20250218,PM_2.5,Nitrate,4.19,USA-LosAngeles-0001-34.1000N_117.4920W_1811,"Riverside-San Bernardino-Ontario, CA 11",34.10002,-117.49201,government,AQS,SPECIES_USA-LosAngeles-0001_,,,,US,Fontana,,,,,,,,,,,,,MAIA_ANC_SURFACEMONITOR_PM_2.5_SPECIES_USA-LosAngeles_20250218T000000Z_F01_V2026p06p10.nc,-9999.0,0.0,
20250218,PM_2.5,Nitrate,0.424,USA-LosAngeles-0001-34.1939N_116.9141W_1801,"Riverside-San Bernardino-Ontario, CA 1",34.193925,-116.914063,government,AQS,SPECIES_USA-LosAngeles-0001_,,,,US,Not in a City,,,,,,,,,,,,,MAIA_ANC_SURFACEMONITOR_PM_2.5_SPECIES_USA-LosAngeles_20250218T000000Z_F01_V2026p06p10.nc,-9999.0,0.0025,0.7785
20250218,PM_2.5,Nitrate,1.064,USA-LosAngeles-0001-34.8219N_118.8876W_1801,"Bakersfield, CA 1",34.821922,-118.887598,government,AQS,SPECIES_USA-LosAngeles-0001_,,,,US,Lebec,,,,,,,,,,,,,MAIA_ANC_SURFACEMONITOR_PM_2.5_SPECIES_USA-LosAngeles_20250218T000000Z_F01_V2026p06p10.nc,-9999.0,0.0014,0.3972
20250218,PM_2.5,Nitrate,2.32,USA-LosAngeles-0001-35.3566N_119.0626W_1806,"Bakersfield, CA 6",35.356615,-119.062613,government,AQS,SPECIES_USA-LosAngeles-0001_,,,,US,Bakersfield,,,,,,,,,,,,,MAIA_ANC_SURFACEMONITOR_PM_2.5_SPECIES_USA-LosAngeles_20250218T000000Z_F01_V2026p06p10.nc,-9999.0,0.0074,3.5057
20250218,PM_2.5,Nitrate,4.45,USA-LosAngeles-0001-36.3081N_119.3129W_1805,N/A,36.30815,-119.3129,government,AQS,SPECIES_USA-LosAngeles-0001_,,,,US,N/A,,,,,,,,,,,,,MAIA_ANC_SURFACEMONITOR_PM_2.5_SPECIES_USA-LosAngeles_20250218T000000Z_F01_V2026p06p10.nc,-9999.0,0.0086,4.081
20250218,PM_2.5,Nitrate,1.107,USA-LosAngeles-0001-36.4988N_118.8248W_1801,"Visalia-Porterville, CA 1",36.498835,-118.824821,government,AQS,SPECIES_USA-LosAngeles-0001_,,,,US,Sequoia National Park,,,,,,,,,,,,,MAIA_ANC_SURFACEMONITOR_PM_2.5_SPECIES_USA-LosAngeles_20250218T000000Z_F01_V2026p06p10.nc,-9999.0,0.0027,0.9374
20250218,PM_2.5,Nitrate,2.076,USA-LosAngeles-0001-36.7854N_119.7732W_1801,"Fresno, CA 1",36.78538,-119.77321,government,AQS,SPECIES_USA-LosAngeles-0001_,,,,US,Fresno,,,,,,,,,,,,,MAIA_ANC_SURFACEMONITOR_PM_2.5_SPECIES_USA-LosAngeles_20250218T000000Z_F01_V2026p06p10.nc,-9999.0,0.0084,1.6066
20250218,PM_2.5,Nitrate,0.06,USA-LosAngeles-0001-37.3607N_118.3308W_1801,"Bishop, CA 1",37.360684,-118.330783,government,AQS,SPECIES_USA-LosAngeles-0001_,,,,US,Not in a City,,,,,,,,,,,,,MAIA_ANC_SURFACEMONITOR_PM_2.5_SPECIES_USA-LosAngeles_20250218T000000Z_F01_V2026p06p10.nc,-9999.0,0.0002,0.0455
20250218,PM_2.5,Nitrate,0.101,USA-LosAngeles-0001-37.7133N_119.7062W_1801, 1,37.71325,-119.7062,government,AQS,SPECIES_USA-LosAngeles-0001_,,,,US,Not in a City,,,,,,,,,,,,,MAIA_ANC_SURFACEMONITOR_PM_2.5_SPECIES_USA-LosAngeles_20250218T000000Z_F01_V2026p06p10.nc,-9999.0,0.0003,0.0634
20250218,PM_2.5,Organic_Carbon,2.069,USA-LosAngeles-0001-33.9996N_117.4160W_1805,"Riverside-San Bernardino-Ontario, CA 5",33.99958,-117.41601,government,AQS,SPECIES_USA-LosAngeles-0001_,,,,US,Rubidoux,,,,,,,,,,,,,MAIA_ANC_SURFACEMONITOR_PM_2.5_SPECIES_USA-LosAngeles_20250218T000000Z_F01_V2026p06p10.nc,-9999.0,0.0119,2.0149
20250218,PM_2.5,Organic_Carbon,2.096,USA-LosAngeles-0001-33.9996N_117.4160W_1806,"Riverside-San Bernardino-Ontario, CA 6",33.99958,-117.41601,government,AQS,SPECIES_USA-LosAngeles-0001_,,,,US,Rubidoux,,,,,,,,,,,,,MAIA_ANC_SURFACEMONITOR_PM_2.5_SPECIES_USA-LosAngeles_20250218T000000Z_F01_V2026p06p10.nc,-9999.0,0.0063,2.3984
20250218,PM_2.5,Organic_Carbon,0.34,USA-LosAngeles-0001-34.1939N_116.9141W_1801,"Riverside-San Bernardino-Ontario, CA 1",34.193925,-116.914063,government,AQS,SPECIES_USA-LosAngeles-0001_,,,,US,Not in a City,,,,,,,,,,,,,MAIA_ANC_SURFACEMONITOR_PM_2.5_SPECIES_USA-LosAngeles_20250218T000000Z_F01_V2026p06p10.nc,-9999.0,0.0016,0.362
20250218,PM_2.5,Organic_Carbon,0.83,USA-LosAngeles-0001-34.8219N_118.8876W_1801,"Bakersfield, CA 1",34.821922,-118.887598,government,AQS,SPECIES_USA-LosAngeles-0001_,,,,US,Lebec,,,,,,,,,,,,,MAIA_ANC_SURFACEMONITOR_PM_2.5_SPECIES_USA-LosAngeles_20250218T000000Z_F01_V2026p06p10.nc,-9999.0,0.0029,0.486
20250218,PM_2.5,Organic_Carbon,1.67,USA-LosAngeles-0001-35.3566N_119.0626W_1806,"Bakersfield, CA 6",35.356615,-119.062613,government,AQS,SPECIES_USA-LosAngeles-0001_,,,,US,Bakersfield,,,,,,,,,,,,,MAIA_ANC_SURFACEMONITOR_PM_2.5_SPECIES_USA-LosAngeles_20250218T000000Z_F01_V2026p06p10.nc,-9999.0,0.0074,3.1274
20250218,PM_2.5,Organic_Carbon,1.14,USA-LosAngeles-0001-36.4988N_118.8248W_1801,"Visalia-Porterville, CA 1",36.498835,-118.824821,government,AQS,SPECIES_USA-LosAngeles-0001_,,,,US,Sequoia National Park,,,,,,,,,,,,,MAIA_ANC_SURFACEMONITOR_PM_2.5_SPECIES_USA-LosAngeles_20250218T000000Z_F01_V2026p06p10.nc,-9999.0,0.0039,0.7375
20250218,PM_2.5,Organic_Carbon,1.98,USA-LosAngeles-0001-36.7854N_119.7732W_1801,"Fresno, CA 1",36.78538,-119.77321,government,AQS,SPECIES_USA-LosAngeles-0001_,,,,US,Fresno,,,,,,,,,,,,,MAIA_ANC_SURFACEMONITOR_PM_2.5_SPECIES_USA-LosAngeles_20250218T000000Z_F01_V2026p06p10.nc,-9999.0,0.0143,2.805
20250218,PM_2.5,Organic_Carbon,0.28,USA-LosAngeles-0001-37.3607N_118.3308W_1801,"Bishop, CA 1",37.360684,-118.330783,government,AQS,SPECIES_USA-LosAngeles-0001_,,,,US,Not in a City,,,,,,,,,,,,,MAIA_ANC_SURFACEMONITOR_PM_2.5_SPECIES_USA-LosAngeles_20250218T000000Z_F01_V2026p06p10.nc,-9999.0,0.0016,0.3043
20250218,PM_2.5,Organic_Carbon,0.59,USA-LosAngeles-0001-37.7133N_119.7062W_1801, 1,37.71325,-119.7062,government,AQS,SPECIES_USA-LosAngeles-0001_,,,,US,Not in a City,,,,,,,,,,,,,MAIA_ANC_SURFACEMONITOR_PM_2.5_SPECIES_USA-LosAngeles_20250218T000000Z_F01_V2026p06p10.nc,-9999.0,0.0014,0.2612
20250218,PM_2.5,Sulfate,1.06,USA-LosAngeles-0001-33.8306N_117.9385W_1811,"Los Angeles-Long Beach-Anaheim, CA 11",33.83062,-117.93845,government,AQS,SPECIES_USA-LosAngeles-0001_,,,,US,Anaheim,,,,,,,,,,,,,MAIA_ANC_SURFACEMONITOR_PM_2.5_SPECIES_USA-LosAngeles_20250218T000000Z_F01_V2026p06p10.nc,-9999.0,0.0,
20250218,PM_2.5,Sulfate,0.99,USA-LosAngeles-0001-33.9996N_117.4160W_1805,"Riverside-San Bernardino-Ontario, CA 5",33.99958,-117.41601,government,AQS,SPECIES_USA-LosAngeles-0001_,,,,US,Rubidoux,,,,,,,,,,,,,MAIA_ANC_SURFACEMONITOR_PM_2.5_SPECIES_USA-LosAngeles_20250218T000000Z_F01_V2026p06p10.nc,-9999.0,0.0022,0.428
20250218,PM_2.5,Sulfate,0.97,USA-LosAngeles-0001-33.9996N_117.4160W_1806,"Riverside-San Bernardino-Ontario, CA 6",33.99958,-117.41601,government,AQS,SPECIES_USA-LosAngeles-0001_,,,,US,Rubidoux,,,,,,,,,,,,,MAIA_ANC_SURFACEMONITOR_PM_2.5_SPECIES_USA-LosAngeles_20250218T000000Z_F01_V2026p06p10.nc,-9999.0,0.0008,0.3458
20250218,PM_2.5,Sulfate,0.98,USA-LosAngeles-0001-33.9996N_117.4160W_1811,"Riverside-San Bernardino-Ontario, CA 11",33.99958,-117.41601,government,AQS,SPECIES_USA-LosAngeles-0001_,,,,US,Rubidoux,,,,,,,,,,,,,MAIA_ANC_SURFACEMONITOR_PM_2.5_SPECIES_USA-LosAngeles_20250218T000000Z_F01_V2026p06p10.nc,-9999.0,0.0,
20250218,PM_2.5,Sulfate,1.22,USA-LosAngeles-0001-34.0666N_118.2269W_1805,"Los Angeles-Long Beach-Anaheim, CA 5",34.06659,-118.22688,government,AQS,SPECIES_USA-LosAngeles-0001_,,,,US,Los Angeles,,,,,,,,,,,,,MAIA_ANC_SURFACEMONITOR_PM_2.5_SPECIES_USA-LosAngeles_20250218T000000Z_F01_V2026p06p10.nc,-9999.0,0.0026,0.4829
20250218,PM_2.5,Sulfate,1.12,USA-LosAngeles-0001-34.0666N_118.2269W_1811,"Los Angeles-Long Beach-Anaheim, CA 11",34.06659,-118.22688,government,AQS,SPECIES_USA-LosAngeles-0001_,,,,US,Los Angeles,,,,,,,,,,,,,MAIA_ANC_SURFACEMONITOR_PM_2.5_SPECIES_USA-LosAngeles_20250218T000000Z_F01_V2026p06p10.nc,-9999.0,0.0,
20250218,PM_2.5,Sulfate,1.05,USA-LosAngeles-0001-34.0666N_118.2269W_1812,"Los Angeles-Long Beach-Anaheim, CA 12",34.06659,-118.22688,government,AQS,SPECIES_USA-LosAngeles-0001_,,,,US,Los Angeles,,,,,,,,,,,,,MAIA_ANC_SURFACEMONITOR_PM_2.5_SPECIES_USA-LosAngeles_20250218T000000Z_F01_V2026p06p10.nc,-9999.0,0.0,
20250218,PM_2.5,Sulfate,0.9,USA-LosAngeles-0001-34.1000N_117.4920W_1811,"Riverside-San Bernardino-Ontario, CA 11",34.10002,-117.49201,government,AQS,SPECIES_USA-LosAngeles-0001_,,,,US,Fontana,,,,,,,,,,,,,MAIA_ANC_SURFACEMONITOR_PM_2.5_SPECIES_USA-LosAngeles_20250218T000000Z_F01_V2026p06p10.nc,-9999.0,0.0,
20250218,PM_2.5,Sulfate,0.28,USA-LosAngeles-0001-34.1939N_116.9141W_1801,"Riverside-San Bernardino-Ontario, CA 1",34.193925,-116.914063,government,AQS,SPECIES_USA-LosAngeles-0001_,,,,US,Not in a City,,,,,,,,,,,,,MAIA_ANC_SURFACEMONITOR_PM_2.5_SPECIES_USA-LosAngeles_20250218T000000Z_F01_V2026p06p10.nc,-9999.0,0.0009,0.2194
20250218,PM_2.5,Sulfate,0.66,USA-LosAngeles-0001-34.8219N_118.8876W_1801,"Bakersfield, CA 1",34.821922,-118.887598,government,AQS,SPECIES_USA-LosAngeles-0001_,,,,US,Lebec,,,,,,,,,,,,,MAIA_ANC_SURFACEMONITOR_PM_2.5_SPECIES_USA-LosAngeles_20250218T000000Z_F01_V2026p06p10.nc,-9999.0,0.0017,0.3592
20250218,PM_2.5,Sulfate,0.51,USA-LosAngeles-0001-35.3566N_119.0626W_1806,"Bakersfield, CA 6",35.356615,-119.062613,government,AQS,SPECIES_USA-LosAngeles-0001_,,,,US,Bakersfield,,,,,,,,,,,,,MAIA_ANC_SURFACEMONITOR_PM_2.5_SPECIES_USA-LosAngeles_20250218T000000Z_F01_V2026p06p10.nc,-9999.0,0.0017,0.7843
20250218,PM_2.5,Sulfate,0.75,USA-LosAngeles-0001-36.3081N_119.3129W_1805,N/A,36.30815,-119.3129,government,AQS,SPECIES_USA-LosAngeles-0001_,,,,US,N/A,,,,,,,,,,,,,MAIA_ANC_SURFACEMONITOR_PM_2.5_SPECIES_USA-LosAngeles_20250218T000000Z_F01_V2026p06p10.nc,-9999.0,0.0017,0.7715
20250218,PM_2.5,Sulfate,0.728,USA-LosAngeles-0001-36.4988N_118.8248W_1801,"Visalia-Porterville, CA 1",36.498835,-118.824821,government,AQS,SPECIES_USA-LosAngeles-0001_,,,,US,Sequoia National Park,,,,,,,,,,,,,MAIA_ANC_SURFACEMONITOR_PM_2.5_SPECIES_USA-LosAngeles_20250218T000000Z_F01_V2026p06p10.nc,-9999.0,0.0021,0.4905
20250218,PM_2.5,Sulfate,0.487,USA-LosAngeles-0001-36.7854N_119.7732W_1801,"Fresno, CA 1",36.78538,-119.77321,government,AQS,SPECIES_USA-LosAngeles-0001_,,,,US,Fresno,,,,,,,,,,,,,MAIA_ANC_SURFACEMONITOR_PM_2.5_SPECIES_USA-LosAngeles_20250218T000000Z_F01_V2026p06p10.nc,-9999.0,0.0022,0.3933
20250218,PM_2.5,Sulfate,0.135,USA-LosAngeles-0001-37.3607N_118.3308W_1801,"Bishop, CA 1",37.360684,-118.330783,government,AQS,SPECIES_USA-LosAngeles-0001_,,,,US,Not in a City,,,,,,,,,,,,,MAIA_ANC_SURFACEMONITOR_PM_2.5_SPECIES_USA-LosAngeles_20250218T000000Z_F01_V2026p06p10.nc,-9999.0,0.0006,0.1333
20250218,PM_2.5,Sulfate,0.152,USA-LosAngeles-0001-37.7133N_119.7062W_1801, 1,37.71325,-119.7062,government,AQS,SPECIES_USA-LosAngeles-0001_,,,,US,Not in a City,,,,,,,,,,,,,MAIA_ANC_SURFACEMONITOR_PM_2.5_SPECIES_USA-LosAngeles_20250218T000000Z_F01_V2026p06p10.nc,-9999.0,0.0006,0.1146
20250219,PM_2.5,Black_Carbon,0.0,USA-LosAngeles-0001-34.1994N_118.1732W_0800,AethLabs JPL,34.19941255,-118.1732079,research,aethalometer,SPECIES_USA-LosAngeles-0001_,,,,US,Pasadena,0.0028,900.0,0.0,0.0,0.0,720.0,0.0,0.0,898.0,900.0,0.0,2.0,MAIA_ANC_SURFACEMONITOR_PM_2.5_SPECIES_USA-LosAngeles_20250219T000000Z_F01_V2026p06p10.nc,,,
20250219,PM_2.5,Dust,0.6889,USA-LosAngeles-0001-35.3566N_119.0626W_1805,"Bakersfield, CA 5",35.356615,-119.062613,government,AQS,SPECIES_USA-LosAngeles-0001_,,,,US,Bakersfield,,,,,,,,,,,,,MAIA_ANC_SURFACEMONITOR_PM_2.5_SPECIES_USA-LosAngeles_20250219T000000Z_F01_V2026p06p10.nc,1.0,0.48866500000000007,0.38425013796354063
20250219,PM_2.5,Dust,0.2656,USA-LosAngeles-0001-36.7854N_119.7732W_1805,"Fresno, CA 5",36.78538,-119.77321,government,AQS,SPECIES_USA-LosAngeles-0001_,,,,US,Fresno,,,,,,,,,,,,,MAIA_ANC_SURFACEMONITOR_PM_2.5_SPECIES_USA-LosAngeles_20250219T000000Z_F01_V2026p06p10.nc,1.0,0.4019425000000001,0.2987723993590272
20250219,PM_2.5,Elemental_Carbon,0.971,USA-LosAngeles-0001-35.3566N_119.0626W_1805,"Bakersfield, CA 5",35.356615,-119.062613,government,AQS,SPECIES_USA-LosAngeles-0001_,,,,US,Bakersfield,,,,,,,,,,,,,MAIA_ANC_SURFACEMONITOR_PM_2.5_SPECIES_USA-LosAngeles_20250219T000000Z_F01_V2026p06p10.nc,-9999.0,0.0034,0.6519
20250219,PM_2.5,Nitrate,4.16,USA-LosAngeles-0001-35.3566N_119.0626W_1805,"Bakersfield, CA 5",35.356615,-119.062613,government,AQS,SPECIES_USA-LosAngeles-0001_,,,,US,Bakersfield,,,,,,,,,,,,,MAIA_ANC_SURFACEMONITOR_PM_2.5_SPECIES_USA-LosAngeles_20250219T000000Z_F01_V2026p06p10.nc,-9999.0,0.0135,2.9251
20250219,PM_2.5,Nitrate,3.77,USA-LosAngeles-0001-36.7854N_119.7732W_1805,"Fresno, CA 5",36.78538,-119.77321,government,AQS,SPECIES_USA-LosAngeles-0001_,,,,US,Fresno,,,,,,,,,,,,,MAIA_ANC_SURFACEMONITOR_PM_2.5_SPECIES_USA-LosAngeles_20250219T000000Z_F01_V2026p06p10.nc,-9999.0,0.0089,1.7027
20250219,PM_2.5,Organic_Carbon,2.491,USA-LosAngeles-0001-35.3566N_119.0626W_1805,"Bakersfield, CA 5",35.356615,-119.062613,government,AQS,SPECIES_USA-LosAngeles-0001_,,,,US,Bakersfield,,,,,,,,,,,,,MAIA_ANC_SURFACEMONITOR_PM_2.5_SPECIES_USA-LosAngeles_20250219T000000Z_F01_V2026p06p10.nc,-9999.0,0.0123,2.2473
20250219,PM_2.5,Sulfate,0.83,USA-LosAngeles-0001-35.3566N_119.0626W_1805,"Bakersfield, CA 5",35.356615,-119.062613,government,AQS,SPECIES_USA-LosAngeles-0001_,,,,US,Bakersfield,,,,,,,,,,,,,MAIA_ANC_SURFACEMONITOR_PM_2.5_SPECIES_USA-LosAngeles_20250219T000000Z_F01_V2026p06p10.nc,-9999.0,0.0036,0.7107
20250219,PM_2.5,Sulfate,0.94,USA-LosAngeles-0001-36.7854N_119.7732W_1805,"Fresno, CA 5",36.78538,-119.77321,government,AQS,SPECIES_USA-LosAngeles-0001_,,,,US,Fresno,,,,,,,,,,,,,MAIA_ANC_SURFACEMONITOR_PM_2.5_SPECIES_USA-LosAngeles_20250219T000000Z_F01_V2026p06p10.nc,-9999.0,0.0022,0.3885
20250220,PM_2.5,Black_Carbon,0.0,USA-LosAngeles-0001-34.1994N_118.1732W_0800,AethLabs JPL,34.19941255,-118.1732079,research,aethalometer,SPECIES_USA-LosAngeles-0001_,,,,US,Pasadena,0.0028,900.0,0.0,0.0,0.0,720.0,0.0,0.0,898.0,900.0,0.0,2.0,MAIA_ANC_SURFACEMONITOR_PM_2.5_SPECIES_USA-LosAngeles_20250220T000000Z_F01_V2026p06p10.nc,,,
20250221,PM_2.5,Black_Carbon,0.0,USA-LosAngeles-0001-34.1994N_118.1732W_0800,AethLabs JPL,34.19941255,-118.1732079,research,aethalometer,SPECIES_USA-LosAngeles-0001_,,,,US,Pasadena,0.0028,926.0,0.0,16.0,0.0,720.0,0.0,0.0,908.0,926.0,0.0,2.0,MAIA_ANC_SURFACEMONITOR_PM_2.5_SPECIES_USA-LosAngeles_20250221T000000Z_F01_V2026p06p10.nc,,,
20250221,PM_2.5,Dust,0.4769,USA-LosAngeles-0001-33.9996N_117.4160W_1805,"Riverside-San Bernardino-Ontario, CA 5",33.99958,-117.41601,government,AQS,SPECIES_USA-LosAngeles-0001_,,,,US,Rubidoux,,,,,,,,,,,,,MAIA_ANC_SURFACEMONITOR_PM_2.5_SPECIES_USA-LosAngeles_20250221T000000Z_F01_V2026p06p10.nc,1.0,0.5335542857142856,0.4391476895356388
20250221,PM_2.5,Dust,0.9267,USA-LosAngeles-0001-34.0666N_118.2269W_1805,"Los Angeles-Long Beach-Anaheim, CA 5",34.06659,-118.22688,government,AQS,SPECIES_USA-LosAngeles-0001_,,,,US,Los Angeles,,,,,,,,,,,,,MAIA_ANC_SURFACEMONITOR_PM_2.5_SPECIES_USA-LosAngeles_20250221T000000Z_F01_V2026p06p10.nc,1.0,0.4984655555555555,0.212759877959017
20250221,PM_2.5,Dust,0.2039,USA-LosAngeles-0001-34.1939N_116.9141W_1801,"Riverside-San Bernardino-Ontario, CA 1",34.193925,-116.914063,government,AQS,SPECIES_USA-LosAngeles-0001_,,,,US,Not in a City,,,,,,,,,,,,,MAIA_ANC_SURFACEMONITOR_PM_2.5_SPECIES_USA-LosAngeles_20250221T000000Z_F01_V2026p06p10.nc,1.0,0.14613428571428572,0.10679221919986799
20250221,PM_2.5,Dust,0.1487,USA-LosAngeles-0001-34.8219N_118.8876W_1801,"Bakersfield, CA 1",34.821922,-118.887598,government,AQS,SPECIES_USA-LosAngeles-0001_,,,,US,Lebec,,,,,,,,,,,,,MAIA_ANC_SURFACEMONITOR_PM_2.5_SPECIES_USA-LosAngeles_20250221T000000Z_F01_V2026p06p10.nc,1.0,0.07655555555555556,0.07200214674440249
20250221,PM_2.5,Dust,0.715,USA-LosAngeles-0001-35.3566N_119.0626W_1805,"Bakersfield, CA 5",35.356615,-119.062613,government,AQS,SPECIES_USA-LosAngeles-0001_,,,,US,Bakersfield,,,,,,,,,,,,,MAIA_ANC_SURFACEMONITOR_PM_2.5_SPECIES_USA-LosAngeles_20250221T000000Z_F01_V2026p06p10.nc,1.0,0.48866500000000007,0.38425013796354063
20250221,PM_2.5,Dust,0.2461,USA-LosAngeles-0001-36.4988N_118.8248W_1801,"Visalia-Porterville, CA 1",36.498835,-118.824821,government,AQS,SPECIES_USA-LosAngeles-0001_,,,,US,Sequoia National Park,,,,,,,,,,,,,MAIA_ANC_SURFACEMONITOR_PM_2.5_SPECIES_USA-LosAngeles_20250221T000000Z_F01_V2026p06p10.nc,1.0,0.13345222222222222,0.13697935495522898
20250221,PM_2.5,Dust,0.6109,USA-LosAngeles-0001-36.7854N_119.7732W_1801,"Fresno, CA 1",36.78538,-119.77321,government,AQS,SPECIES_USA-LosAngeles-0001_,,,,US,Fresno,,,,,,,,,,,,,MAIA_ANC_SURFACEMONITOR_PM_2.5_SPECIES_USA-LosAngeles_20250221T000000Z_F01_V2026p06p10.nc,1.0,0.37292777777777775,0.23853420773911738
20250221,PM_2.5,Dust,0.4641,USA-LosAngeles-0001-36.7854N_119.7732W_1805,"Fresno, CA 5",36.78538,-119.77321,government,AQS,SPECIES_USA-LosAngeles-0001_,,,,US,Fresno,,,,,,,,,,,,,MAIA_ANC_SURFACEMONITOR_PM_2.5_SPECIES_USA-LosAngeles_20250221T000000Z_F01_V2026p06p10.nc,1.0,0.4019425000000001,0.2987723993590272
20250221,PM_2.5,Dust,0.4709,USA-LosAngeles-0001-37.3607N_118.3308W_1801,"Bishop, CA 1",37.360684,-118.330783,government,AQS,SPECIES_USA-LosAngeles-0001_,,,,US,Not in a City,,,,,,,,,,,,,MAIA_ANC_SURFACEMONITOR_PM_2.5_SPECIES_USA-LosAngeles_20250221T000000Z_F01_V2026p06p10.nc,1.0,0.26677125,0.2548114590455804
20250221,PM_2.5,Dust,0.2037,USA-LosAngeles-0001-37.7133N_119.7062W_1801, 1,37.71325,-119.7062,government,AQS,SPECIES_USA-LosAngeles-0001_,,,,US,Not in a City,,,,,,,,,,,,,MAIA_ANC_SURFACEMONITOR_PM_2.5_SPECIES_USA-LosAngeles_20250221T000000Z_F01_V2026p06p10.nc,1.0,0.10346777777777778,0.1328911452428288
20250221,PM_2.5,Dust,0.1829,USA-LosAngeles-0001-37.7133N_119.7062W_1802, 2,37.71325,-119.7062,government,AQS,SPECIES_USA-LosAngeles-0001_,,,,US,Not in a City,,,,,,,,,,,,,MAIA_ANC_SURFACEMONITOR_PM_2.5_SPECIES_USA-LosAngeles_20250221T000000Z_F01_V2026p06p10.nc,-9999.0,-9999.0,-9999.0
20250221,PM_2.5,Elemental_Carbon,0.137,USA-LosAngeles-0001-33.9996N_117.4160W_1805,"Riverside-San Bernardino-Ontario, CA 5",33.99958,-117.41601,government,AQS,SPECIES_USA-LosAngeles-0001_,,,,US,Rubidoux,,,,,,,,,,,,,MAIA_ANC_SURFACEMONITOR_PM_2.5_SPECIES_USA-LosAngeles_20250221T000000Z_F01_V2026p06p10.nc,-9999.0,0.0044,0.7836
20250221,PM_2.5,Elemental_Carbon,0.06,USA-LosAngeles-0001-34.1939N_116.9141W_1801,"Riverside-San Bernardino-Ontario, CA 1",34.193925,-116.914063,government,AQS,SPECIES_USA-LosAngeles-0001_,,,,US,Not in a City,,,,,,,,,,,,,MAIA_ANC_SURFACEMONITOR_PM_2.5_SPECIES_USA-LosAngeles_20250221T000000Z_F01_V2026p06p10.nc,-9999.0,0.0003,0.0594
20250221,PM_2.5,Elemental_Carbon,0.07,USA-LosAngeles-0001-34.8219N_118.8876W_1801,"Bakersfield, CA 1",34.821922,-118.887598,government,AQS,SPECIES_USA-LosAngeles-0001_,,,,US,Lebec,,,,,,,,,,,,,MAIA_ANC_SURFACEMONITOR_PM_2.5_SPECIES_USA-LosAngeles_20250221T000000Z_F01_V2026p06p10.nc,-9999.0,0.0005,0.0804
20250221,PM_2.5,Elemental_Carbon,0.877,USA-LosAngeles-0001-35.3566N_119.0626W_1805,"Bakersfield, CA 5",35.356615,-119.062613,government,AQS,SPECIES_USA-LosAngeles-0001_,,,,US,Bakersfield,,,,,,,,,,,,,MAIA_ANC_SURFACEMONITOR_PM_2.5_SPECIES_USA-LosAngeles_20250221T000000Z_F01_V2026p06p10.nc,-9999.0,0.0034,0.6519
20250221,PM_2.5,Elemental_Carbon,0.19,USA-LosAngeles-0001-36.4988N_118.8248W_1801,"Visalia-Porterville, CA 1",36.498835,-118.824821,government,AQS,SPECIES_USA-LosAngeles-0001_,,,,US,Sequoia National Park,,,,,,,,,,,,,MAIA_ANC_SURFACEMONITOR_PM_2.5_SPECIES_USA-LosAngeles_20250221T000000Z_F01_V2026p06p10.nc,-9999.0,0.0006,0.1244
20250221,PM_2.5,Elemental_Carbon,0.74,USA-LosAngeles-0001-36.7854N_119.7732W_1801,"Fresno, CA 1",36.78538,-119.77321,government,AQS,SPECIES_USA-LosAngeles-0001_,,,,US,Fresno,,,,,,,,,,,,,MAIA_ANC_SURFACEMONITOR_PM_2.5_SPECIES_USA-LosAngeles_20250221T000000Z_F01_V2026p06p10.nc,-9999.0,0.0039,0.7508
20250221,PM_2.5,Elemental_Carbon,0.717,USA-LosAngeles-0001-36.7854N_119.7732W_1805,"Fresno, CA 5",36.78538,-119.77321,government,AQS,SPECIES_USA-LosAngeles-0001_,,,,US,Fresno,,,,,,,,,,,,,MAIA_ANC_SURFACEMONITOR_PM_2.5_SPECIES_USA-LosAngeles_20250221T000000Z_F01_V2026p06p10.nc,-9999.0,0.0046,0.9063
20250221,PM_2.5,Elemental_Carbon,0.08,USA-LosAngeles-0001-37.3607N_118.3308W_1801,"Bishop, CA 1",37.360684,-118.330783,government,AQS,SPECIES_USA-LosAngeles-0001_,,,,US,Not in a City,,,,,,,,,,,,,MAIA_ANC_SURFACEMONITOR_PM_2.5_SPECIES_USA-LosAngeles_20250221T000000Z_F01_V2026p06p10.nc,-9999.0,0.0002,0.0513
20250221,PM_2.5,Elemental_Carbon,0.07,USA-LosAngeles-0001-37.7133N_119.7062W_1801, 1,37.71325,-119.7062,government,AQS,SPECIES_USA-LosAngeles-0001_,,,,US,Not in a City,,,,,,,,,,,,,MAIA_ANC_SURFACEMONITOR_PM_2.5_SPECIES_USA-LosAngeles_20250221T000000Z_F01_V2026p06p10.nc,-9999.0,0.0001,0.0276
20250221,PM_2.5,Nitrate,0.05,USA-LosAngeles-0001-33.9996N_117.4160W_1805,"Riverside-San Bernardino-Ontario, CA 5",33.99958,-117.41601,government,AQS,SPECIES_USA-LosAngeles-0001_,,,,US,Rubidoux,,,,,,,,,,,,,MAIA_ANC_SURFACEMONITOR_PM_2.5_SPECIES_USA-LosAngeles_20250221T000000Z_F01_V2026p06p10.nc,-9999.0,0.0154,3.146
20250221,PM_2.5,Nitrate,2.91,USA-LosAngeles-0001-34.0666N_118.2269W_1805,"Los Angeles-Long Beach-Anaheim, CA 5",34.06659,-118.22688,government,AQS,SPECIES_USA-LosAngeles-0001_,,,,US,Los Angeles,,,,,,,,,,,,,MAIA_ANC_SURFACEMONITOR_PM_2.5_SPECIES_USA-LosAngeles_20250221T000000Z_F01_V2026p06p10.nc,-9999.0,0.0147,2.8314
20250221,PM_2.5,Nitrate,0.033,USA-LosAngeles-0001-34.1939N_116.9141W_1801,"Riverside-San Bernardino-Ontario, CA 1",34.193925,-116.914063,government,AQS,SPECIES_USA-LosAngeles-0001_,,,,US,Not in a City,,,,,,,,,,,,,MAIA_ANC_SURFACEMONITOR_PM_2.5_SPECIES_USA-LosAngeles_20250221T000000Z_F01_V2026p06p10.nc,-9999.0,0.0025,0.7785
20250221,PM_2.5,Nitrate,0.024,USA-LosAngeles-0001-34.8219N_118.8876W_1801,"Bakersfield, CA 1",34.821922,-118.887598,government,AQS,SPECIES_USA-LosAngeles-0001_,,,,US,Lebec,,,,,,,,,,,,,MAIA_ANC_SURFACEMONITOR_PM_2.5_SPECIES_USA-LosAngeles_20250221T000000Z_F01_V2026p06p10.nc,-9999.0,0.0014,0.3972
20250221,PM_2.5,Nitrate,4.23,USA-LosAngeles-0001-35.3566N_119.0626W_1805,"Bakersfield, CA 5",35.356615,-119.062613,government,AQS,SPECIES_USA-LosAngeles-0001_,,,,US,Bakersfield,,,,,,,,,,,,,MAIA_ANC_SURFACEMONITOR_PM_2.5_SPECIES_USA-LosAngeles_20250221T000000Z_F01_V2026p06p10.nc,-9999.0,0.0135,2.9251
20250221,PM_2.5,Nitrate,0.509,USA-LosAngeles-0001-36.4988N_118.8248W_1801,"Visalia-Porterville, CA 1",36.498835,-118.824821,government,AQS,SPECIES_USA-LosAngeles-0001_,,,,US,Sequoia National Park,,,,,,,,,,,,,MAIA_ANC_SURFACEMONITOR_PM_2.5_SPECIES_USA-LosAngeles_20250221T000000Z_F01_V2026p06p10.nc,-9999.0,0.0027,0.9374
20250221,PM_2.5,Nitrate,3.075,USA-LosAngeles-0001-36.7854N_119.7732W_1801,"Fresno, CA 1",36.78538,-119.77321,government,AQS,SPECIES_USA-LosAngeles-0001_,,,,US,Fresno,,,,,,,,,,,,,MAIA_ANC_SURFACEMONITOR_PM_2.5_SPECIES_USA-LosAngeles_20250221T000000Z_F01_V2026p06p10.nc,-9999.0,0.0084,1.6066
20250221,PM_2.5,Nitrate,3.21,USA-LosAngeles-0001-36.7854N_119.7732W_1805,"Fresno, CA 5",36.78538,-119.77321,government,AQS,SPECIES_USA-LosAngeles-0001_,,,,US,Fresno,,,,,,,,,,,,,MAIA_ANC_SURFACEMONITOR_PM_2.5_SPECIES_USA-LosAngeles_20250221T000000Z_F01_V2026p06p10.nc,-9999.0,0.0089,1.7027
20250221,PM_2.5,Nitrate,0.035,USA-LosAngeles-0001-37.3607N_118.3308W_1801,"Bishop, CA 1",37.360684,-118.330783,government,AQS,SPECIES_USA-LosAngeles-0001_,,,,US,Not in a City,,,,,,,,,,,,,MAIA_ANC_SURFACEMONITOR_PM_2.5_SPECIES_USA-LosAngeles_20250221T000000Z_F01_V2026p06p10.nc,-9999.0,0.0002,0.0455
20250221,PM_2.5,Nitrate,0.039,USA-LosAngeles-0001-37.7133N_119.7062W_1801, 1,37.71325,-119.7062,government,AQS,SPECIES_USA-LosAngeles-0001_,,,,US,Not in a City,,,,,,,,,,,,,MAIA_ANC_SURFACEMONITOR_PM_2.5_SPECIES_USA-LosAngeles_20250221T000000Z_F01_V2026p06p10.nc,-9999.0,0.0003,0.0634
20250221,PM_2.5,Organic_Carbon,0.456,USA-LosAngeles-0001-33.9996N_117.4160W_1805,"Riverside-San Bernardino-Ontario, CA 5",33.99958,-117.41601,government,AQS,SPECIES_USA-LosAngeles-0001_,,,,US,Rubidoux,,,,,,,,,,,,,MAIA_ANC_SURFACEMONITOR_PM_2.5_SPECIES_USA-LosAngeles_20250221T000000Z_F01_V2026p06p10.nc,-9999.0,0.0119,2.0149
20250221,PM_2.5,Organic_Carbon,0.19,USA-LosAngeles-0001-34.1939N_116.9141W_1801,"Riverside-San Bernardino-Ontario, CA 1",34.193925,-116.914063,government,AQS,SPECIES_USA-LosAngeles-0001_,,,,US,Not in a City,,,,,,,,,,,,,MAIA_ANC_SURFACEMONITOR_PM_2.5_SPECIES_USA-LosAngeles_20250221T000000Z_F01_V2026p06p10.nc,-9999.0,0.0016,0.362
20250221,PM_2.5,Organic_Carbon,0.23,USA-LosAngeles-0001-34.8219N_118.8876W_1801,"Bakersfield, CA 1",34.821922,-118.887598,government,AQS,SPECIES_USA-LosAngeles-0001_,,,,US,Lebec,,,,,,,,,,,,,MAIA_ANC_SURFACEMONITOR_PM_2.5_SPECIES_USA-LosAngeles_20250221T000000Z_F01_V2026p06p10.nc,-9999.0,0.0029,0.486
20250221,PM_2.5,Organic_Carbon,3.021,USA-LosAngeles-0001-35.3566N_119.0626W_1805,"Bakersfield, CA 5",35.356615,-119.062613,government,AQS,SPECIES_USA-LosAngeles-0001_,,,,US,Bakersfield,,,,,,,,,,,,,MAIA_ANC_SURFACEMONITOR_PM_2.5_SPECIES_USA-LosAngeles_20250221T000000Z_F01_V2026p06p10.nc,-9999.0,0.0123,2.2473
20250221,PM_2.5,Organic_Carbon,0.87,USA-LosAngeles-0001-36.4988N_118.8248W_1801,"Visalia-Porterville, CA 1",36.498835,-118.824821,government,AQS,SPECIES_USA-LosAngeles-0001_,,,,US,Sequoia National Park,,,,,,,,,,,,,MAIA_ANC_SURFACEMONITOR_PM_2.5_SPECIES_USA-LosAngeles_20250221T000000Z_F01_V2026p06p10.nc,-9999.0,0.0039,0.7375
20250221,PM_2.5,Organic_Carbon,2.37,USA-LosAngeles-0001-36.7854N_119.7732W_1801,"Fresno, CA 1",36.78538,-119.77321,government,AQS,SPECIES_USA-LosAngeles-0001_,,,,US,Fresno,,,,,,,,,,,,,MAIA_ANC_SURFACEMONITOR_PM_2.5_SPECIES_USA-LosAngeles_20250221T000000Z_F01_V2026p06p10.nc,-9999.0,0.0143,2.805
20250221,PM_2.5,Organic_Carbon,2.827,USA-LosAngeles-0001-36.7854N_119.7732W_1805,"Fresno, CA 5",36.78538,-119.77321,government,AQS,SPECIES_USA-LosAngeles-0001_,,,,US,Fresno,,,,,,,,,,,,,MAIA_ANC_SURFACEMONITOR_PM_2.5_SPECIES_USA-LosAngeles_20250221T000000Z_F01_V2026p06p10.nc,-9999.0,0.0159,3.0931
20250221,PM_2.5,Organic_Carbon,0.38,USA-LosAngeles-0001-37.3607N_118.3308W_1801,"Bishop, CA 1",37.360684,-118.330783,government,AQS,SPECIES_USA-LosAngeles-0001_,,,,US,Not in a City,,,,,,,,,,,,,MAIA_ANC_SURFACEMONITOR_PM_2.5_SPECIES_USA-LosAngeles_20250221T000000Z_F01_V2026p06p10.nc,-9999.0,0.0016,0.3043
20250221,PM_2.5,Organic_Carbon,0.38,USA-LosAngeles-0001-37.7133N_119.7062W_1801, 1,37.71325,-119.7062,government,AQS,SPECIES_USA-LosAngeles-0001_,,,,US,Not in a City,,,,,,,,,,,,,MAIA_ANC_SURFACEMONITOR_PM_2.5_SPECIES_USA-LosAngeles_20250221T000000Z_F01_V2026p06p10.nc,-9999.0,0.0014,0.2612
20250221,PM_2.5,Sulfate,0.15,USA-LosAngeles-0001-33.9996N_117.4160W_1805,"Riverside-San Bernardino-Ontario, CA 5",33.99958,-117.41601,government,AQS,SPECIES_USA-LosAngeles-0001_,,,,US,Rubidoux,,,,,,,,,,,,,MAIA_ANC_SURFACEMONITOR_PM_2.5_SPECIES_USA-LosAngeles_20250221T000000Z_F01_V2026p06p10.nc,-9999.0,0.0022,0.428
20250221,PM_2.5,Sulfate,0.89,USA-LosAngeles-0001-34.0666N_118.2269W_1805,"Los Angeles-Long Beach-Anaheim, CA 5",34.06659,-118.22688,government,AQS,SPECIES_USA-LosAngeles-0001_,,,,US,Los Angeles,,,,,,,,,,,,,MAIA_ANC_SURFACEMONITOR_PM_2.5_SPECIES_USA-LosAngeles_20250221T000000Z_F01_V2026p06p10.nc,-9999.0,0.0026,0.4829
20250221,PM_2.5,Sulfate,0.112,USA-LosAngeles-0001-34.1939N_116.9141W_1801,"Riverside-San Bernardino-Ontario, CA 1",34.193925,-116.914063,government,AQS,SPECIES_USA-LosAngeles-0001_,,,,US,Not in a City,,,,,,,,,,,,,MAIA_ANC_SURFACEMONITOR_PM_2.5_SPECIES_USA-LosAngeles_20250221T000000Z_F01_V2026p06p10.nc,-9999.0,0.0009,0.2194
20250221,PM_2.5,Sulfate,0.122,USA-LosAngeles-0001-34.8219N_118.8876W_1801,"Bakersfield, CA 1",34.821922,-118.887598,government,AQS,SPECIES_USA-LosAngeles-0001_,,,,US,Lebec,,,,,,,,,,,,,MAIA_ANC_SURFACEMONITOR_PM_2.5_SPECIES_USA-LosAngeles_20250221T000000Z_F01_V2026p06p10.nc,-9999.0,0.0017,0.3592
20250221,PM_2.5,Sulfate,1.15,USA-LosAngeles-0001-35.3566N_119.0626W_1805,"Bakersfield, CA 5",35.356615,-119.062613,government,AQS,SPECIES_USA-LosAngeles-0001_,,,,US,Bakersfield,,,,,,,,,,,,,MAIA_ANC_SURFACEMONITOR_PM_2.5_SPECIES_USA-LosAngeles_20250221T000000Z_F01_V2026p06p10.nc,-9999.0,0.0036,0.7107
20250221,PM_2.5,Sulfate,0.615,USA-LosAngeles-0001-36.4988N_118.8248W_1801,"Visalia-Porterville, CA 1",36.498835,-118.824821,government,AQS,SPECIES_USA-LosAngeles-0001_,,,,US,Sequoia National Park,,,,,,,,,,,,,MAIA_ANC_SURFACEMONITOR_PM_2.5_SPECIES_USA-LosAngeles_20250221T000000Z_F01_V2026p06p10.nc,-9999.0,0.0021,0.4905
20250221,PM_2.5,Sulfate,0.946,USA-LosAngeles-0001-36.7854N_119.7732W_1801,"Fresno, CA 1",36.78538,-119.77321,government,AQS,SPECIES_USA-LosAngeles-0001_,,,,US,Fresno,,,,,,,,,,,,,MAIA_ANC_SURFACEMONITOR_PM_2.5_SPECIES_USA-LosAngeles_20250221T000000Z_F01_V2026p06p10.nc,-9999.0,0.0022,0.3933
20250221,PM_2.5,Sulfate,0.94,USA-LosAngeles-0001-36.7854N_119.7732W_1805,"Fresno, CA 5",36.78538,-119.77321,government,AQS,SPECIES_USA-LosAngeles-0001_,,,,US,Fresno,,,,,,,,,,,,,MAIA_ANC_SURFACEMONITOR_PM_2.5_SPECIES_USA-LosAngeles_20250221T000000Z_F01_V2026p06p10.nc,-9999.0,0.0022,0.3885
20250221,PM_2.5,Sulfate,0.103,USA-LosAngeles-0001-37.3607N_118.3308W_1801,"Bishop, CA 1",37.360684,-118.330783,government,AQS,SPECIES_USA-LosAngeles-0001_,,,,US,Not in a City,,,,,,,,,,,,,MAIA_ANC_SURFACEMONITOR_PM_2.5_SPECIES_USA-LosAngeles_20250221T000000Z_F01_V2026p06p10.nc,-9999.0,0.0006,0.1333
20250221,PM_2.5,Sulfate,0.172,USA-LosAngeles-0001-37.7133N_119.7062W_1801, 1,37.71325,-119.7062,government,AQS,SPECIES_USA-LosAngeles-0001_,,,,US,Not in a City,,,,,,,,,,,,,MAIA_ANC_SURFACEMONITOR_PM_2.5_SPECIES_USA-LosAngeles_20250221T000000Z_F01_V2026p06p10.nc,-9999.0,0.0006,0.1146
20250222,PM_2.5,Black_Carbon,0.0,USA-LosAngeles-0001-34.1994N_118.1732W_0800,AethLabs JPL,34.19941255,-118.1732079,research,aethalometer,SPECIES_USA-LosAngeles-0001_,,,,US,Pasadena,0.0028,900.0,0.0,0.0,0.0,720.0,0.0,0.0,898.0,900.0,0.0,2.0,MAIA_ANC_SURFACEMONITOR_PM_2.5_SPECIES_USA-LosAngeles_20250222T000000Z_F01_V2026p06p10.nc,,,
20250223,PM_2.5,Black_Carbon,0.0,USA-LosAngeles-0001-34.1994N_118.1732W_0800,AethLabs JPL,34.19941255,-118.1732079,research,aethalometer,SPECIES_USA-LosAngeles-0001_,,,,US,Pasadena,0.0028,900.0,0.0,0.0,0.0,720.0,0.0,0.0,898.0,900.0,0.0,2.0,MAIA_ANC_SURFACEMONITOR_PM_2.5_SPECIES_USA-LosAngeles_20250223T000000Z_F01_V2026p06p10.nc,,,
20250224,PM_2.5,Black_Carbon,0.0,USA-LosAngeles-0001-34.1994N_118.1732W_0800,AethLabs JPL,34.19941255,-118.1732079,research,aethalometer,SPECIES_USA-LosAngeles-0001_,,,,US,Pasadena,0.0028,900.0,0.0,0.0,0.0,720.0,0.0,0.0,898.0,900.0,0.0,2.0,MAIA_ANC_SURFACEMONITOR_PM_2.5_SPECIES_USA-LosAngeles_20250224T000000Z_F01_V2026p06p10.nc,,,
20250224,PM_2.5,Dust,1.2694,USA-LosAngeles-0001-33.8306N_117.9385W_1811,"Los Angeles-Long Beach-Anaheim, CA 11",33.83062,-117.93845,government,AQS,SPECIES_USA-LosAngeles-0001_,,,,US,Anaheim,,,,,,,,,,,,,MAIA_ANC_SURFACEMONITOR_PM_2.5_SPECIES_USA-LosAngeles_20250224T000000Z_F01_V2026p06p10.nc,-9999.0,-9999.0,-9999.0
20250224,PM_2.5,Dust,1.4194,USA-LosAngeles-0001-33.9996N_117.4160W_1805,"Riverside-San Bernardino-Ontario, CA 5",33.99958,-117.41601,government,AQS,SPECIES_USA-LosAngeles-0001_,,,,US,Rubidoux,,,,,,,,,,,,,MAIA_ANC_SURFACEMONITOR_PM_2.5_SPECIES_USA-LosAngeles_20250224T000000Z_F01_V2026p06p10.nc,1.0,0.5335542857142856,0.4391476895356388
20250224,PM_2.5,Dust,1.4539,USA-LosAngeles-0001-33.9996N_117.4160W_1806,"Riverside-San Bernardino-Ontario, CA 6",33.99958,-117.41601,government,AQS,SPECIES_USA-LosAngeles-0001_,,,,US,Rubidoux,,,,,,,,,,,,,MAIA_ANC_SURFACEMONITOR_PM_2.5_SPECIES_USA-LosAngeles_20250224T000000Z_F01_V2026p06p10.nc,0.0,0.47339666666666663,0.3255033153270315
20250224,PM_2.5,Dust,1.8441,USA-LosAngeles-0001-33.9996N_117.4160W_1811,"Riverside-San Bernardino-Ontario, CA 11",33.99958,-117.41601,government,AQS,SPECIES_USA-LosAngeles-0001_,,,,US,Rubidoux,,,,,,,,,,,,,MAIA_ANC_SURFACEMONITOR_PM_2.5_SPECIES_USA-LosAngeles_20250224T000000Z_F01_V2026p06p10.nc,-9999.0,-9999.0,-9999.0
20250224,PM_2.5,Dust,0.7535,USA-LosAngeles-0001-34.0666N_118.2269W_1805,"Los Angeles-Long Beach-Anaheim, CA 5",34.06659,-118.22688,government,AQS,SPECIES_USA-LosAngeles-0001_,,,,US,Los Angeles,,,,,,,,,,,,,MAIA_ANC_SURFACEMONITOR_PM_2.5_SPECIES_USA-LosAngeles_20250224T000000Z_F01_V2026p06p10.nc,1.0,0.4984655555555555,0.212759877959017
20250224,PM_2.5,Dust,1.4688,USA-LosAngeles-0001-34.0666N_118.2269W_1811,"Los Angeles-Long Beach-Anaheim, CA 11",34.06659,-118.22688,government,AQS,SPECIES_USA-LosAngeles-0001_,,,,US,Los Angeles,,,,,,,,,,,,,MAIA_ANC_SURFACEMONITOR_PM_2.5_SPECIES_USA-LosAngeles_20250224T000000Z_F01_V2026p06p10.nc,-9999.0,-9999.0,-9999.0
20250224,PM_2.5,Dust,1.1712,USA-LosAngeles-0001-34.0666N_118.2269W_1812,"Los Angeles-Long Beach-Anaheim, CA 12",34.06659,-118.22688,government,AQS,SPECIES_USA-LosAngeles-0001_,,,,US,Los Angeles,,,,,,,,,,,,,MAIA_ANC_SURFACEMONITOR_PM_2.5_SPECIES_USA-LosAngeles_20250224T000000Z_F01_V2026p06p10.nc,-9999.0,-9999.0,-9999.0
20250224,PM_2.5,Dust,2.4916,USA-LosAngeles-0001-34.1000N_117.4920W_1811,"Riverside-San Bernardino-Ontario, CA 11",34.10002,-117.49201,government,AQS,SPECIES_USA-LosAngeles-0001_,,,,US,Fontana,,,,,,,,,,,,,MAIA_ANC_SURFACEMONITOR_PM_2.5_SPECIES_USA-LosAngeles_20250224T000000Z_F01_V2026p06p10.nc,-9999.0,-9999.0,-9999.0
20250224,PM_2.5,Dust,0.3509,USA-LosAngeles-0001-34.1939N_116.9141W_1801,"Riverside-San Bernardino-Ontario, CA 1",34.193925,-116.914063,government,AQS,SPECIES_USA-LosAngeles-0001_,,,,US,Not in a City,,,,,,,,,,,,,MAIA_ANC_SURFACEMONITOR_PM_2.5_SPECIES_USA-LosAngeles_20250224T000000Z_F01_V2026p06p10.nc,1.0,0.14613428571428572,0.10679221919986799
20250224,PM_2.5,Dust,0.2833,USA-LosAngeles-0001-34.8219N_118.8876W_1801,"Bakersfield, CA 1",34.821922,-118.887598,government,AQS,SPECIES_USA-LosAngeles-0001_,,,,US,Lebec,,,,,,,,,,,,,MAIA_ANC_SURFACEMONITOR_PM_2.5_SPECIES_USA-LosAngeles_20250224T000000Z_F01_V2026p06p10.nc,1.0,0.07655555555555556,0.07200214674440249
20250224,PM_2.5,Dust,0.976,USA-LosAngeles-0001-35.3566N_119.0626W_1805,"Bakersfield, CA 5",35.356615,-119.062613,government,AQS,SPECIES_USA-LosAngeles-0001_,,,,US,Bakersfield,,,,,,,,,,,,,MAIA_ANC_SURFACEMONITOR_PM_2.5_SPECIES_USA-LosAngeles_20250224T000000Z_F01_V2026p06p10.nc,1.0,0.48866500000000007,0.38425013796354063
20250224,PM_2.5,Dust,0.694,USA-LosAngeles-0001-35.3566N_119.0626W_1806,"Bakersfield, CA 6",35.356615,-119.062613,government,AQS,SPECIES_USA-LosAngeles-0001_,,,,US,Bakersfield,,,,,,,,,,,,,MAIA_ANC_SURFACEMONITOR_PM_2.5_SPECIES_USA-LosAngeles_20250224T000000Z_F01_V2026p06p10.nc,1.0,0.4046825,0.1980854195006538
20250224,PM_2.5,Dust,0.885,USA-LosAngeles-0001-36.3081N_119.3129W_1805,N/A,36.30815,-119.3129,government,AQS,SPECIES_USA-LosAngeles-0001_,,,,US,N/A,,,,,,,,,,,,,MAIA_ANC_SURFACEMONITOR_PM_2.5_SPECIES_USA-LosAngeles_20250224T000000Z_F01_V2026p06p10.nc,1.0,0.45836249999999995,0.16745886455709053
20250224,PM_2.5,Dust,0.2808,USA-LosAngeles-0001-36.4988N_118.8248W_1801,"Visalia-Porterville, CA 1",36.498835,-118.824821,government,AQS,SPECIES_USA-LosAngeles-0001_,,,,US,Sequoia National Park,,,,,,,,,,,,,MAIA_ANC_SURFACEMONITOR_PM_2.5_SPECIES_USA-LosAngeles_20250224T000000Z_F01_V2026p06p10.nc,1.0,0.13345222222222222,0.13697935495522898
20250224,PM_2.5,Dust,0.5808,USA-LosAngeles-0001-36.7854N_119.7732W_1801,"Fresno, CA 1",36.78538,-119.77321,government,AQS,SPECIES_USA-LosAngeles-0001_,,,,US,Fresno,,,,,,,,,,,,,MAIA_ANC_SURFACEMONITOR_PM_2.5_SPECIES_USA-LosAngeles_20250224T000000Z_F01_V2026p06p10.nc,1.0,0.37292777777777775,0.23853420773911738
20250224,PM_2.5,Dust,0.355,USA-LosAngeles-0001-36.7854N_119.7732W_1805,"Fresno, CA 5",36.78538,-119.77321,government,AQS,SPECIES_USA-LosAngeles-0001_,,,,US,Fresno,,,,,,,,,,,,,MAIA_ANC_SURFACEMONITOR_PM_2.5_SPECIES_USA-LosAngeles_20250224T000000Z_F01_V2026p06p10.nc,1.0,0.4019425000000001,0.2987723993590272
20250224,PM_2.5,Dust,0.3442,USA-LosAngeles-0001-37.3607N_118.3308W_1801,"Bishop, CA 1",37.360684,-118.330783,government,AQS,SPECIES_USA-LosAngeles-0001_,,,,US,Not in a City,,,,,,,,,,,,,MAIA_ANC_SURFACEMONITOR_PM_2.5_SPECIES_USA-LosAngeles_20250224T000000Z_F01_V2026p06p10.nc,1.0,0.26677125,0.2548114590455804
20250224,PM_2.5,Dust,0.2458,USA-LosAngeles-0001-37.7133N_119.7062W_1801, 1,37.71325,-119.7062,government,AQS,SPECIES_USA-LosAngeles-0001_,,,,US,Not in a City,,,,,,,,,,,,,MAIA_ANC_SURFACEMONITOR_PM_2.5_SPECIES_USA-LosAngeles_20250224T000000Z_F01_V2026p06p10.nc,1.0,0.10346777777777778,0.1328911452428288
20250224,PM_2.5,Dust,0.255,USA-LosAngeles-0001-37.7133N_119.7062W_1802, 2,37.71325,-119.7062,government,AQS,SPECIES_USA-LosAngeles-0001_,,,,US,Not in a City,,,,,,,,,,,,,MAIA_ANC_SURFACEMONITOR_PM_2.5_SPECIES_USA-LosAngeles_20250224T000000Z_F01_V2026p06p10.nc,-9999.0,-9999.0,-9999.0
20250224,PM_2.5,Elemental_Carbon,1.38,USA-LosAngeles-0001-33.9996N_117.4160W_1805,"Riverside-San Bernardino-Ontario, CA 5",33.99958,-117.41601,government,AQS,SPECIES_USA-LosAngeles-0001_,,,,US,Rubidoux,,,,,,,,,,,,,MAIA_ANC_SURFACEMONITOR_PM_2.5_SPECIES_USA-LosAngeles_20250224T000000Z_F01_V2026p06p10.nc,-9999.0,0.0044,0.7836
20250224,PM_2.5,Elemental_Carbon,1.419,USA-LosAngeles-0001-33.9996N_117.4160W_1806,"Riverside-San Bernardino-Ontario, CA 6",33.99958,-117.41601,government,AQS,SPECIES_USA-LosAngeles-0001_,,,,US,Rubidoux,,,,,,,,,,,,,MAIA_ANC_SURFACEMONITOR_PM_2.5_SPECIES_USA-LosAngeles_20250224T000000Z_F01_V2026p06p10.nc,-9999.0,0.0025,0.9738
20250224,PM_2.5,Elemental_Carbon,0.1,USA-LosAngeles-0001-34.1939N_116.9141W_1801,"Riverside-San Bernardino-Ontario, CA 1",34.193925,-116.914063,government,AQS,SPECIES_USA-LosAngeles-0001_,,,,US,Not in a City,,,,,,,,,,,,,MAIA_ANC_SURFACEMONITOR_PM_2.5_SPECIES_USA-LosAngeles_20250224T000000Z_F01_V2026p06p10.nc,-9999.0,0.0003,0.0594
20250224,PM_2.5,Elemental_Carbon,0.19,USA-LosAngeles-0001-34.8219N_118.8876W_1801,"Bakersfield, CA 1",34.821922,-118.887598,government,AQS,SPECIES_USA-LosAngeles-0001_,,,,US,Lebec,,,,,,,,,,,,,MAIA_ANC_SURFACEMONITOR_PM_2.5_SPECIES_USA-LosAngeles_20250224T000000Z_F01_V2026p06p10.nc,-9999.0,0.0005,0.0804
20250224,PM_2.5,Elemental_Carbon,0.835,USA-LosAngeles-0001-35.3566N_119.0626W_1805,"Bakersfield, CA 5",35.356615,-119.062613,government,AQS,SPECIES_USA-LosAngeles-0001_,,,,US,Bakersfield,,,,,,,,,,,,,MAIA_ANC_SURFACEMONITOR_PM_2.5_SPECIES_USA-LosAngeles_20250224T000000Z_F01_V2026p06p10.nc,-9999.0,0.0034,0.6519
20250224,PM_2.5,Elemental_Carbon,0.869,USA-LosAngeles-0001-35.3566N_119.0626W_1806,"Bakersfield, CA 6",35.356615,-119.062613,government,AQS,SPECIES_USA-LosAngeles-0001_,,,,US,Bakersfield,,,,,,,,,,,,,MAIA_ANC_SURFACEMONITOR_PM_2.5_SPECIES_USA-LosAngeles_20250224T000000Z_F01_V2026p06p10.nc,-9999.0,0.0019,0.8284
20250224,PM_2.5,Elemental_Carbon,0.3,USA-LosAngeles-0001-36.4988N_118.8248W_1801,"Visalia-Porterville, CA 1",36.498835,-118.824821,government,AQS,SPECIES_USA-LosAngeles-0001_,,,,US,Sequoia National Park,,,,,,,,,,,,,MAIA_ANC_SURFACEMONITOR_PM_2.5_SPECIES_USA-LosAngeles_20250224T000000Z_F01_V2026p06p10.nc,-9999.0,0.0006,0.1244
20250224,PM_2.5,Elemental_Carbon,0.38,USA-LosAngeles-0001-36.7854N_119.7732W_1801,"Fresno, CA 1",36.78538,-119.77321,government,AQS,SPECIES_USA-LosAngeles-0001_,,,,US,Fresno,,,,,,,,,,,,,MAIA_ANC_SURFACEMONITOR_PM_2.5_SPECIES_USA-LosAngeles_20250224T000000Z_F01_V2026p06p10.nc,-9999.0,0.0039,0.7508
20250224,PM_2.5,Elemental_Carbon,0.704,USA-LosAngeles-0001-36.7854N_119.7732W_1805,"Fresno, CA 5",36.78538,-119.77321,government,AQS,SPECIES_USA-LosAngeles-0001_,,,,US,Fresno,,,,,,,,,,,,,MAIA_ANC_SURFACEMONITOR_PM_2.5_SPECIES_USA-LosAngeles_20250224T000000Z_F01_V2026p06p10.nc,-9999.0,0.0046,0.9063
20250224,PM_2.5,Elemental_Carbon,0.08,USA-LosAngeles-0001-37.3607N_118.3308W_1801,"Bishop, CA 1",37.360684,-118.330783,government,AQS,SPECIES_USA-LosAngeles-0001_,,,,US,Not in a City,,,,,,,,,,,,,MAIA_ANC_SURFACEMONITOR_PM_2.5_SPECIES_USA-LosAngeles_20250224T000000Z_F01_V2026p06p10.nc,-9999.0,0.0002,0.0513
20250224,PM_2.5,Elemental_Carbon,0.05,USA-LosAngeles-0001-37.7133N_119.7062W_1801, 1,37.71325,-119.7062,government,AQS,SPECIES_USA-LosAngeles-0001_,,,,US,Not in a City,,,,,,,,,,,,,MAIA_ANC_SURFACEMONITOR_PM_2.5_SPECIES_USA-LosAngeles_20250224T000000Z_F01_V2026p06p10.nc,-9999.0,0.0001,0.0276
20250224,PM_2.5,Nitrate,4.72,USA-LosAngeles-0001-33.8306N_117.9385W_1811,"Los Angeles-Long Beach-Anaheim, CA 11",33.83062,-117.93845,government,AQS,SPECIES_USA-LosAngeles-0001_,,,,US,Anaheim,,,,,,,,,,,,,MAIA_ANC_SURFACEMONITOR_PM_2.5_SPECIES_USA-LosAngeles_20250224T000000Z_F01_V2026p06p10.nc,-9999.0,0.0,
20250224,PM_2.5,Nitrate,6.74,USA-LosAngeles-0001-33.9996N_117.4160W_1805,"Riverside-San Bernardino-Ontario, CA 5",33.99958,-117.41601,government,AQS,SPECIES_USA-LosAngeles-0001_,,,,US,Rubidoux,,,,,,,,,,,,,MAIA_ANC_SURFACEMONITOR_PM_2.5_SPECIES_USA-LosAngeles_20250224T000000Z_F01_V2026p06p10.nc,-9999.0,0.0154,3.146
20250224,PM_2.5,Nitrate,6.8,USA-LosAngeles-0001-33.9996N_117.4160W_1806,"Riverside-San Bernardino-Ontario, CA 6",33.99958,-117.41601,government,AQS,SPECIES_USA-LosAngeles-0001_,,,,US,Rubidoux,,,,,,,,,,,,,MAIA_ANC_SURFACEMONITOR_PM_2.5_SPECIES_USA-LosAngeles_20250224T000000Z_F01_V2026p06p10.nc,-9999.0,0.005,2.0509
20250224,PM_2.5,Nitrate,6.3,USA-LosAngeles-0001-33.9996N_117.4160W_1811,"Riverside-San Bernardino-Ontario, CA 11",33.99958,-117.41601,government,AQS,SPECIES_USA-LosAngeles-0001_,,,,US,Rubidoux,,,,,,,,,,,,,MAIA_ANC_SURFACEMONITOR_PM_2.5_SPECIES_USA-LosAngeles_20250224T000000Z_F01_V2026p06p10.nc,-9999.0,0.0,
20250224,PM_2.5,Nitrate,4.74,USA-LosAngeles-0001-34.0666N_118.2269W_1805,"Los Angeles-Long Beach-Anaheim, CA 5",34.06659,-118.22688,government,AQS,SPECIES_USA-LosAngeles-0001_,,,,US,Los Angeles,,,,,,,,,,,,,MAIA_ANC_SURFACEMONITOR_PM_2.5_SPECIES_USA-LosAngeles_20250224T000000Z_F01_V2026p06p10.nc,-9999.0,0.0147,2.8314
20250224,PM_2.5,Nitrate,4.29,USA-LosAngeles-0001-34.0666N_118.2269W_1811,"Los Angeles-Long Beach-Anaheim, CA 11",34.06659,-118.22688,government,AQS,SPECIES_USA-LosAngeles-0001_,,,,US,Los Angeles,,,,,,,,,,,,,MAIA_ANC_SURFACEMONITOR_PM_2.5_SPECIES_USA-LosAngeles_20250224T000000Z_F01_V2026p06p10.nc,-9999.0,0.0,
20250224,PM_2.5,Nitrate,4.27,USA-LosAngeles-0001-34.0666N_118.2269W_1812,"Los Angeles-Long Beach-Anaheim, CA 12",34.06659,-118.22688,government,AQS,SPECIES_USA-LosAngeles-0001_,,,,US,Los Angeles,,,,,,,,,,,,,MAIA_ANC_SURFACEMONITOR_PM_2.5_SPECIES_USA-LosAngeles_20250224T000000Z_F01_V2026p06p10.nc,-9999.0,0.0,
20250224,PM_2.5,Nitrate,5.06,USA-LosAngeles-0001-34.1000N_117.4920W_1811,"Riverside-San Bernardino-Ontario, CA 11",34.10002,-117.49201,government,AQS,SPECIES_USA-LosAngeles-0001_,,,,US,Fontana,,,,,,,,,,,,,MAIA_ANC_SURFACEMONITOR_PM_2.5_SPECIES_USA-LosAngeles_20250224T000000Z_F01_V2026p06p10.nc,-9999.0,0.0,
20250224,PM_2.5,Nitrate,0.506,USA-LosAngeles-0001-34.1939N_116.9141W_1801,"Riverside-San Bernardino-Ontario, CA 1",34.193925,-116.914063,government,AQS,SPECIES_USA-LosAngeles-0001_,,,,US,Not in a City,,,,,,,,,,,,,MAIA_ANC_SURFACEMONITOR_PM_2.5_SPECIES_USA-LosAngeles_20250224T000000Z_F01_V2026p06p10.nc,-9999.0,0.0025,0.7785
20250224,PM_2.5,Nitrate,0.105,USA-LosAngeles-0001-34.8219N_118.8876W_1801,"Bakersfield, CA 1",34.821922,-118.887598,government,AQS,SPECIES_USA-LosAngeles-0001_,,,,US,Lebec,,,,,,,,,,,,,MAIA_ANC_SURFACEMONITOR_PM_2.5_SPECIES_USA-LosAngeles_20250224T000000Z_F01_V2026p06p10.nc,-9999.0,0.0014,0.3972
20250224,PM_2.5,Nitrate,4.34,USA-LosAngeles-0001-35.3566N_119.0626W_1805,"Bakersfield, CA 5",35.356615,-119.062613,government,AQS,SPECIES_USA-LosAngeles-0001_,,,,US,Bakersfield,,,,,,,,,,,,,MAIA_ANC_SURFACEMONITOR_PM_2.5_SPECIES_USA-LosAngeles_20250224T000000Z_F01_V2026p06p10.nc,-9999.0,0.0135,2.9251
20250224,PM_2.5,Nitrate,4.4,USA-LosAngeles-0001-35.3566N_119.0626W_1806,"Bakersfield, CA 6",35.356615,-119.062613,government,AQS,SPECIES_USA-LosAngeles-0001_,,,,US,Bakersfield,,,,,,,,,,,,,MAIA_ANC_SURFACEMONITOR_PM_2.5_SPECIES_USA-LosAngeles_20250224T000000Z_F01_V2026p06p10.nc,-9999.0,0.0074,3.5057
20250224,PM_2.5,Nitrate,4.28,USA-LosAngeles-0001-36.3081N_119.3129W_1805,N/A,36.30815,-119.3129,government,AQS,SPECIES_USA-LosAngeles-0001_,,,,US,N/A,,,,,,,,,,,,,MAIA_ANC_SURFACEMONITOR_PM_2.5_SPECIES_USA-LosAngeles_20250224T000000Z_F01_V2026p06p10.nc,-9999.0,0.0086,4.081
20250224,PM_2.5,Nitrate,0.732,USA-LosAngeles-0001-36.4988N_118.8248W_1801,"Visalia-Porterville, CA 1",36.498835,-118.824821,government,AQS,SPECIES_USA-LosAngeles-0001_,,,,US,Sequoia National Park,,,,,,,,,,,,,MAIA_ANC_SURFACEMONITOR_PM_2.5_SPECIES_USA-LosAngeles_20250224T000000Z_F01_V2026p06p10.nc,-9999.0,0.0027,0.9374
20250224,PM_2.5,Nitrate,2.252,USA-LosAngeles-0001-36.7854N_119.7732W_1801,"Fresno, CA 1",36.78538,-119.77321,government,AQS,SPECIES_USA-LosAngeles-0001_,,,,US,Fresno,,,,,,,,,,,,,MAIA_ANC_SURFACEMONITOR_PM_2.5_SPECIES_USA-LosAngeles_20250224T000000Z_F01_V2026p06p10.nc,-9999.0,0.0084,1.6066
20250224,PM_2.5,Nitrate,2.49,USA-LosAngeles-0001-36.7854N_119.7732W_1805,"Fresno, CA 5",36.78538,-119.77321,government,AQS,SPECIES_USA-LosAngeles-0001_,,,,US,Fresno,,,,,,,,,,,,,MAIA_ANC_SURFACEMONITOR_PM_2.5_SPECIES_USA-LosAngeles_20250224T000000Z_F01_V2026p06p10.nc,-9999.0,0.0089,1.7027
20250224,PM_2.5,Nitrate,0.034,USA-LosAngeles-0001-37.3607N_118.3308W_1801,"Bishop, CA 1",37.360684,-118.330783,government,AQS,SPECIES_USA-LosAngeles-0001_,,,,US,Not in a City,,,,,,,,,,,,,MAIA_ANC_SURFACEMONITOR_PM_2.5_SPECIES_USA-LosAngeles_20250224T000000Z_F01_V2026p06p10.nc,-9999.0,0.0002,0.0455
20250224,PM_2.5,Nitrate,0.042,USA-LosAngeles-0001-37.7133N_119.7062W_1801, 1,37.71325,-119.7062,government,AQS,SPECIES_USA-LosAngeles-0001_,,,,US,Not in a City,,,,,,,,,,,,,MAIA_ANC_SURFACEMONITOR_PM_2.5_SPECIES_USA-LosAngeles_20250224T000000Z_F01_V2026p06p10.nc,-9999.0,0.0003,0.0634
20250224,PM_2.5,Organic_Carbon,3.774,USA-LosAngeles-0001-33.9996N_117.4160W_1805,"Riverside-San Bernardino-Ontario, CA 5",33.99958,-117.41601,government,AQS,SPECIES_USA-LosAngeles-0001_,,,,US,Rubidoux,,,,,,,,,,,,,MAIA_ANC_SURFACEMONITOR_PM_2.5_SPECIES_USA-LosAngeles_20250224T000000Z_F01_V2026p06p10.nc,-9999.0,0.0119,2.0149
20250224,PM_2.5,Organic_Carbon,3.884,USA-LosAngeles-0001-33.9996N_117.4160W_1806,"Riverside-San Bernardino-Ontario, CA 6",33.99958,-117.41601,government,AQS,SPECIES_USA-LosAngeles-0001_,,,,US,Rubidoux,,,,,,,,,,,,,MAIA_ANC_SURFACEMONITOR_PM_2.5_SPECIES_USA-LosAngeles_20250224T000000Z_F01_V2026p06p10.nc,-9999.0,0.0063,2.3984
20250224,PM_2.5,Organic_Carbon,0.45,USA-LosAngeles-0001-34.1939N_116.9141W_1801,"Riverside-San Bernardino-Ontario, CA 1",34.193925,-116.914063,government,AQS,SPECIES_USA-LosAngeles-0001_,,,,US,Not in a City,,,,,,,,,,,,,MAIA_ANC_SURFACEMONITOR_PM_2.5_SPECIES_USA-LosAngeles_20250224T000000Z_F01_V2026p06p10.nc,-9999.0,0.0016,0.362
20250224,PM_2.5,Organic_Carbon,0.94,USA-LosAngeles-0001-34.8219N_118.8876W_1801,"Bakersfield, CA 1",34.821922,-118.887598,government,AQS,SPECIES_USA-LosAngeles-0001_,,,,US,Lebec,,,,,,,,,,,,,MAIA_ANC_SURFACEMONITOR_PM_2.5_SPECIES_USA-LosAngeles_20250224T000000Z_F01_V2026p06p10.nc,-9999.0,0.0029,0.486
20250224,PM_2.5,Organic_Carbon,3.24,USA-LosAngeles-0001-35.3566N_119.0626W_1805,"Bakersfield, CA 5",35.356615,-119.062613,government,AQS,SPECIES_USA-LosAngeles-0001_,,,,US,Bakersfield,,,,,,,,,,,,,MAIA_ANC_SURFACEMONITOR_PM_2.5_SPECIES_USA-LosAngeles_20250224T000000Z_F01_V2026p06p10.nc,-9999.0,0.0123,2.2473
20250224,PM_2.5,Organic_Carbon,3.174,USA-LosAngeles-0001-35.3566N_119.0626W_1806,"Bakersfield, CA 6",35.356615,-119.062613,government,AQS,SPECIES_USA-LosAngeles-0001_,,,,US,Bakersfield,,,,,,,,,,,,,MAIA_ANC_SURFACEMONITOR_PM_2.5_SPECIES_USA-LosAngeles_20250224T000000Z_F01_V2026p06p10.nc,-9999.0,0.0074,3.1274
20250224,PM_2.5,Organic_Carbon,1.84,USA-LosAngeles-0001-36.4988N_118.8248W_1801,"Visalia-Porterville, CA 1",36.498835,-118.824821,government,AQS,SPECIES_USA-LosAngeles-0001_,,,,US,Sequoia National Park,,,,,,,,,,,,,MAIA_ANC_SURFACEMONITOR_PM_2.5_SPECIES_USA-LosAngeles_20250224T000000Z_F01_V2026p06p10.nc,-9999.0,0.0039,0.7375
20250224,PM_2.5,Organic_Carbon,2.66,USA-LosAngeles-0001-36.7854N_119.7732W_1801,"Fresno, CA 1",36.78538,-119.77321,government,AQS,SPECIES_USA-LosAngeles-0001_,,,,US,Fresno,,,,,,,,,,,,,MAIA_ANC_SURFACEMONITOR_PM_2.5_SPECIES_USA-LosAngeles_20250224T000000Z_F01_V2026p06p10.nc,-9999.0,0.0143,2.805
20250224,PM_2.5,Organic_Carbon,2.864,USA-LosAngeles-0001-36.7854N_119.7732W_1805,"Fresno, CA 5",36.78538,-119.77321,government,AQS,SPECIES_USA-LosAngeles-0001_,,,,US,Fresno,,,,,,,,,,,,,MAIA_ANC_SURFACEMONITOR_PM_2.5_SPECIES_USA-LosAngeles_20250224T000000Z_F01_V2026p06p10.nc,-9999.0,0.0159,3.0931
20250224,PM_2.5,Organic_Carbon,0.36,USA-LosAngeles-0001-37.3607N_118.3308W_1801,"Bishop, CA 1",37.360684,-118.330783,government,AQS,SPECIES_USA-LosAngeles-0001_,,,,US,Not in a City,,,,,,,,,,,,,MAIA_ANC_SURFACEMONITOR_PM_2.5_SPECIES_USA-LosAngeles_20250224T000000Z_F01_V2026p06p10.nc,-9999.0,0.0016,0.3043
20250224,PM_2.5,Organic_Carbon,0.31,USA-LosAngeles-0001-37.7133N_119.7062W_1801, 1,37.71325,-119.7062,government,AQS,SPECIES_USA-LosAngeles-0001_,,,,US,Not in a City,,,,,,,,,,,,,MAIA_ANC_SURFACEMONITOR_PM_2.5_SPECIES_USA-LosAngeles_20250224T000000Z_F01_V2026p06p10.nc,-9999.0,0.0014,0.2612
20250224,PM_2.5,Sulfate,0.86,USA-LosAngeles-0001-33.8306N_117.9385W_1811,"Los Angeles-Long Beach-Anaheim, CA 11",33.83062,-117.93845,government,AQS,SPECIES_USA-LosAngeles-0001_,,,,US,Anaheim,,,,,,,,,,,,,MAIA_ANC_SURFACEMONITOR_PM_2.5_SPECIES_USA-LosAngeles_20250224T000000Z_F01_V2026p06p10.nc,-9999.0,0.0,
20250224,PM_2.5,Sulfate,0.91,USA-LosAngeles-0001-33.9996N_117.4160W_1805,"Riverside-San Bernardino-Ontario, CA 5",33.99958,-117.41601,government,AQS,SPECIES_USA-LosAngeles-0001_,,,,US,Rubidoux,,,,,,,,,,,,,MAIA_ANC_SURFACEMONITOR_PM_2.5_SPECIES_USA-LosAngeles_20250224T000000Z_F01_V2026p06p10.nc,-9999.0,0.0022,0.428
20250224,PM_2.5,Sulfate,0.93,USA-LosAngeles-0001-33.9996N_117.4160W_1806,"Riverside-San Bernardino-Ontario, CA 6",33.99958,-117.41601,government,AQS,SPECIES_USA-LosAngeles-0001_,,,,US,Rubidoux,,,,,,,,,,,,,MAIA_ANC_SURFACEMONITOR_PM_2.5_SPECIES_USA-LosAngeles_20250224T000000Z_F01_V2026p06p10.nc,-9999.0,0.0008,0.3458
20250224,PM_2.5,Sulfate,0.9,USA-LosAngeles-0001-33.9996N_117.4160W_1811,"Riverside-San Bernardino-Ontario, CA 11",33.99958,-117.41601,government,AQS,SPECIES_USA-LosAngeles-0001_,,,,US,Rubidoux,,,,,,,,,,,,,MAIA_ANC_SURFACEMONITOR_PM_2.5_SPECIES_USA-LosAngeles_20250224T000000Z_F01_V2026p06p10.nc,-9999.0,0.0,
20250224,PM_2.5,Sulfate,0.96,USA-LosAngeles-0001-34.0666N_118.2269W_1805,"Los Angeles-Long Beach-Anaheim, CA 5",34.06659,-118.22688,government,AQS,SPECIES_USA-LosAngeles-0001_,,,,US,Los Angeles,,,,,,,,,,,,,MAIA_ANC_SURFACEMONITOR_PM_2.5_SPECIES_USA-LosAngeles_20250224T000000Z_F01_V2026p06p10.nc,-9999.0,0.0026,0.4829
20250224,PM_2.5,Sulfate,0.84,USA-LosAngeles-0001-34.0666N_118.2269W_1811,"Los Angeles-Long Beach-Anaheim, CA 11",34.06659,-118.22688,government,AQS,SPECIES_USA-LosAngeles-0001_,,,,US,Los Angeles,,,,,,,,,,,,,MAIA_ANC_SURFACEMONITOR_PM_2.5_SPECIES_USA-LosAngeles_20250224T000000Z_F01_V2026p06p10.nc,-9999.0,0.0,
20250224,PM_2.5,Sulfate,1.0,USA-LosAngeles-0001-34.0666N_118.2269W_1812,"Los Angeles-Long Beach-Anaheim, CA 12",34.06659,-118.22688,government,AQS,SPECIES_USA-LosAngeles-0001_,,,,US,Los Angeles,,,,,,,,,,,,,MAIA_ANC_SURFACEMONITOR_PM_2.5_SPECIES_USA-LosAngeles_20250224T000000Z_F01_V2026p06p10.nc,-9999.0,0.0,
20250224,PM_2.5,Sulfate,0.71,USA-LosAngeles-0001-34.1000N_117.4920W_1811,"Riverside-San Bernardino-Ontario, CA 11",34.10002,-117.49201,government,AQS,SPECIES_USA-LosAngeles-0001_,,,,US,Fontana,,,,,,,,,,,,,MAIA_ANC_SURFACEMONITOR_PM_2.5_SPECIES_USA-LosAngeles_20250224T000000Z_F01_V2026p06p10.nc,-9999.0,0.0,
20250224,PM_2.5,Sulfate,0.266,USA-LosAngeles-0001-34.1939N_116.9141W_1801,"Riverside-San Bernardino-Ontario, CA 1",34.193925,-116.914063,government,AQS,SPECIES_USA-LosAngeles-0001_,,,,US,Not in a City,,,,,,,,,,,,,MAIA_ANC_SURFACEMONITOR_PM_2.5_SPECIES_USA-LosAngeles_20250224T000000Z_F01_V2026p06p10.nc,-9999.0,0.0009,0.2194
20250224,PM_2.5,Sulfate,0.4,USA-LosAngeles-0001-34.8219N_118.8876W_1801,"Bakersfield, CA 1",34.821922,-118.887598,government,AQS,SPECIES_USA-LosAngeles-0001_,,,,US,Lebec,,,,,,,,,,,,,MAIA_ANC_SURFACEMONITOR_PM_2.5_SPECIES_USA-LosAngeles_20250224T000000Z_F01_V2026p06p10.nc,-9999.0,0.0017,0.3592
20250224,PM_2.5,Sulfate,0.97,USA-LosAngeles-0001-35.3566N_119.0626W_1805,"Bakersfield, CA 5",35.356615,-119.062613,government,AQS,SPECIES_USA-LosAngeles-0001_,,,,US,Bakersfield,,,,,,,,,,,,,MAIA_ANC_SURFACEMONITOR_PM_2.5_SPECIES_USA-LosAngeles_20250224T000000Z_F01_V2026p06p10.nc,-9999.0,0.0036,0.7107
20250224,PM_2.5,Sulfate,1.09,USA-LosAngeles-0001-35.3566N_119.0626W_1806,"Bakersfield, CA 6",35.356615,-119.062613,government,AQS,SPECIES_USA-LosAngeles-0001_,,,,US,Bakersfield,,,,,,,,,,,,,MAIA_ANC_SURFACEMONITOR_PM_2.5_SPECIES_USA-LosAngeles_20250224T000000Z_F01_V2026p06p10.nc,-9999.0,0.0017,0.7843
20250224,PM_2.5,Sulfate,0.92,USA-LosAngeles-0001-36.3081N_119.3129W_1805,N/A,36.30815,-119.3129,government,AQS,SPECIES_USA-LosAngeles-0001_,,,,US,N/A,,,,,,,,,,,,,MAIA_ANC_SURFACEMONITOR_PM_2.5_SPECIES_USA-LosAngeles_20250224T000000Z_F01_V2026p06p10.nc,-9999.0,0.0017,0.7715
20250224,PM_2.5,Sulfate,0.638,USA-LosAngeles-0001-36.4988N_118.8248W_1801,"Visalia-Porterville, CA 1",36.498835,-118.824821,government,AQS,SPECIES_USA-LosAngeles-0001_,,,,US,Sequoia National Park,,,,,,,,,,,,,MAIA_ANC_SURFACEMONITOR_PM_2.5_SPECIES_USA-LosAngeles_20250224T000000Z_F01_V2026p06p10.nc,-9999.0,0.0021,0.4905
20250224,PM_2.5,Sulfate,0.673,USA-LosAngeles-0001-36.7854N_119.7732W_1801,"Fresno, CA 1",36.78538,-119.77321,government,AQS,SPECIES_USA-LosAngeles-0001_,,,,US,Fresno,,,,,,,,,,,,,MAIA_ANC_SURFACEMONITOR_PM_2.5_SPECIES_USA-LosAngeles_20250224T000000Z_F01_V2026p06p10.nc,-9999.0,0.0022,0.3933
20250224,PM_2.5,Sulfate,0.7,USA-LosAngeles-0001-36.7854N_119.7732W_1805,"Fresno, CA 5",36.78538,-119.77321,government,AQS,SPECIES_USA-LosAngeles-0001_,,,,US,Fresno,,,,,,,,,,,,,MAIA_ANC_SURFACEMONITOR_PM_2.5_SPECIES_USA-LosAngeles_20250224T000000Z_F01_V2026p06p10.nc,-9999.0,0.0022,0.3885
20250224,PM_2.5,Sulfate,0.237,USA-LosAngeles-0001-37.3607N_118.3308W_1801,"Bishop, CA 1",37.360684,-118.330783,government,AQS,SPECIES_USA-LosAngeles-0001_,,,,US,Not in a City,,,,,,,,,,,,,MAIA_ANC_SURFACEMONITOR_PM_2.5_SPECIES_USA-LosAngeles_20250224T000000Z_F01_V2026p06p10.nc,-9999.0,0.0006,0.1333
20250224,PM_2.5,Sulfate,0.244,USA-LosAngeles-0001-37.7133N_119.7062W_1801, 1,37.71325,-119.7062,government,AQS,SPECIES_USA-LosAngeles-0001_,,,,US,Not in a City,,,,,,,,,,,,,MAIA_ANC_SURFACEMONITOR_PM_2.5_SPECIES_USA-LosAngeles_20250224T000000Z_F01_V2026p06p10.nc,-9999.0,0.0006,0.1146
20250225,PM_2.5,Black_Carbon,0.0,USA-LosAngeles-0001-34.1994N_118.1732W_0800,AethLabs JPL,34.19941255,-118.1732079,research,aethalometer,SPECIES_USA-LosAngeles-0001_,,,,US,Pasadena,0.0028,900.0,0.0,0.0,0.0,720.0,0.0,0.0,898.0,900.0,0.0,2.0,MAIA_ANC_SURFACEMONITOR_PM_2.5_SPECIES_USA-LosAngeles_20250225T000000Z_F01_V2026p06p10.nc,,,
20250226,PM_2.5,Black_Carbon,0.0,USA-LosAngeles-0001-34.1994N_118.1732W_0800,AethLabs JPL,34.19941255,-118.1732079,research,aethalometer,SPECIES_USA-LosAngeles-0001_,,,,US,Pasadena,0.0028,900.0,0.0,0.0,0.0,720.0,0.0,0.0,898.0,900.0,0.0,2.0,MAIA_ANC_SURFACEMONITOR_PM_2.5_SPECIES_USA-LosAngeles_20250226T000000Z_F01_V2026p06p10.nc,,,
20250227,PM_2.5,Black_Carbon,3.8254,USA-LosAngeles-0001-34.1994N_118.1732W_0800,AethLabs JPL,34.19941255,-118.1732079,research,aethalometer,SPECIES_USA-LosAngeles-0001_,,,,US,Pasadena,0.1611,1518.0,787.0,4.0,0.0,1440.0,0.0,0.0,495.0,1518.0,0.0,232.0,MAIA_ANC_SURFACEMONITOR_PM_2.5_SPECIES_USA-LosAngeles_20250227T000000Z_F01_V2026p06p10.nc,,,
20250227,PM_2.5,Dust,0.4214,USA-LosAngeles-0001-33.4636N_116.9715W_1801,"Riverside-San Bernardino-Ontario, CA 1",33.463644,-116.971457,government,AQS,SPECIES_USA-LosAngeles-0001_,,,,US,Not in a City,,,,,,,,,,,,,MAIA_ANC_SURFACEMONITOR_PM_2.5_SPECIES_USA-LosAngeles_20250227T000000Z_F01_V2026p06p10.nc,1.0,0.11511,0.1027570695053792
20250227,PM_2.5,Dust,1.6453,USA-LosAngeles-0001-33.9996N_117.4160W_1805,"Riverside-San Bernardino-Ontario, CA 5",33.99958,-117.41601,government,AQS,SPECIES_USA-LosAngeles-0001_,,,,US,Rubidoux,,,,,,,,,,,,,MAIA_ANC_SURFACEMONITOR_PM_2.5_SPECIES_USA-LosAngeles_20250227T000000Z_F01_V2026p06p10.nc,1.0,0.5335542857142856,0.4391476895356388
20250227,PM_2.5,Dust,1.9285,USA-LosAngeles-0001-34.0666N_118.2269W_1805,"Los Angeles-Long Beach-Anaheim, CA 5",34.06659,-118.22688,government,AQS,SPECIES_USA-LosAngeles-0001_,,,,US,Los Angeles,,,,,,,,,,,,,MAIA_ANC_SURFACEMONITOR_PM_2.5_SPECIES_USA-LosAngeles_20250227T000000Z_F01_V2026p06p10.nc,0.0,0.4984655555555555,0.212759877959017
20250227,PM_2.5,Dust,0.3489,USA-LosAngeles-0001-34.1939N_116.9141W_1801,"Riverside-San Bernardino-Ontario, CA 1",34.193925,-116.914063,government,AQS,SPECIES_USA-LosAngeles-0001_,,,,US,Not in a City,,,,,,,,,,,,,MAIA_ANC_SURFACEMONITOR_PM_2.5_SPECIES_USA-LosAngeles_20250227T000000Z_F01_V2026p06p10.nc,1.0,0.14613428571428572,0.10679221919986799
20250227,PM_2.5,Dust,1.4989,USA-LosAngeles-0001-34.1994N_118.1732W_1700,jpl,34.199433,-118.17317,research,amod-speciated,SPECIES_USA-LosAngeles-0001_,,,,US,Pasadena,,,,,,,,,,,,,MAIA_ANC_SURFACEMONITOR_PM_2.5_SPECIES_USA-LosAngeles_20250227T000000Z_F01_V2026p06p10.nc,-9999.0,-9999.0,-9999.0
20250227,PM_2.5,Dust,0.2654,USA-LosAngeles-0001-34.8219N_118.8876W_1801,"Bakersfield, CA 1",34.821922,-118.887598,government,AQS,SPECIES_USA-LosAngeles-0001_,,,,US,Lebec,,,,,,,,,,,,,MAIA_ANC_SURFACEMONITOR_PM_2.5_SPECIES_USA-LosAngeles_20250227T000000Z_F01_V2026p06p10.nc,1.0,0.07655555555555556,0.07200214674440249
20250227,PM_2.5,Dust,0.9443,USA-LosAngeles-0001-35.3566N_119.0626W_1805,"Bakersfield, CA 5",35.356615,-119.062613,government,AQS,SPECIES_USA-LosAngeles-0001_,,,,US,Bakersfield,,,,,,,,,,,,,MAIA_ANC_SURFACEMONITOR_PM_2.5_SPECIES_USA-LosAngeles_20250227T000000Z_F01_V2026p06p10.nc,1.0,0.48866500000000007,0.38425013796354063
20250227,PM_2.5,Dust,0.298,USA-LosAngeles-0001-36.4988N_118.8248W_1801,"Visalia-Porterville, CA 1",36.498835,-118.824821,government,AQS,SPECIES_USA-LosAngeles-0001_,,,,US,Sequoia National Park,,,,,,,,,,,,,MAIA_ANC_SURFACEMONITOR_PM_2.5_SPECIES_USA-LosAngeles_20250227T000000Z_F01_V2026p06p10.nc,1.0,0.13345222222222222,0.13697935495522898
20250227,PM_2.5,Dust,0.8649,USA-LosAngeles-0001-36.7854N_119.7732W_1801,"Fresno, CA 1",36.78538,-119.77321,government,AQS,SPECIES_USA-LosAngeles-0001_,,,,US,Fresno,,,,,,,,,,,,,MAIA_ANC_SURFACEMONITOR_PM_2.5_SPECIES_USA-LosAngeles_20250227T000000Z_F01_V2026p06p10.nc,1.0,0.37292777777777775,0.23853420773911738
20250227,PM_2.5,Dust,0.9758,USA-LosAngeles-0001-36.7854N_119.7732W_1805,"Fresno, CA 5",36.78538,-119.77321,government,AQS,SPECIES_USA-LosAngeles-0001_,,,,US,Fresno,,,,,,,,,,,,,MAIA_ANC_SURFACEMONITOR_PM_2.5_SPECIES_USA-LosAngeles_20250227T000000Z_F01_V2026p06p10.nc,1.0,0.4019425000000001,0.2987723993590272
20250227,PM_2.5,Dust,0.5293,USA-LosAngeles-0001-37.3607N_118.3308W_1801,"Bishop, CA 1",37.360684,-118.330783,government,AQS,SPECIES_USA-LosAngeles-0001_,,,,US,Not in a City,,,,,,,,,,,,,MAIA_ANC_SURFACEMONITOR_PM_2.5_SPECIES_USA-LosAngeles_20250227T000000Z_F01_V2026p06p10.nc,1.0,0.26677125,0.2548114590455804
20250227,PM_2.5,Dust,0.3199,USA-LosAngeles-0001-37.7133N_119.7062W_1801, 1,37.71325,-119.7062,government,AQS,SPECIES_USA-LosAngeles-0001_,,,,US,Not in a City,,,,,,,,,,,,,MAIA_ANC_SURFACEMONITOR_PM_2.5_SPECIES_USA-LosAngeles_20250227T000000Z_F01_V2026p06p10.nc,1.0,0.10346777777777778,0.1328911452428288
20250227,PM_2.5,Dust,0.3158,USA-LosAngeles-0001-37.7133N_119.7062W_1802, 2,37.71325,-119.7062,government,AQS,SPECIES_USA-LosAngeles-0001_,,,,US,Not in a City,,,,,,,,,,,,,MAIA_ANC_SURFACEMONITOR_PM_2.5_SPECIES_USA-LosAngeles_20250227T000000Z_F01_V2026p06p10.nc,-9999.0,-9999.0,-9999.0
20250227,PM_2.5,Elemental_Carbon,0.07,USA-LosAngeles-0001-33.4636N_116.9715W_1801,"Riverside-San Bernardino-Ontario, CA 1",33.463644,-116.971457,government,AQS,SPECIES_USA-LosAngeles-0001_,,,,US,Not in a City,,,,,,,,,,,,,MAIA_ANC_SURFACEMONITOR_PM_2.5_SPECIES_USA-LosAngeles_20250227T000000Z_F01_V2026p06p10.nc,-9999.0,0.0005,0.1481
20250227,PM_2.5,Elemental_Carbon,0.702,USA-LosAngeles-0001-33.9996N_117.4160W_1805,"Riverside-San Bernardino-Ontario, CA 5",33.99958,-117.41601,government,AQS,SPECIES_USA-LosAngeles-0001_,,,,US,Rubidoux,,,,,,,,,,,,,MAIA_ANC_SURFACEMONITOR_PM_2.5_SPECIES_USA-LosAngeles_20250227T000000Z_F01_V2026p06p10.nc,-9999.0,0.0044,0.7836
20250227,PM_2.5,Elemental_Carbon,1.3,USA-LosAngeles-0001-34.0666N_118.2269W_1805,"Los Angeles-Long Beach-Anaheim, CA 5",34.06659,-118.22688,government,AQS,SPECIES_USA-LosAngeles-0001_,,,,US,Los Angeles,,,,,,,,,,,,,MAIA_ANC_SURFACEMONITOR_PM_2.5_SPECIES_USA-LosAngeles_20250227T000000Z_F01_V2026p06p10.nc,-9999.0,0.0007,0.9973
20250227,PM_2.5,Elemental_Carbon,0.0,USA-LosAngeles-0001-34.1939N_116.9141W_1801,"Riverside-San Bernardino-Ontario, CA 1",34.193925,-116.914063,government,AQS,SPECIES_USA-LosAngeles-0001_,,,,US,Not in a City,,,,,,,,,,,,,MAIA_ANC_SURFACEMONITOR_PM_2.5_SPECIES_USA-LosAngeles_20250227T000000Z_F01_V2026p06p10.nc,-9999.0,0.0003,0.0594
20250227,PM_2.5,Elemental_Carbon,0.04,USA-LosAngeles-0001-34.8219N_118.8876W_1801,"Bakersfield, CA 1",34.821922,-118.887598,government,AQS,SPECIES_USA-LosAngeles-0001_,,,,US,Lebec,,,,,,,,,,,,,MAIA_ANC_SURFACEMONITOR_PM_2.5_SPECIES_USA-LosAngeles_20250227T000000Z_F01_V2026p06p10.nc,-9999.0,0.0005,0.0804
20250227,PM_2.5,Elemental_Carbon,0.705,USA-LosAngeles-0001-35.3566N_119.0626W_1805,"Bakersfield, CA 5",35.356615,-119.062613,government,AQS,SPECIES_USA-LosAngeles-0001_,,,,US,Bakersfield,,,,,,,,,,,,,MAIA_ANC_SURFACEMONITOR_PM_2.5_SPECIES_USA-LosAngeles_20250227T000000Z_F01_V2026p06p10.nc,-9999.0,0.0034,0.6519
20250227,PM_2.5,Elemental_Carbon,0.09,USA-LosAngeles-0001-36.4988N_118.8248W_1801,"Visalia-Porterville, CA 1",36.498835,-118.824821,government,AQS,SPECIES_USA-LosAngeles-0001_,,,,US,Sequoia National Park,,,,,,,,,,,,,MAIA_ANC_SURFACEMONITOR_PM_2.5_SPECIES_USA-LosAngeles_20250227T000000Z_F01_V2026p06p10.nc,-9999.0,0.0006,0.1244
20250227,PM_2.5,Elemental_Carbon,0.82,USA-LosAngeles-0001-36.7854N_119.7732W_1801,"Fresno, CA 1",36.78538,-119.77321,government,AQS,SPECIES_USA-LosAngeles-0001_,,,,US,Fresno,,,,,,,,,,,,,MAIA_ANC_SURFACEMONITOR_PM_2.5_SPECIES_USA-LosAngeles_20250227T000000Z_F01_V2026p06p10.nc,-9999.0,0.0039,0.7508
20250227,PM_2.5,Elemental_Carbon,0.06,USA-LosAngeles-0001-37.3607N_118.3308W_1801,"Bishop, CA 1",37.360684,-118.330783,government,AQS,SPECIES_USA-LosAngeles-0001_,,,,US,Not in a City,,,,,,,,,,,,,MAIA_ANC_SURFACEMONITOR_PM_2.5_SPECIES_USA-LosAngeles_20250227T000000Z_F01_V2026p06p10.nc,-9999.0,0.0002,0.0513
20250227,PM_2.5,Elemental_Carbon,0.09,USA-LosAngeles-0001-37.7133N_119.7062W_1801, 1,37.71325,-119.7062,government,AQS,SPECIES_USA-LosAngeles-0001_,,,,US,Not in a City,,,,,,,,,,,,,MAIA_ANC_SURFACEMONITOR_PM_2.5_SPECIES_USA-LosAngeles_20250227T000000Z_F01_V2026p06p10.nc,-9999.0,0.0001,0.0276
20250227,PM_2.5,Nitrate,0.075,USA-LosAngeles-0001-33.4636N_116.9715W_1801,"Riverside-San Bernardino-Ontario, CA 1",33.463644,-116.971457,government,AQS,SPECIES_USA-LosAngeles-0001_,,,,US,Not in a City,,,,,,,,,,,,,MAIA_ANC_SURFACEMONITOR_PM_2.5_SPECIES_USA-LosAngeles_20250227T000000Z_F01_V2026p06p10.nc,-9999.0,0.0012,0.3999
20250227,PM_2.5,Nitrate,0.14,USA-LosAngeles-0001-33.9996N_117.4160W_1805,"Riverside-San Bernardino-Ontario, CA 5",33.99958,-117.41601,government,AQS,SPECIES_USA-LosAngeles-0001_,,,,US,Rubidoux,,,,,,,,,,,,,MAIA_ANC_SURFACEMONITOR_PM_2.5_SPECIES_USA-LosAngeles_20250227T000000Z_F01_V2026p06p10.nc,-9999.0,0.0154,3.146
20250227,PM_2.5,Nitrate,0.89,USA-LosAngeles-0001-34.0666N_118.2269W_1805,"Los Angeles-Long Beach-Anaheim, CA 5",34.06659,-118.22688,government,AQS,SPECIES_USA-LosAngeles-0001_,,,,US,Los Angeles,,,,,,,,,,,,,MAIA_ANC_SURFACEMONITOR_PM_2.5_SPECIES_USA-LosAngeles_20250227T000000Z_F01_V2026p06p10.nc,-9999.0,0.0147,2.8314
20250227,PM_2.5,Nitrate,0.039,USA-LosAngeles-0001-34.1939N_116.9141W_1801,"Riverside-San Bernardino-Ontario, CA 1",34.193925,-116.914063,government,AQS,SPECIES_USA-LosAngeles-0001_,,,,US,Not in a City,,,,,,,,,,,,,MAIA_ANC_SURFACEMONITOR_PM_2.5_SPECIES_USA-LosAngeles_20250227T000000Z_F01_V2026p06p10.nc,-9999.0,0.0025,0.7785
20250227,PM_2.5,Nitrate,0.031,USA-LosAngeles-0001-34.8219N_118.8876W_1801,"Bakersfield, CA 1",34.821922,-118.887598,government,AQS,SPECIES_USA-LosAngeles-0001_,,,,US,Lebec,,,,,,,,,,,,,MAIA_ANC_SURFACEMONITOR_PM_2.5_SPECIES_USA-LosAngeles_20250227T000000Z_F01_V2026p06p10.nc,-9999.0,0.0014,0.3972
20250227,PM_2.5,Nitrate,2.98,USA-LosAngeles-0001-35.3566N_119.0626W_1805,"Bakersfield, CA 5",35.356615,-119.062613,government,AQS,SPECIES_USA-LosAngeles-0001_,,,,US,Bakersfield,,,,,,,,,,,,,MAIA_ANC_SURFACEMONITOR_PM_2.5_SPECIES_USA-LosAngeles_20250227T000000Z_F01_V2026p06p10.nc,-9999.0,0.0135,2.9251
20250227,PM_2.5,Nitrate,0.168,USA-LosAngeles-0001-36.4988N_118.8248W_1801,"Visalia-Porterville, CA 1",36.498835,-118.824821,government,AQS,SPECIES_USA-LosAngeles-0001_,,,,US,Sequoia National Park,,,,,,,,,,,,,MAIA_ANC_SURFACEMONITOR_PM_2.5_SPECIES_USA-LosAngeles_20250227T000000Z_F01_V2026p06p10.nc,-9999.0,0.0027,0.9374
20250227,PM_2.5,Nitrate,2.899,USA-LosAngeles-0001-36.7854N_119.7732W_1801,"Fresno, CA 1",36.78538,-119.77321,government,AQS,SPECIES_USA-LosAngeles-0001_,,,,US,Fresno,,,,,,,,,,,,,MAIA_ANC_SURFACEMONITOR_PM_2.5_SPECIES_USA-LosAngeles_20250227T000000Z_F01_V2026p06p10.nc,-9999.0,0.0084,1.6066
20250227,PM_2.5,Nitrate,3.17,USA-LosAngeles-0001-36.7854N_119.7732W_1805,"Fresno, CA 5",36.78538,-119.77321,government,AQS,SPECIES_USA-LosAngeles-0001_,,,,US,Fresno,,,,,,,,,,,,,MAIA_ANC_SURFACEMONITOR_PM_2.5_SPECIES_USA-LosAngeles_20250227T000000Z_F01_V2026p06p10.nc,-9999.0,0.0089,1.7027
20250227,PM_2.5,Nitrate,0.034,USA-LosAngeles-0001-37.3607N_118.3308W_1801,"Bishop, CA 1",37.360684,-118.330783,government,AQS,SPECIES_USA-LosAngeles-0001_,,,,US,Not in a City,,,,,,,,,,,,,MAIA_ANC_SURFACEMONITOR_PM_2.5_SPECIES_USA-LosAngeles_20250227T000000Z_F01_V2026p06p10.nc,-9999.0,0.0002,0.0455
20250227,PM_2.5,Nitrate,0.052,USA-LosAngeles-0001-37.7133N_119.7062W_1801, 1,37.71325,-119.7062,government,AQS,SPECIES_USA-LosAngeles-0001_,,,,US,Not in a City,,,,,,,,,,,,,MAIA_ANC_SURFACEMONITOR_PM_2.5_SPECIES_USA-LosAngeles_20250227T000000Z_F01_V2026p06p10.nc,-9999.0,0.0003,0.0634
20250227,PM_2.5,Organic_Carbon,0.14,USA-LosAngeles-0001-33.4636N_116.9715W_1801,"Riverside-San Bernardino-Ontario, CA 1",33.463644,-116.971457,government,AQS,SPECIES_USA-LosAngeles-0001_,,,,US,Not in a City,,,,,,,,,,,,,MAIA_ANC_SURFACEMONITOR_PM_2.5_SPECIES_USA-LosAngeles_20250227T000000Z_F01_V2026p06p10.nc,-9999.0,0.0025,0.6961
20250227,PM_2.5,Organic_Carbon,1.024,USA-LosAngeles-0001-33.9996N_117.4160W_1805,"Riverside-San Bernardino-Ontario, CA 5",33.99958,-117.41601,government,AQS,SPECIES_USA-LosAngeles-0001_,,,,US,Rubidoux,,,,,,,,,,,,,MAIA_ANC_SURFACEMONITOR_PM_2.5_SPECIES_USA-LosAngeles_20250227T000000Z_F01_V2026p06p10.nc,-9999.0,0.0119,2.0149
20250227,PM_2.5,Organic_Carbon,2.583,USA-LosAngeles-0001-34.0666N_118.2269W_1805,"Los Angeles-Long Beach-Anaheim, CA 5",34.06659,-118.22688,government,AQS,SPECIES_USA-LosAngeles-0001_,,,,US,Los Angeles,,,,,,,,,,,,,MAIA_ANC_SURFACEMONITOR_PM_2.5_SPECIES_USA-LosAngeles_20250227T000000Z_F01_V2026p06p10.nc,-9999.0,0.0019,2.7111
20250227,PM_2.5,Organic_Carbon,0.17,USA-LosAngeles-0001-34.1939N_116.9141W_1801,"Riverside-San Bernardino-Ontario, CA 1",34.193925,-116.914063,government,AQS,SPECIES_USA-LosAngeles-0001_,,,,US,Not in a City,,,,,,,,,,,,,MAIA_ANC_SURFACEMONITOR_PM_2.5_SPECIES_USA-LosAngeles_20250227T000000Z_F01_V2026p06p10.nc,-9999.0,0.0016,0.362
20250227,PM_2.5,Organic_Carbon,0.1,USA-LosAngeles-0001-34.8219N_118.8876W_1801,"Bakersfield, CA 1",34.821922,-118.887598,government,AQS,SPECIES_USA-LosAngeles-0001_,,,,US,Lebec,,,,,,,,,,,,,MAIA_ANC_SURFACEMONITOR_PM_2.5_SPECIES_USA-LosAngeles_20250227T000000Z_F01_V2026p06p10.nc,-9999.0,0.0029,0.486
20250227,PM_2.5,Organic_Carbon,2.937,USA-LosAngeles-0001-35.3566N_119.0626W_1805,"Bakersfield, CA 5",35.356615,-119.062613,government,AQS,SPECIES_USA-LosAngeles-0001_,,,,US,Bakersfield,,,,,,,,,,,,,MAIA_ANC_SURFACEMONITOR_PM_2.5_SPECIES_USA-LosAngeles_20250227T000000Z_F01_V2026p06p10.nc,-9999.0,0.0123,2.2473
20250227,PM_2.5,Organic_Carbon,0.63,USA-LosAngeles-0001-36.4988N_118.8248W_1801,"Visalia-Porterville, CA 1",36.498835,-118.824821,government,AQS,SPECIES_USA-LosAngeles-0001_,,,,US,Sequoia National Park,,,,,,,,,,,,,MAIA_ANC_SURFACEMONITOR_PM_2.5_SPECIES_USA-LosAngeles_20250227T000000Z_F01_V2026p06p10.nc,-9999.0,0.0039,0.7375
20250227,PM_2.5,Organic_Carbon,2.92,USA-LosAngeles-0001-36.7854N_119.7732W_1801,"Fresno, CA 1",36.78538,-119.77321,government,AQS,SPECIES_USA-LosAngeles-0001_,,,,US,Fresno,,,,,,,,,,,,,MAIA_ANC_SURFACEMONITOR_PM_2.5_SPECIES_USA-LosAngeles_20250227T000000Z_F01_V2026p06p10.nc,-9999.0,0.0143,2.805
20250227,PM_2.5,Organic_Carbon,0.15,USA-LosAngeles-0001-37.3607N_118.3308W_1801,"Bishop, CA 1",37.360684,-118.330783,government,AQS,SPECIES_USA-LosAngeles-0001_,,,,US,Not in a City,,,,,,,,,,,,,MAIA_ANC_SURFACEMONITOR_PM_2.5_SPECIES_USA-LosAngeles_20250227T000000Z_F01_V2026p06p10.nc,-9999.0,0.0016,0.3043
20250227,PM_2.5,Organic_Carbon,0.38,USA-LosAngeles-0001-37.7133N_119.7062W_1801, 1,37.71325,-119.7062,government,AQS,SPECIES_USA-LosAngeles-0001_,,,,US,Not in a City,,,,,,,,,,,,,MAIA_ANC_SURFACEMONITOR_PM_2.5_SPECIES_USA-LosAngeles_20250227T000000Z_F01_V2026p06p10.nc,-9999.0,0.0014,0.2612
20250227,PM_2.5,Sulfate,0.159,USA-LosAngeles-0001-33.4636N_116.9715W_1801,"Riverside-San Bernardino-Ontario, CA 1",33.463644,-116.971457,government,AQS,SPECIES_USA-LosAngeles-0001_,,,,US,Not in a City,,,,,,,,,,,,,MAIA_ANC_SURFACEMONITOR_PM_2.5_SPECIES_USA-LosAngeles_20250227T000000Z_F01_V2026p06p10.nc,-9999.0,0.0011,0.3562
20250227,PM_2.5,Sulfate,0.21,USA-LosAngeles-0001-33.9996N_117.4160W_1805,"Riverside-San Bernardino-Ontario, CA 5",33.99958,-117.41601,government,AQS,SPECIES_USA-LosAngeles-0001_,,,,US,Rubidoux,,,,,,,,,,,,,MAIA_ANC_SURFACEMONITOR_PM_2.5_SPECIES_USA-LosAngeles_20250227T000000Z_F01_V2026p06p10.nc,-9999.0,0.0022,0.428
20250227,PM_2.5,Sulfate,0.54,USA-LosAngeles-0001-34.0666N_118.2269W_1805,"Los Angeles-Long Beach-Anaheim, CA 5",34.06659,-118.22688,government,AQS,SPECIES_USA-LosAngeles-0001_,,,,US,Los Angeles,,,,,,,,,,,,,MAIA_ANC_SURFACEMONITOR_PM_2.5_SPECIES_USA-LosAngeles_20250227T000000Z_F01_V2026p06p10.nc,-9999.0,0.0026,0.4829
20250227,PM_2.5,Sulfate,0.106,USA-LosAngeles-0001-34.1939N_116.9141W_1801,"Riverside-San Bernardino-Ontario, CA 1",34.193925,-116.914063,government,AQS,SPECIES_USA-LosAngeles-0001_,,,,US,Not in a City,,,,,,,,,,,,,MAIA_ANC_SURFACEMONITOR_PM_2.5_SPECIES_USA-LosAngeles_20250227T000000Z_F01_V2026p06p10.nc,-9999.0,0.0009,0.2194
20250227,PM_2.5,Sulfate,0.119,USA-LosAngeles-0001-34.8219N_118.8876W_1801,"Bakersfield, CA 1",34.821922,-118.887598,government,AQS,SPECIES_USA-LosAngeles-0001_,,,,US,Lebec,,,,,,,,,,,,,MAIA_ANC_SURFACEMONITOR_PM_2.5_SPECIES_USA-LosAngeles_20250227T000000Z_F01_V2026p06p10.nc,-9999.0,0.0017,0.3592
20250227,PM_2.5,Sulfate,1.0,USA-LosAngeles-0001-35.3566N_119.0626W_1805,"Bakersfield, CA 5",35.356615,-119.062613,government,AQS,SPECIES_USA-LosAngeles-0001_,,,,US,Bakersfield,,,,,,,,,,,,,MAIA_ANC_SURFACEMONITOR_PM_2.5_SPECIES_USA-LosAngeles_20250227T000000Z_F01_V2026p06p10.nc,-9999.0,0.0036,0.7107
20250227,PM_2.5,Sulfate,0.363,USA-LosAngeles-0001-36.4988N_118.8248W_1801,"Visalia-Porterville, CA 1",36.498835,-118.824821,government,AQS,SPECIES_USA-LosAngeles-0001_,,,,US,Sequoia National Park,,,,,,,,,,,,,MAIA_ANC_SURFACEMONITOR_PM_2.5_SPECIES_USA-LosAngeles_20250227T000000Z_F01_V2026p06p10.nc,-9999.0,0.0021,0.4905
20250227,PM_2.5,Sulfate,1.026,USA-LosAngeles-0001-36.7854N_119.7732W_1801,"Fresno, CA 1",36.78538,-119.77321,government,AQS,SPECIES_USA-LosAngeles-0001_,,,,US,Fresno,,,,,,,,,,,,,MAIA_ANC_SURFACEMONITOR_PM_2.5_SPECIES_USA-LosAngeles_20250227T000000Z_F01_V2026p06p10.nc,-9999.0,0.0022,0.3933
20250227,PM_2.5,Sulfate,1.06,USA-LosAngeles-0001-36.7854N_119.7732W_1805,"Fresno, CA 5",36.78538,-119.77321,government,AQS,SPECIES_USA-LosAngeles-0001_,,,,US,Fresno,,,,,,,,,,,,,MAIA_ANC_SURFACEMONITOR_PM_2.5_SPECIES_USA-LosAngeles_20250227T000000Z_F01_V2026p06p10.nc,-9999.0,0.0022,0.3885
20250227,PM_2.5,Sulfate,0.136,USA-LosAngeles-0001-37.3607N_118.3308W_1801,"Bishop, CA 1",37.360684,-118.330783,government,AQS,SPECIES_USA-LosAngeles-0001_,,,,US,Not in a City,,,,,,,,,,,,,MAIA_ANC_SURFACEMONITOR_PM_2.5_SPECIES_USA-LosAngeles_20250227T000000Z_F01_V2026p06p10.nc,-9999.0,0.0006,0.1333
20250227,PM_2.5,Sulfate,0.227,USA-LosAngeles-0001-37.7133N_119.7062W_1801, 1,37.71325,-119.7062,government,AQS,SPECIES_USA-LosAngeles-0001_,,,,US,Not in a City,,,,,,,,,,,,,MAIA_ANC_SURFACEMONITOR_PM_2.5_SPECIES_USA-LosAngeles_20250227T000000Z_F01_V2026p06p10.nc,-9999.0,0.0006,0.1146
20250228,PM_2.5,Black_Carbon,1.1933,USA-LosAngeles-0001-34.1994N_118.1732W_0800,AethLabs JPL,34.19941255,-118.1732079,research,aethalometer,SPECIES_USA-LosAngeles-0001_,,,,US,Pasadena,0.425,2225.0,1613.0,0.0,0.0,1440.0,0.0,0.0,0.0,2225.0,0.0,612.0,MAIA_ANC_SURFACEMONITOR_PM_2.5_SPECIES_USA-LosAngeles_20250228T000000Z_F01_V2026p06p10.nc,,,
20250301,PM_2.5,Black_Carbon,0.146,USA-LosAngeles-0001-34.1994N_118.1732W_0800,AethLabs JPL,34.19941255,-118.1732079,research,aethalometer,SPECIES_USA-LosAngeles-0001_,,,,US,Pasadena,1.2208,2201.0,433.0,3.0,0.0,1440.0,0.0,0.0,8.0,2201.0,0.0,1758.0,MAIA_ANC_SURFACEMONITOR_PM_2.5_SPECIES_USA-LosAngeles_20250301T000000Z_F01_V2026p06p10.nc,,,
20250302,PM_2.5,Black_Carbon,0.0453,USA-LosAngeles-0001-34.1994N_118.1732W_0800,AethLabs JPL,34.19941255,-118.1732079,research,aethalometer,SPECIES_USA-LosAngeles-0001_,,,,US,Pasadena,1.2896,2233.0,368.0,8.0,0.0,1440.0,0.0,0.0,0.0,2233.0,0.0,1857.0,MAIA_ANC_SURFACEMONITOR_PM_2.5_SPECIES_USA-LosAngeles_20250302T000000Z_F01_V2026p06p10.nc,,,
20250302,PM_2.5,Dust,0.1309,USA-LosAngeles-0001-33.4636N_116.9715W_1801,"Riverside-San Bernardino-Ontario, CA 1",33.463644,-116.971457,government,AQS,SPECIES_USA-LosAngeles-0001_,,,,US,Not in a City,,,,,,,,,,,,,MAIA_ANC_SURFACEMONITOR_PM_2.5_SPECIES_USA-LosAngeles_20250302T000000Z_F01_V2026p06p10.nc,1.0,0.26837,0.17711607617604905
20250302,PM_2.5,Dust,0.5446,USA-LosAngeles-0001-33.8306N_117.9385W_1811,"Los Angeles-Long Beach-Anaheim, CA 11",33.83062,-117.93845,government,AQS,SPECIES_USA-LosAngeles-0001_,,,,US,Anaheim,,,,,,,,,,,,,MAIA_ANC_SURFACEMONITOR_PM_2.5_SPECIES_USA-LosAngeles_20250302T000000Z_F01_V2026p06p10.nc,-9999.0,-9999.0,-9999.0
20250302,PM_2.5,Dust,0.1762,USA-LosAngeles-0001-33.9996N_117.4160W_1805,"Riverside-San Bernardino-Ontario, CA 5",33.99958,-117.41601,government,AQS,SPECIES_USA-LosAngeles-0001_,,,,US,Rubidoux,,,,,,,,,,,,,MAIA_ANC_SURFACEMONITOR_PM_2.5_SPECIES_USA-LosAngeles_20250302T000000Z_F01_V2026p06p10.nc,1.0,0.5915562499999999,0.46781773475194105
20250302,PM_2.5,Dust,0.1702,USA-LosAngeles-0001-33.9996N_117.4160W_1806,"Riverside-San Bernardino-Ontario, CA 6",33.99958,-117.41601,government,AQS,SPECIES_USA-LosAngeles-0001_,,,,US,Rubidoux,,,,,,,,,,,,,MAIA_ANC_SURFACEMONITOR_PM_2.5_SPECIES_USA-LosAngeles_20250302T000000Z_F01_V2026p06p10.nc,1.0,0.507874,0.2775461098700539
20250302,PM_2.5,Dust,0.4638,USA-LosAngeles-0001-33.9996N_117.4160W_1811,"Riverside-San Bernardino-Ontario, CA 11",33.99958,-117.41601,government,AQS,SPECIES_USA-LosAngeles-0001_,,,,US,Rubidoux,,,,,,,,,,,,,MAIA_ANC_SURFACEMONITOR_PM_2.5_SPECIES_USA-LosAngeles_20250302T000000Z_F01_V2026p06p10.nc,-9999.0,-9999.0,-9999.0
20250302,PM_2.5,Dust,0.2979,USA-LosAngeles-0001-34.0666N_118.2269W_1805,"Los Angeles-Long Beach-Anaheim, CA 5",34.06659,-118.22688,government,AQS,SPECIES_USA-LosAngeles-0001_,,,,US,Los Angeles,,,,,,,,,,,,,MAIA_ANC_SURFACEMONITOR_PM_2.5_SPECIES_USA-LosAngeles_20250302T000000Z_F01_V2026p06p10.nc,1.0,0.6086975000000001,0.16954684173923737
20250302,PM_2.5,Dust,0.6154,USA-LosAngeles-0001-34.0666N_118.2269W_1811,"Los Angeles-Long Beach-Anaheim, CA 11",34.06659,-118.22688,government,AQS,SPECIES_USA-LosAngeles-0001_,,,,US,Los Angeles,,,,,,,,,,,,,MAIA_ANC_SURFACEMONITOR_PM_2.5_SPECIES_USA-LosAngeles_20250302T000000Z_F01_V2026p06p10.nc,-9999.0,-9999.0,-9999.0
20250302,PM_2.5,Dust,0.625,USA-LosAngeles-0001-34.0666N_118.2269W_1812,"Los Angeles-Long Beach-Anaheim, CA 12",34.06659,-118.22688,government,AQS,SPECIES_USA-LosAngeles-0001_,,,,US,Los Angeles,,,,,,,,,,,,,MAIA_ANC_SURFACEMONITOR_PM_2.5_SPECIES_USA-LosAngeles_20250302T000000Z_F01_V2026p06p10.nc,-9999.0,-9999.0,-9999.0
20250302,PM_2.5,Dust,0.1934,USA-LosAngeles-0001-34.1939N_116.9141W_1801,"Riverside-San Bernardino-Ontario, CA 1",34.193925,-116.914063,government,AQS,SPECIES_USA-LosAngeles-0001_,,,,US,Not in a City,,,,,,,,,,,,,MAIA_ANC_SURFACEMONITOR_PM_2.5_SPECIES_USA-LosAngeles_20250302T000000Z_F01_V2026p06p10.nc,1.0,0.4093644444444444,0.23511156137322986
20250302,PM_2.5,Dust,0.1451,USA-LosAngeles-0001-34.8219N_118.8876W_1801,"Bakersfield, CA 1",34.821922,-118.887598,government,AQS,SPECIES_USA-LosAngeles-0001_,,,,US,Lebec,,,,,,,,,,,,,MAIA_ANC_SURFACEMONITOR_PM_2.5_SPECIES_USA-LosAngeles_20250302T000000Z_F01_V2026p06p10.nc,1.0,0.25581300000000007,0.17291968101115618
20250302,PM_2.5,Dust,0.1778,USA-LosAngeles-0001-35.3566N_119.0626W_1806,"Bakersfield, CA 6",35.356615,-119.062613,government,AQS,SPECIES_USA-LosAngeles-0001_,,,,US,Bakersfield,,,,,,,,,,,,,MAIA_ANC_SURFACEMONITOR_PM_2.5_SPECIES_USA-LosAngeles_20250302T000000Z_F01_V2026p06p10.nc,1.0,0.8610200000000002,0.6792222214415544
20250302,PM_2.5,Dust,0.2254,USA-LosAngeles-0001-36.3081N_119.3129W_1805,N/A,36.30815,-119.3129,government,AQS,SPECIES_USA-LosAngeles-0001_,,,,US,N/A,,,,,,,,,,,,,MAIA_ANC_SURFACEMONITOR_PM_2.5_SPECIES_USA-LosAngeles_20250302T000000Z_F01_V2026p06p10.nc,1.0,0.6459833333333334,0.320807823037753
20250302,PM_2.5,Dust,0.1202,USA-LosAngeles-0001-36.4988N_118.8248W_1801,"Visalia-Porterville, CA 1",36.498835,-118.824821,government,AQS,SPECIES_USA-LosAngeles-0001_,,,,US,Sequoia National Park,,,,,,,,,,,,,MAIA_ANC_SURFACEMONITOR_PM_2.5_SPECIES_USA-LosAngeles_20250302T000000Z_F01_V2026p06p10.nc,1.0,0.23684272727272726,0.17193270650254203
20250302,PM_2.5,Dust,0.1049,USA-LosAngeles-0001-36.7854N_119.7732W_1801,"Fresno, CA 1",36.78538,-119.77321,government,AQS,SPECIES_USA-LosAngeles-0001_,,,,US,Fresno,,,,,,,,,,,,,MAIA_ANC_SURFACEMONITOR_PM_2.5_SPECIES_USA-LosAngeles_20250302T000000Z_F01_V2026p06p10.nc,1.0,0.45894,0.3561421747560937
20250302,PM_2.5,Dust,0.2409,USA-LosAngeles-0001-36.7854N_119.7732W_1805,"Fresno, CA 5",36.78538,-119.77321,government,AQS,SPECIES_USA-LosAngeles-0001_,,,,US,Fresno,,,,,,,,,,,,,MAIA_ANC_SURFACEMONITOR_PM_2.5_SPECIES_USA-LosAngeles_20250302T000000Z_F01_V2026p06p10.nc,1.0,0.28003272727272727,0.24095082029670054
20250302,PM_2.5,Dust,0.4735,USA-LosAngeles-0001-37.3607N_118.3308W_1801,"Bishop, CA 1",37.360684,-118.330783,government,AQS,SPECIES_USA-LosAngeles-0001_,,,,US,Not in a City,,,,,,,,,,,,,MAIA_ANC_SURFACEMONITOR_PM_2.5_SPECIES_USA-LosAngeles_20250302T000000Z_F01_V2026p06p10.nc,1.0,0.5847877777777778,0.3990076377374744
20250302,PM_2.5,Dust,0.0299,USA-LosAngeles-0001-37.7133N_119.7062W_1801, 1,37.71325,-119.7062,government,AQS,SPECIES_USA-LosAngeles-0001_,,,,US,Not in a City,,,,,,,,,,,,,MAIA_ANC_SURFACEMONITOR_PM_2.5_SPECIES_USA-LosAngeles_20250302T000000Z_F01_V2026p06p10.nc,1.0,0.18311666666666668,0.17832051692263445
20250302,PM_2.5,Dust,0.0252,USA-LosAngeles-0001-37.7133N_119.7062W_1802, 2,37.71325,-119.7062,government,AQS,SPECIES_USA-LosAngeles-0001_,,,,US,Not in a City,,,,,,,,,,,,,MAIA_ANC_SURFACEMONITOR_PM_2.5_SPECIES_USA-LosAngeles_20250302T000000Z_F01_V2026p06p10.nc,1.0,0.196715,0.16870589090188878
20250302,PM_2.5,Elemental_Carbon,0.13,USA-LosAngeles-0001-33.4636N_116.9715W_1801,"Riverside-San Bernardino-Ontario, CA 1",33.463644,-116.971457,government,AQS,SPECIES_USA-LosAngeles-0001_,,,,US,Not in a City,,,,,,,,,,,,,MAIA_ANC_SURFACEMONITOR_PM_2.5_SPECIES_USA-LosAngeles_20250302T000000Z_F01_V2026p06p10.nc,-9999.0,0.0004,0.181
20250302,PM_2.5,Elemental_Carbon,0.167,USA-LosAngeles-0001-33.9996N_117.4160W_1805,"Riverside-San Bernardino-Ontario, CA 5",33.99958,-117.41601,government,AQS,SPECIES_USA-LosAngeles-0001_,,,,US,Rubidoux,,,,,,,,,,,,,MAIA_ANC_SURFACEMONITOR_PM_2.5_SPECIES_USA-LosAngeles_20250302T000000Z_F01_V2026p06p10.nc,-9999.0,0.0032,0.6185
20250302,PM_2.5,Elemental_Carbon,0.17,USA-LosAngeles-0001-33.9996N_117.4160W_1806,"Riverside-San Bernardino-Ontario, CA 6",33.99958,-117.41601,government,AQS,SPECIES_USA-LosAngeles-0001_,,,,US,Rubidoux,,,,,,,,,,,,,MAIA_ANC_SURFACEMONITOR_PM_2.5_SPECIES_USA-LosAngeles_20250302T000000Z_F01_V2026p06p10.nc,-9999.0,0.0017,0.524
20250302,PM_2.5,Elemental_Carbon,0.191,USA-LosAngeles-0001-34.0666N_118.2269W_1805,"Los Angeles-Long Beach-Anaheim, CA 5",34.06659,-118.22688,government,AQS,SPECIES_USA-LosAngeles-0001_,,,,US,Los Angeles,,,,,,,,,,,,,MAIA_ANC_SURFACEMONITOR_PM_2.5_SPECIES_USA-LosAngeles_20250302T000000Z_F01_V2026p06p10.nc,-9999.0,0.0034,0.5416
20250302,PM_2.5,Elemental_Carbon,0.04,USA-LosAngeles-0001-34.1939N_116.9141W_1801,"Riverside-San Bernardino-Ontario, CA 1",34.193925,-116.914063,government,AQS,SPECIES_USA-LosAngeles-0001_,,,,US,Not in a City,,,,,,,,,,,,,MAIA_ANC_SURFACEMONITOR_PM_2.5_SPECIES_USA-LosAngeles_20250302T000000Z_F01_V2026p06p10.nc,-9999.0,0.0005,0.096
20250302,PM_2.5,Elemental_Carbon,0.06,USA-LosAngeles-0001-34.8219N_118.8876W_1801,"Bakersfield, CA 1",34.821922,-118.887598,government,AQS,SPECIES_USA-LosAngeles-0001_,,,,US,Lebec,,,,,,,,,,,,,MAIA_ANC_SURFACEMONITOR_PM_2.5_SPECIES_USA-LosAngeles_20250302T000000Z_F01_V2026p06p10.nc,-9999.0,0.0004,0.0814
20250302,PM_2.5,Elemental_Carbon,0.15,USA-LosAngeles-0001-35.3566N_119.0626W_1806,"Bakersfield, CA 6",35.356615,-119.062613,government,AQS,SPECIES_USA-LosAngeles-0001_,,,,US,Bakersfield,,,,,,,,,,,,,MAIA_ANC_SURFACEMONITOR_PM_2.5_SPECIES_USA-LosAngeles_20250302T000000Z_F01_V2026p06p10.nc,-9999.0,0.0013,0.391
20250302,PM_2.5,Elemental_Carbon,0.07,USA-LosAngeles-0001-36.4988N_118.8248W_1801,"Visalia-Porterville, CA 1",36.498835,-118.824821,government,AQS,SPECIES_USA-LosAngeles-0001_,,,,US,Sequoia National Park,,,,,,,,,,,,,MAIA_ANC_SURFACEMONITOR_PM_2.5_SPECIES_USA-LosAngeles_20250302T000000Z_F01_V2026p06p10.nc,-9999.0,0.0007,0.1219
20250302,PM_2.5,Elemental_Carbon,0.19,USA-LosAngeles-0001-36.7854N_119.7732W_1801,"Fresno, CA 1",36.78538,-119.77321,government,AQS,SPECIES_USA-LosAngeles-0001_,,,,US,Fresno,,,,,,,,,,,,,MAIA_ANC_SURFACEMONITOR_PM_2.5_SPECIES_USA-LosAngeles_20250302T000000Z_F01_V2026p06p10.nc,-9999.0,0.0017,0.3156
20250302,PM_2.5,Elemental_Carbon,0.194,USA-LosAngeles-0001-36.7854N_119.7732W_1805,"Fresno, CA 5",36.78538,-119.77321,government,AQS,SPECIES_USA-LosAngeles-0001_,,,,US,Fresno,,,,,,,,,,,,,MAIA_ANC_SURFACEMONITOR_PM_2.5_SPECIES_USA-LosAngeles_20250302T000000Z_F01_V2026p06p10.nc,-9999.0,0.002,0.4223
20250302,PM_2.5,Elemental_Carbon,0.04,USA-LosAngeles-0001-37.3607N_118.3308W_1801,"Bishop, CA 1",37.360684,-118.330783,government,AQS,SPECIES_USA-LosAngeles-0001_,,,,US,Not in a City,,,,,,,,,,,,,MAIA_ANC_SURFACEMONITOR_PM_2.5_SPECIES_USA-LosAngeles_20250302T000000Z_F01_V2026p06p10.nc,-9999.0,0.0003,0.0561
20250302,PM_2.5,Elemental_Carbon,0.03,USA-LosAngeles-0001-37.7133N_119.7062W_1801, 1,37.71325,-119.7062,government,AQS,SPECIES_USA-LosAngeles-0001_,,,,US,Not in a City,,,,,,,,,,,,,MAIA_ANC_SURFACEMONITOR_PM_2.5_SPECIES_USA-LosAngeles_20250302T000000Z_F01_V2026p06p10.nc,-9999.0,0.0002,0.0712
20250302,PM_2.5,Nitrate,0.475,USA-LosAngeles-0001-33.4636N_116.9715W_1801,"Riverside-San Bernardino-Ontario, CA 1",33.463644,-116.971457,government,AQS,SPECIES_USA-LosAngeles-0001_,,,,US,Not in a City,,,,,,,,,,,,,MAIA_ANC_SURFACEMONITOR_PM_2.5_SPECIES_USA-LosAngeles_20250302T000000Z_F01_V2026p06p10.nc,-9999.0,0.0007,0.2897
20250302,PM_2.5,Nitrate,0.62,USA-LosAngeles-0001-33.8306N_117.9385W_1811,"Los Angeles-Long Beach-Anaheim, CA 11",33.83062,-117.93845,government,AQS,SPECIES_USA-LosAngeles-0001_,,,,US,Anaheim,,,,,,,,,,,,,MAIA_ANC_SURFACEMONITOR_PM_2.5_SPECIES_USA-LosAngeles_20250302T000000Z_F01_V2026p06p10.nc,-9999.0,0.0,
20250302,PM_2.5,Nitrate,1.07,USA-LosAngeles-0001-33.9996N_117.4160W_1805,"Riverside-San Bernardino-Ontario, CA 5",33.99958,-117.41601,government,AQS,SPECIES_USA-LosAngeles-0001_,,,,US,Rubidoux,,,,,,,,,,,,,MAIA_ANC_SURFACEMONITOR_PM_2.5_SPECIES_USA-LosAngeles_20250302T000000Z_F01_V2026p06p10.nc,-9999.0,0.0125,2.2091
20250302,PM_2.5,Nitrate,1.06,USA-LosAngeles-0001-33.9996N_117.4160W_1806,"Riverside-San Bernardino-Ontario, CA 6",33.99958,-117.41601,government,AQS,SPECIES_USA-LosAngeles-0001_,,,,US,Rubidoux,,,,,,,,,,,,,MAIA_ANC_SURFACEMONITOR_PM_2.5_SPECIES_USA-LosAngeles_20250302T000000Z_F01_V2026p06p10.nc,-9999.0,0.0049,1.836
20250302,PM_2.5,Nitrate,0.82,USA-LosAngeles-0001-33.9996N_117.4160W_1811,"Riverside-San Bernardino-Ontario, CA 11",33.99958,-117.41601,government,AQS,SPECIES_USA-LosAngeles-0001_,,,,US,Rubidoux,,,,,,,,,,,,,MAIA_ANC_SURFACEMONITOR_PM_2.5_SPECIES_USA-LosAngeles_20250302T000000Z_F01_V2026p06p10.nc,-9999.0,0.0,
20250302,PM_2.5,Nitrate,0.9,USA-LosAngeles-0001-34.0666N_118.2269W_1805,"Los Angeles-Long Beach-Anaheim, CA 5",34.06659,-118.22688,government,AQS,SPECIES_USA-LosAngeles-0001_,,,,US,Los Angeles,,,,,,,,,,,,,MAIA_ANC_SURFACEMONITOR_PM_2.5_SPECIES_USA-LosAngeles_20250302T000000Z_F01_V2026p06p10.nc,-9999.0,0.0138,3.0363
20250302,PM_2.5,Nitrate,0.92,USA-LosAngeles-0001-34.0666N_118.2269W_1811,"Los Angeles-Long Beach-Anaheim, CA 11",34.06659,-118.22688,government,AQS,SPECIES_USA-LosAngeles-0001_,,,,US,Los Angeles,,,,,,,,,,,,,MAIA_ANC_SURFACEMONITOR_PM_2.5_SPECIES_USA-LosAngeles_20250302T000000Z_F01_V2026p06p10.nc,-9999.0,0.0,
20250302,PM_2.5,Nitrate,0.94,USA-LosAngeles-0001-34.0666N_118.2269W_1812,"Los Angeles-Long Beach-Anaheim, CA 12",34.06659,-118.22688,government,AQS,SPECIES_USA-LosAngeles-0001_,,,,US,Los Angeles,,,,,,,,,,,,,MAIA_ANC_SURFACEMONITOR_PM_2.5_SPECIES_USA-LosAngeles_20250302T000000Z_F01_V2026p06p10.nc,-9999.0,0.0,
20250302,PM_2.5,Nitrate,0.954,USA-LosAngeles-0001-34.1939N_116.9141W_1801,"Riverside-San Bernardino-Ontario, CA 1",34.193925,-116.914063,government,AQS,SPECIES_USA-LosAngeles-0001_,,,,US,Not in a City,,,,,,,,,,,,,MAIA_ANC_SURFACEMONITOR_PM_2.5_SPECIES_USA-LosAngeles_20250302T000000Z_F01_V2026p06p10.nc,-9999.0,0.0041,0.9537
20250302,PM_2.5,Nitrate,0.459,USA-LosAngeles-0001-34.8219N_118.8876W_1801,"Bakersfield, CA 1",34.821922,-118.887598,government,AQS,SPECIES_USA-LosAngeles-0001_,,,,US,Lebec,,,,,,,,,,,,,MAIA_ANC_SURFACEMONITOR_PM_2.5_SPECIES_USA-LosAngeles_20250302T000000Z_F01_V2026p06p10.nc,-9999.0,0.0014,0.2604
20250302,PM_2.5,Nitrate,0.33,USA-LosAngeles-0001-35.3566N_119.0626W_1806,"Bakersfield, CA 6",35.356615,-119.062613,government,AQS,SPECIES_USA-LosAngeles-0001_,,,,US,Bakersfield,,,,,,,,,,,,,MAIA_ANC_SURFACEMONITOR_PM_2.5_SPECIES_USA-LosAngeles_20250302T000000Z_F01_V2026p06p10.nc,-9999.0,0.0043,1.3481
20250302,PM_2.5,Nitrate,0.46,USA-LosAngeles-0001-36.3081N_119.3129W_1805,N/A,36.30815,-119.3129,government,AQS,SPECIES_USA-LosAngeles-0001_,,,,US,N/A,,,,,,,,,,,,,MAIA_ANC_SURFACEMONITOR_PM_2.5_SPECIES_USA-LosAngeles_20250302T000000Z_F01_V2026p06p10.nc,-9999.0,0.004,1.3384
20250302,PM_2.5,Nitrate,0.257,USA-LosAngeles-0001-36.4988N_118.8248W_1801,"Visalia-Porterville, CA 1",36.498835,-118.824821,government,AQS,SPECIES_USA-LosAngeles-0001_,,,,US,Sequoia National Park,,,,,,,,,,,,,MAIA_ANC_SURFACEMONITOR_PM_2.5_SPECIES_USA-LosAngeles_20250302T000000Z_F01_V2026p06p10.nc,-9999.0,0.002,0.3739
20250302,PM_2.5,Nitrate,0.289,USA-LosAngeles-0001-36.7854N_119.7732W_1801,"Fresno, CA 1",36.78538,-119.77321,government,AQS,SPECIES_USA-LosAngeles-0001_,,,,US,Fresno,,,,,,,,,,,,,MAIA_ANC_SURFACEMONITOR_PM_2.5_SPECIES_USA-LosAngeles_20250302T000000Z_F01_V2026p06p10.nc,-9999.0,0.0049,0.9618
20250302,PM_2.5,Nitrate,0.29,USA-LosAngeles-0001-36.7854N_119.7732W_1805,"Fresno, CA 5",36.78538,-119.77321,government,AQS,SPECIES_USA-LosAngeles-0001_,,,,US,Fresno,,,,,,,,,,,,,MAIA_ANC_SURFACEMONITOR_PM_2.5_SPECIES_USA-LosAngeles_20250302T000000Z_F01_V2026p06p10.nc,-9999.0,0.0057,1.0247
20250302,PM_2.5,Nitrate,0.05,USA-LosAngeles-0001-37.3607N_118.3308W_1801,"Bishop, CA 1",37.360684,-118.330783,government,AQS,SPECIES_USA-LosAngeles-0001_,,,,US,Not in a City,,,,,,,,,,,,,MAIA_ANC_SURFACEMONITOR_PM_2.5_SPECIES_USA-LosAngeles_20250302T000000Z_F01_V2026p06p10.nc,-9999.0,0.0004,0.0728
20250302,PM_2.5,Nitrate,0.102,USA-LosAngeles-0001-37.7133N_119.7062W_1801, 1,37.71325,-119.7062,government,AQS,SPECIES_USA-LosAngeles-0001_,,,,US,Not in a City,,,,,,,,,,,,,MAIA_ANC_SURFACEMONITOR_PM_2.5_SPECIES_USA-LosAngeles_20250302T000000Z_F01_V2026p06p10.nc,-9999.0,0.0004,0.1745
20250302,PM_2.5,Organic_Carbon,0.41,USA-LosAngeles-0001-33.4636N_116.9715W_1801,"Riverside-San Bernardino-Ontario, CA 1",33.463644,-116.971457,government,AQS,SPECIES_USA-LosAngeles-0001_,,,,US,Not in a City,,,,,,,,,,,,,MAIA_ANC_SURFACEMONITOR_PM_2.5_SPECIES_USA-LosAngeles_20250302T000000Z_F01_V2026p06p10.nc,-9999.0,0.0021,0.7914
20250302,PM_2.5,Organic_Carbon,0.989,USA-LosAngeles-0001-33.9996N_117.4160W_1805,"Riverside-San Bernardino-Ontario, CA 5",33.99958,-117.41601,government,AQS,SPECIES_USA-LosAngeles-0001_,,,,US,Rubidoux,,,,,,,,,,,,,MAIA_ANC_SURFACEMONITOR_PM_2.5_SPECIES_USA-LosAngeles_20250302T000000Z_F01_V2026p06p10.nc,-9999.0,0.0103,1.8322
20250302,PM_2.5,Organic_Carbon,0.883,USA-LosAngeles-0001-33.9996N_117.4160W_1806,"Riverside-San Bernardino-Ontario, CA 6",33.99958,-117.41601,government,AQS,SPECIES_USA-LosAngeles-0001_,,,,US,Rubidoux,,,,,,,,,,,,,MAIA_ANC_SURFACEMONITOR_PM_2.5_SPECIES_USA-LosAngeles_20250302T000000Z_F01_V2026p06p10.nc,-9999.0,0.0052,1.5036
20250302,PM_2.5,Organic_Carbon,0.882,USA-LosAngeles-0001-34.0666N_118.2269W_1805,"Los Angeles-Long Beach-Anaheim, CA 5",34.06659,-118.22688,government,AQS,SPECIES_USA-LosAngeles-0001_,,,,US,Los Angeles,,,,,,,,,,,,,MAIA_ANC_SURFACEMONITOR_PM_2.5_SPECIES_USA-LosAngeles_20250302T000000Z_F01_V2026p06p10.nc,-9999.0,0.0115,1.8456
20250302,PM_2.5,Organic_Carbon,0.33,USA-LosAngeles-0001-34.1939N_116.9141W_1801,"Riverside-San Bernardino-Ontario, CA 1",34.193925,-116.914063,government,AQS,SPECIES_USA-LosAngeles-0001_,,,,US,Not in a City,,,,,,,,,,,,,MAIA_ANC_SURFACEMONITOR_PM_2.5_SPECIES_USA-LosAngeles_20250302T000000Z_F01_V2026p06p10.nc,-9999.0,0.0023,0.4653
20250302,PM_2.5,Organic_Carbon,0.34,USA-LosAngeles-0001-34.8219N_118.8876W_1801,"Bakersfield, CA 1",34.821922,-118.887598,government,AQS,SPECIES_USA-LosAngeles-0001_,,,,US,Lebec,,,,,,,,,,,,,MAIA_ANC_SURFACEMONITOR_PM_2.5_SPECIES_USA-LosAngeles_20250302T000000Z_F01_V2026p06p10.nc,-9999.0,0.0027,0.4975
20250302,PM_2.5,Organic_Carbon,0.779,USA-LosAngeles-0001-35.3566N_119.0626W_1806,"Bakersfield, CA 6",35.356615,-119.062613,government,AQS,SPECIES_USA-LosAngeles-0001_,,,,US,Bakersfield,,,,,,,,,,,,,MAIA_ANC_SURFACEMONITOR_PM_2.5_SPECIES_USA-LosAngeles_20250302T000000Z_F01_V2026p06p10.nc,-9999.0,0.0051,1.4568
20250302,PM_2.5,Organic_Carbon,0.55,USA-LosAngeles-0001-36.4988N_118.8248W_1801,"Visalia-Porterville, CA 1",36.498835,-118.824821,government,AQS,SPECIES_USA-LosAngeles-0001_,,,,US,Sequoia National Park,,,,,,,,,,,,,MAIA_ANC_SURFACEMONITOR_PM_2.5_SPECIES_USA-LosAngeles_20250302T000000Z_F01_V2026p06p10.nc,-9999.0,0.0054,0.8966
20250302,PM_2.5,Organic_Carbon,0.85,USA-LosAngeles-0001-36.7854N_119.7732W_1801,"Fresno, CA 1",36.78538,-119.77321,government,AQS,SPECIES_USA-LosAngeles-0001_,,,,US,Fresno,,,,,,,,,,,,,MAIA_ANC_SURFACEMONITOR_PM_2.5_SPECIES_USA-LosAngeles_20250302T000000Z_F01_V2026p06p10.nc,-9999.0,0.0088,1.6743
20250302,PM_2.5,Organic_Carbon,0.718,USA-LosAngeles-0001-36.7854N_119.7732W_1805,"Fresno, CA 5",36.78538,-119.77321,government,AQS,SPECIES_USA-LosAngeles-0001_,,,,US,Fresno,,,,,,,,,,,,,MAIA_ANC_SURFACEMONITOR_PM_2.5_SPECIES_USA-LosAngeles_20250302T000000Z_F01_V2026p06p10.nc,-9999.0,0.0081,1.6579
20250302,PM_2.5,Organic_Carbon,0.32,USA-LosAngeles-0001-37.3607N_118.3308W_1801,"Bishop, CA 1",37.360684,-118.330783,government,AQS,SPECIES_USA-LosAngeles-0001_,,,,US,Not in a City,,,,,,,,,,,,,MAIA_ANC_SURFACEMONITOR_PM_2.5_SPECIES_USA-LosAngeles_20250302T000000Z_F01_V2026p06p10.nc,-9999.0,0.0016,0.2826
20250302,PM_2.5,Organic_Carbon,0.16,USA-LosAngeles-0001-37.7133N_119.7062W_1801, 1,37.71325,-119.7062,government,AQS,SPECIES_USA-LosAngeles-0001_,,,,US,Not in a City,,,,,,,,,,,,,MAIA_ANC_SURFACEMONITOR_PM_2.5_SPECIES_USA-LosAngeles_20250302T000000Z_F01_V2026p06p10.nc,-9999.0,0.001,0.3683
20250302,PM_2.5,Sulfate,0.65,USA-LosAngeles-0001-33.4636N_116.9715W_1801,"Riverside-San Bernardino-Ontario, CA 1",33.463644,-116.971457,government,AQS,SPECIES_USA-LosAngeles-0001_,,,,US,Not in a City,,,,,,,,,,,,,MAIA_ANC_SURFACEMONITOR_PM_2.5_SPECIES_USA-LosAngeles_20250302T000000Z_F01_V2026p06p10.nc,-9999.0,0.0008,0.3135
20250302,PM_2.5,Sulfate,0.76,USA-LosAngeles-0001-33.8306N_117.9385W_1811,"Los Angeles-Long Beach-Anaheim, CA 11",33.83062,-117.93845,government,AQS,SPECIES_USA-LosAngeles-0001_,,,,US,Anaheim,,,,,,,,,,,,,MAIA_ANC_SURFACEMONITOR_PM_2.5_SPECIES_USA-LosAngeles_20250302T000000Z_F01_V2026p06p10.nc,-9999.0,0.0,
20250302,PM_2.5,Sulfate,0.8,USA-LosAngeles-0001-33.9996N_117.4160W_1805,"Riverside-San Bernardino-Ontario, CA 5",33.99958,-117.41601,government,AQS,SPECIES_USA-LosAngeles-0001_,,,,US,Rubidoux,,,,,,,,,,,,,MAIA_ANC_SURFACEMONITOR_PM_2.5_SPECIES_USA-LosAngeles_20250302T000000Z_F01_V2026p06p10.nc,-9999.0,0.0037,0.6688
20250302,PM_2.5,Sulfate,0.83,USA-LosAngeles-0001-33.9996N_117.4160W_1806,"Riverside-San Bernardino-Ontario, CA 6",33.99958,-117.41601,government,AQS,SPECIES_USA-LosAngeles-0001_,,,,US,Rubidoux,,,,,,,,,,,,,MAIA_ANC_SURFACEMONITOR_PM_2.5_SPECIES_USA-LosAngeles_20250302T000000Z_F01_V2026p06p10.nc,-9999.0,0.0014,0.5199
20250302,PM_2.5,Sulfate,0.72,USA-LosAngeles-0001-33.9996N_117.4160W_1811,"Riverside-San Bernardino-Ontario, CA 11",33.99958,-117.41601,government,AQS,SPECIES_USA-LosAngeles-0001_,,,,US,Rubidoux,,,,,,,,,,,,,MAIA_ANC_SURFACEMONITOR_PM_2.5_SPECIES_USA-LosAngeles_20250302T000000Z_F01_V2026p06p10.nc,-9999.0,0.0,
20250302,PM_2.5,Sulfate,0.8,USA-LosAngeles-0001-34.0666N_118.2269W_1805,"Los Angeles-Long Beach-Anaheim, CA 5",34.06659,-118.22688,government,AQS,SPECIES_USA-LosAngeles-0001_,,,,US,Los Angeles,,,,,,,,,,,,,MAIA_ANC_SURFACEMONITOR_PM_2.5_SPECIES_USA-LosAngeles_20250302T000000Z_F01_V2026p06p10.nc,-9999.0,0.0049,1.0656
20250302,PM_2.5,Sulfate,0.78,USA-LosAngeles-0001-34.0666N_118.2269W_1811,"Los Angeles-Long Beach-Anaheim, CA 11",34.06659,-118.22688,government,AQS,SPECIES_USA-LosAngeles-0001_,,,,US,Los Angeles,,,,,,,,,,,,,MAIA_ANC_SURFACEMONITOR_PM_2.5_SPECIES_USA-LosAngeles_20250302T000000Z_F01_V2026p06p10.nc,-9999.0,0.0,
20250302,PM_2.5,Sulfate,0.76,USA-LosAngeles-0001-34.0666N_118.2269W_1812,"Los Angeles-Long Beach-Anaheim, CA 12",34.06659,-118.22688,government,AQS,SPECIES_USA-LosAngeles-0001_,,,,US,Los Angeles,,,,,,,,,,,,,MAIA_ANC_SURFACEMONITOR_PM_2.5_SPECIES_USA-LosAngeles_20250302T000000Z_F01_V2026p06p10.nc,-9999.0,0.0,
20250302,PM_2.5,Sulfate,0.387,USA-LosAngeles-0001-34.1939N_116.9141W_1801,"Riverside-San Bernardino-Ontario, CA 1",34.193925,-116.914063,government,AQS,SPECIES_USA-LosAngeles-0001_,,,,US,Not in a City,,,,,,,,,,,,,MAIA_ANC_SURFACEMONITOR_PM_2.5_SPECIES_USA-LosAngeles_20250302T000000Z_F01_V2026p06p10.nc,-9999.0,0.0017,0.3563
20250302,PM_2.5,Sulfate,0.238,USA-LosAngeles-0001-34.8219N_118.8876W_1801,"Bakersfield, CA 1",34.821922,-118.887598,government,AQS,SPECIES_USA-LosAngeles-0001_,,,,US,Lebec,,,,,,,,,,,,,MAIA_ANC_SURFACEMONITOR_PM_2.5_SPECIES_USA-LosAngeles_20250302T000000Z_F01_V2026p06p10.nc,-9999.0,0.0021,0.3794
20250302,PM_2.5,Sulfate,0.32,USA-LosAngeles-0001-35.3566N_119.0626W_1806,"Bakersfield, CA 6",35.356615,-119.062613,government,AQS,SPECIES_USA-LosAngeles-0001_,,,,US,Bakersfield,,,,,,,,,,,,,MAIA_ANC_SURFACEMONITOR_PM_2.5_SPECIES_USA-LosAngeles_20250302T000000Z_F01_V2026p06p10.nc,-9999.0,0.0018,0.5603
20250302,PM_2.5,Sulfate,0.2,USA-LosAngeles-0001-36.3081N_119.3129W_1805,N/A,36.30815,-119.3129,government,AQS,SPECIES_USA-LosAngeles-0001_,,,,US,N/A,,,,,,,,,,,,,MAIA_ANC_SURFACEMONITOR_PM_2.5_SPECIES_USA-LosAngeles_20250302T000000Z_F01_V2026p06p10.nc,-9999.0,0.0017,0.5325
20250302,PM_2.5,Sulfate,0.164,USA-LosAngeles-0001-36.4988N_118.8248W_1801,"Visalia-Porterville, CA 1",36.498835,-118.824821,government,AQS,SPECIES_USA-LosAngeles-0001_,,,,US,Sequoia National Park,,,,,,,,,,,,,MAIA_ANC_SURFACEMONITOR_PM_2.5_SPECIES_USA-LosAngeles_20250302T000000Z_F01_V2026p06p10.nc,-9999.0,0.0025,0.4548
20250302,PM_2.5,Sulfate,0.172,USA-LosAngeles-0001-36.7854N_119.7732W_1801,"Fresno, CA 1",36.78538,-119.77321,government,AQS,SPECIES_USA-LosAngeles-0001_,,,,US,Fresno,,,,,,,,,,,,,MAIA_ANC_SURFACEMONITOR_PM_2.5_SPECIES_USA-LosAngeles_20250302T000000Z_F01_V2026p06p10.nc,-9999.0,0.0022,0.4073
20250302,PM_2.5,Sulfate,0.23,USA-LosAngeles-0001-36.7854N_119.7732W_1805,"Fresno, CA 5",36.78538,-119.77321,government,AQS,SPECIES_USA-LosAngeles-0001_,,,,US,Fresno,,,,,,,,,,,,,MAIA_ANC_SURFACEMONITOR_PM_2.5_SPECIES_USA-LosAngeles_20250302T000000Z_F01_V2026p06p10.nc,-9999.0,0.0025,0.4262
20250302,PM_2.5,Sulfate,0.403,USA-LosAngeles-0001-37.3607N_118.3308W_1801,"Bishop, CA 1",37.360684,-118.330783,government,AQS,SPECIES_USA-LosAngeles-0001_,,,,US,Not in a City,,,,,,,,,,,,,MAIA_ANC_SURFACEMONITOR_PM_2.5_SPECIES_USA-LosAngeles_20250302T000000Z_F01_V2026p06p10.nc,-9999.0,0.0017,0.302
20250302,PM_2.5,Sulfate,0.073,USA-LosAngeles-0001-37.7133N_119.7062W_1801, 1,37.71325,-119.7062,government,AQS,SPECIES_USA-LosAngeles-0001_,,,,US,Not in a City,,,,,,,,,,,,,MAIA_ANC_SURFACEMONITOR_PM_2.5_SPECIES_USA-LosAngeles_20250302T000000Z_F01_V2026p06p10.nc,-9999.0,0.0006,0.232
20250303,PM_2.5,Black_Carbon,0.0506,USA-LosAngeles-0001-34.1994N_118.1732W_0800,AethLabs JPL,34.19941255,-118.1732079,research,aethalometer,SPECIES_USA-LosAngeles-0001_,,,,US,Pasadena,0.8562,1813.0,272.0,7.0,0.0,1440.0,0.0,0.0,301.0,1813.0,0.0,1233.0,MAIA_ANC_SURFACEMONITOR_PM_2.5_SPECIES_USA-LosAngeles_20250303T000000Z_F01_V2026p06p10.nc,,,
20250304,PM_2.5,Black_Carbon,0.0,USA-LosAngeles-0001-34.1994N_118.1732W_0800,AethLabs JPL,34.19941255,-118.1732079,research,aethalometer,SPECIES_USA-LosAngeles-0001_,,,,US,Pasadena,0.0028,900.0,0.0,0.0,0.0,720.0,0.0,0.0,898.0,900.0,0.0,2.0,MAIA_ANC_SURFACEMONITOR_PM_2.5_SPECIES_USA-LosAngeles_20250304T000000Z_F01_V2026p06p10.nc,,,
20250305,PM_2.5,Black_Carbon,0.0,USA-LosAngeles-0001-34.1994N_118.1732W_0800,AethLabs JPL,34.19941255,-118.1732079,research,aethalometer,SPECIES_USA-LosAngeles-0001_,,,,US,Pasadena,0.0028,900.0,0.0,0.0,0.0,720.0,0.0,0.0,898.0,900.0,0.0,2.0,MAIA_ANC_SURFACEMONITOR_PM_2.5_SPECIES_USA-LosAngeles_20250305T000000Z_F01_V2026p06p10.nc,,,
20250305,PM_2.5,Dust,0.6363,USA-LosAngeles-0001-33.9996N_117.4160W_1805,"Riverside-San Bernardino-Ontario, CA 5",33.99958,-117.41601,government,AQS,SPECIES_USA-LosAngeles-0001_,,,,US,Rubidoux,,,,,,,,,,,,,MAIA_ANC_SURFACEMONITOR_PM_2.5_SPECIES_USA-LosAngeles_20250305T000000Z_F01_V2026p06p10.nc,1.0,0.5915562499999999,0.46781773475194105
20250305,PM_2.5,Dust,0.4979,USA-LosAngeles-0001-34.0666N_118.2269W_1805,"Los Angeles-Long Beach-Anaheim, CA 5",34.06659,-118.22688,government,AQS,SPECIES_USA-LosAngeles-0001_,,,,US,Los Angeles,,,,,,,,,,,,,MAIA_ANC_SURFACEMONITOR_PM_2.5_SPECIES_USA-LosAngeles_20250305T000000Z_F01_V2026p06p10.nc,1.0,0.6086975000000001,0.16954684173923737
20250305,PM_2.5,Dust,0.1804,USA-LosAngeles-0001-34.1939N_116.9141W_1801,"Riverside-San Bernardino-Ontario, CA 1",34.193925,-116.914063,government,AQS,SPECIES_USA-LosAngeles-0001_,,,,US,Not in a City,,,,,,,,,,,,,MAIA_ANC_SURFACEMONITOR_PM_2.5_SPECIES_USA-LosAngeles_20250305T000000Z_F01_V2026p06p10.nc,1.0,0.4093644444444444,0.23511156137322986
20250305,PM_2.5,Dust,0.126,USA-LosAngeles-0001-34.8219N_118.8876W_1801,"Bakersfield, CA 1",34.821922,-118.887598,government,AQS,SPECIES_USA-LosAngeles-0001_,,,,US,Lebec,,,,,,,,,,,,,MAIA_ANC_SURFACEMONITOR_PM_2.5_SPECIES_USA-LosAngeles_20250305T000000Z_F01_V2026p06p10.nc,1.0,0.25581300000000007,0.17291968101115618
20250305,PM_2.5,Dust,0.362,USA-LosAngeles-0001-35.3566N_119.0626W_1805,"Bakersfield, CA 5",35.356615,-119.062613,government,AQS,SPECIES_USA-LosAngeles-0001_,,,,US,Bakersfield,,,,,,,,,,,,,MAIA_ANC_SURFACEMONITOR_PM_2.5_SPECIES_USA-LosAngeles_20250305T000000Z_F01_V2026p06p10.nc,1.0,0.9938344444444446,1.158178369846479
20250305,PM_2.5,Dust,0.0491,USA-LosAngeles-0001-36.4988N_118.8248W_1801,"Visalia-Porterville, CA 1",36.498835,-118.824821,government,AQS,SPECIES_USA-LosAngeles-0001_,,,,US,Sequoia National Park,,,,,,,,,,,,,MAIA_ANC_SURFACEMONITOR_PM_2.5_SPECIES_USA-LosAngeles_20250305T000000Z_F01_V2026p06p10.nc,1.0,0.23684272727272726,0.17193270650254203
20250305,PM_2.5,Dust,0.2254,USA-LosAngeles-0001-36.7854N_119.7732W_1801,"Fresno, CA 1",36.78538,-119.77321,government,AQS,SPECIES_USA-LosAngeles-0001_,,,,US,Fresno,,,,,,,,,,,,,MAIA_ANC_SURFACEMONITOR_PM_2.5_SPECIES_USA-LosAngeles_20250305T000000Z_F01_V2026p06p10.nc,1.0,0.45894,0.3561421747560937
20250305,PM_2.5,Dust,0.2361,USA-LosAngeles-0001-36.7854N_119.7732W_1805,"Fresno, CA 5",36.78538,-119.77321,government,AQS,SPECIES_USA-LosAngeles-0001_,,,,US,Fresno,,,,,,,,,,,,,MAIA_ANC_SURFACEMONITOR_PM_2.5_SPECIES_USA-LosAngeles_20250305T000000Z_F01_V2026p06p10.nc,1.0,0.28003272727272727,0.24095082029670054
20250305,PM_2.5,Dust,0.4921,USA-LosAngeles-0001-37.3607N_118.3308W_1801,"Bishop, CA 1",37.360684,-118.330783,government,AQS,SPECIES_USA-LosAngeles-0001_,,,,US,Not in a City,,,,,,,,,,,,,MAIA_ANC_SURFACEMONITOR_PM_2.5_SPECIES_USA-LosAngeles_20250305T000000Z_F01_V2026p06p10.nc,1.0,0.5847877777777778,0.3990076377374744
20250305,PM_2.5,Dust,0.0355,USA-LosAngeles-0001-37.7133N_119.7062W_1801, 1,37.71325,-119.7062,government,AQS,SPECIES_USA-LosAngeles-0001_,,,,US,Not in a City,,,,,,,,,,,,,MAIA_ANC_SURFACEMONITOR_PM_2.5_SPECIES_USA-LosAngeles_20250305T000000Z_F01_V2026p06p10.nc,1.0,0.18311666666666668,0.17832051692263445
20250305,PM_2.5,Dust,0.0302,USA-LosAngeles-0001-37.7133N_119.7062W_1802, 2,37.71325,-119.7062,government,AQS,SPECIES_USA-LosAngeles-0001_,,,,US,Not in a City,,,,,,,,,,,,,MAIA_ANC_SURFACEMONITOR_PM_2.5_SPECIES_USA-LosAngeles_20250305T000000Z_F01_V2026p06p10.nc,1.0,0.196715,0.16870589090188878
20250305,PM_2.5,Elemental_Carbon,0.792,USA-LosAngeles-0001-33.9996N_117.4160W_1805,"Riverside-San Bernardino-Ontario, CA 5",33.99958,-117.41601,government,AQS,SPECIES_USA-LosAngeles-0001_,,,,US,Rubidoux,,,,,,,,,,,,,MAIA_ANC_SURFACEMONITOR_PM_2.5_SPECIES_USA-LosAngeles_20250305T000000Z_F01_V2026p06p10.nc,-9999.0,0.0032,0.6185
20250305,PM_2.5,Elemental_Carbon,0.706,USA-LosAngeles-0001-34.0666N_118.2269W_1805,"Los Angeles-Long Beach-Anaheim, CA 5",34.06659,-118.22688,government,AQS,SPECIES_USA-LosAngeles-0001_,,,,US,Los Angeles,,,,,,,,,,,,,MAIA_ANC_SURFACEMONITOR_PM_2.5_SPECIES_USA-LosAngeles_20250305T000000Z_F01_V2026p06p10.nc,-9999.0,0.0034,0.5416
20250305,PM_2.5,Elemental_Carbon,0.07,USA-LosAngeles-0001-34.1939N_116.9141W_1801,"Riverside-San Bernardino-Ontario, CA 1",34.193925,-116.914063,government,AQS,SPECIES_USA-LosAngeles-0001_,,,,US,Not in a City,,,,,,,,,,,,,MAIA_ANC_SURFACEMONITOR_PM_2.5_SPECIES_USA-LosAngeles_20250305T000000Z_F01_V2026p06p10.nc,-9999.0,0.0005,0.096
20250305,PM_2.5,Elemental_Carbon,0.09,USA-LosAngeles-0001-34.8219N_118.8876W_1801,"Bakersfield, CA 1",34.821922,-118.887598,government,AQS,SPECIES_USA-LosAngeles-0001_,,,,US,Lebec,,,,,,,,,,,,,MAIA_ANC_SURFACEMONITOR_PM_2.5_SPECIES_USA-LosAngeles_20250305T000000Z_F01_V2026p06p10.nc,-9999.0,0.0004,0.0814
20250305,PM_2.5,Elemental_Carbon,0.12,USA-LosAngeles-0001-36.4988N_118.8248W_1801,"Visalia-Porterville, CA 1",36.498835,-118.824821,government,AQS,SPECIES_USA-LosAngeles-0001_,,,,US,Sequoia National Park,,,,,,,,,,,,,MAIA_ANC_SURFACEMONITOR_PM_2.5_SPECIES_USA-LosAngeles_20250305T000000Z_F01_V2026p06p10.nc,-9999.0,0.0007,0.1219
20250305,PM_2.5,Elemental_Carbon,0.32,USA-LosAngeles-0001-36.7854N_119.7732W_1801,"Fresno, CA 1",36.78538,-119.77321,government,AQS,SPECIES_USA-LosAngeles-0001_,,,,US,Fresno,,,,,,,,,,,,,MAIA_ANC_SURFACEMONITOR_PM_2.5_SPECIES_USA-LosAngeles_20250305T000000Z_F01_V2026p06p10.nc,-9999.0,0.0017,0.3156
20250305,PM_2.5,Elemental_Carbon,0.429,USA-LosAngeles-0001-36.7854N_119.7732W_1805,"Fresno, CA 5",36.78538,-119.77321,government,AQS,SPECIES_USA-LosAngeles-0001_,,,,US,Fresno,,,,,,,,,,,,,MAIA_ANC_SURFACEMONITOR_PM_2.5_SPECIES_USA-LosAngeles_20250305T000000Z_F01_V2026p06p10.nc,-9999.0,0.002,0.4223
20250305,PM_2.5,Elemental_Carbon,0.07,USA-LosAngeles-0001-37.3607N_118.3308W_1801,"Bishop, CA 1",37.360684,-118.330783,government,AQS,SPECIES_USA-LosAngeles-0001_,,,,US,Not in a City,,,,,,,,,,,,,MAIA_ANC_SURFACEMONITOR_PM_2.5_SPECIES_USA-LosAngeles_20250305T000000Z_F01_V2026p06p10.nc,-9999.0,0.0003,0.0561
20250305,PM_2.5,Elemental_Carbon,0.06,USA-LosAngeles-0001-37.7133N_119.7062W_1801, 1,37.71325,-119.7062,government,AQS,SPECIES_USA-LosAngeles-0001_,,,,US,Not in a City,,,,,,,,,,,,,MAIA_ANC_SURFACEMONITOR_PM_2.5_SPECIES_USA-LosAngeles_20250305T000000Z_F01_V2026p06p10.nc,-9999.0,0.0002,0.0712
20250305,PM_2.5,Nitrate,5.06,USA-LosAngeles-0001-33.9996N_117.4160W_1805,"Riverside-San Bernardino-Ontario, CA 5",33.99958,-117.41601,government,AQS,SPECIES_USA-LosAngeles-0001_,,,,US,Rubidoux,,,,,,,,,,,,,MAIA_ANC_SURFACEMONITOR_PM_2.5_SPECIES_USA-LosAngeles_20250305T000000Z_F01_V2026p06p10.nc,-9999.0,0.0125,2.2091
20250305,PM_2.5,Nitrate,3.29,USA-LosAngeles-0001-34.0666N_118.2269W_1805,"Los Angeles-Long Beach-Anaheim, CA 5",34.06659,-118.22688,government,AQS,SPECIES_USA-LosAngeles-0001_,,,,US,Los Angeles,,,,,,,,,,,,,MAIA_ANC_SURFACEMONITOR_PM_2.5_SPECIES_USA-LosAngeles_20250305T000000Z_F01_V2026p06p10.nc,-9999.0,0.0138,3.0363
20250305,PM_2.5,Nitrate,0.59,USA-LosAngeles-0001-34.1939N_116.9141W_1801,"Riverside-San Bernardino-Ontario, CA 1",34.193925,-116.914063,government,AQS,SPECIES_USA-LosAngeles-0001_,,,,US,Not in a City,,,,,,,,,,,,,MAIA_ANC_SURFACEMONITOR_PM_2.5_SPECIES_USA-LosAngeles_20250305T000000Z_F01_V2026p06p10.nc,-9999.0,0.0041,0.9537
20250305,PM_2.5,Nitrate,0.115,USA-LosAngeles-0001-34.8219N_118.8876W_1801,"Bakersfield, CA 1",34.821922,-118.887598,government,AQS,SPECIES_USA-LosAngeles-0001_,,,,US,Lebec,,,,,,,,,,,,,MAIA_ANC_SURFACEMONITOR_PM_2.5_SPECIES_USA-LosAngeles_20250305T000000Z_F01_V2026p06p10.nc,-9999.0,0.0014,0.2604
20250305,PM_2.5,Nitrate,3.64,USA-LosAngeles-0001-35.3566N_119.0626W_1805,"Bakersfield, CA 5",35.356615,-119.062613,government,AQS,SPECIES_USA-LosAngeles-0001_,,,,US,Bakersfield,,,,,,,,,,,,,MAIA_ANC_SURFACEMONITOR_PM_2.5_SPECIES_USA-LosAngeles_20250305T000000Z_F01_V2026p06p10.nc,-9999.0,0.0062,1.3003
20250305,PM_2.5,Nitrate,0.191,USA-LosAngeles-0001-36.4988N_118.8248W_1801,"Visalia-Porterville, CA 1",36.498835,-118.824821,government,AQS,SPECIES_USA-LosAngeles-0001_,,,,US,Sequoia National Park,,,,,,,,,,,,,MAIA_ANC_SURFACEMONITOR_PM_2.5_SPECIES_USA-LosAngeles_20250305T000000Z_F01_V2026p06p10.nc,-9999.0,0.002,0.3739
20250305,PM_2.5,Nitrate,1.084,USA-LosAngeles-0001-36.7854N_119.7732W_1801,"Fresno, CA 1",36.78538,-119.77321,government,AQS,SPECIES_USA-LosAngeles-0001_,,,,US,Fresno,,,,,,,,,,,,,MAIA_ANC_SURFACEMONITOR_PM_2.5_SPECIES_USA-LosAngeles_20250305T000000Z_F01_V2026p06p10.nc,-9999.0,0.0049,0.9618
20250305,PM_2.5,Nitrate,1.27,USA-LosAngeles-0001-36.7854N_119.7732W_1805,"Fresno, CA 5",36.78538,-119.77321,government,AQS,SPECIES_USA-LosAngeles-0001_,,,,US,Fresno,,,,,,,,,,,,,MAIA_ANC_SURFACEMONITOR_PM_2.5_SPECIES_USA-LosAngeles_20250305T000000Z_F01_V2026p06p10.nc,-9999.0,0.0057,1.0247
20250305,PM_2.5,Nitrate,0.109,USA-LosAngeles-0001-37.3607N_118.3308W_1801,"Bishop, CA 1",37.360684,-118.330783,government,AQS,SPECIES_USA-LosAngeles-0001_,,,,US,Not in a City,,,,,,,,,,,,,MAIA_ANC_SURFACEMONITOR_PM_2.5_SPECIES_USA-LosAngeles_20250305T000000Z_F01_V2026p06p10.nc,-9999.0,0.0004,0.0728
20250305,PM_2.5,Nitrate,0.033,USA-LosAngeles-0001-37.7133N_119.7062W_1801, 1,37.71325,-119.7062,government,AQS,SPECIES_USA-LosAngeles-0001_,,,,US,Not in a City,,,,,,,,,,,,,MAIA_ANC_SURFACEMONITOR_PM_2.5_SPECIES_USA-LosAngeles_20250305T000000Z_F01_V2026p06p10.nc,-9999.0,0.0004,0.1745
20250305,PM_2.5,Organic_Carbon,2.519,USA-LosAngeles-0001-33.9996N_117.4160W_1805,"Riverside-San Bernardino-Ontario, CA 5",33.99958,-117.41601,government,AQS,SPECIES_USA-LosAngeles-0001_,,,,US,Rubidoux,,,,,,,,,,,,,MAIA_ANC_SURFACEMONITOR_PM_2.5_SPECIES_USA-LosAngeles_20250305T000000Z_F01_V2026p06p10.nc,-9999.0,0.0103,1.8322
20250305,PM_2.5,Organic_Carbon,1.734,USA-LosAngeles-0001-34.0666N_118.2269W_1805,"Los Angeles-Long Beach-Anaheim, CA 5",34.06659,-118.22688,government,AQS,SPECIES_USA-LosAngeles-0001_,,,,US,Los Angeles,,,,,,,,,,,,,MAIA_ANC_SURFACEMONITOR_PM_2.5_SPECIES_USA-LosAngeles_20250305T000000Z_F01_V2026p06p10.nc,-9999.0,0.0115,1.8456
20250305,PM_2.5,Organic_Carbon,0.36,USA-LosAngeles-0001-34.1939N_116.9141W_1801,"Riverside-San Bernardino-Ontario, CA 1",34.193925,-116.914063,government,AQS,SPECIES_USA-LosAngeles-0001_,,,,US,Not in a City,,,,,,,,,,,,,MAIA_ANC_SURFACEMONITOR_PM_2.5_SPECIES_USA-LosAngeles_20250305T000000Z_F01_V2026p06p10.nc,-9999.0,0.0023,0.4653
20250305,PM_2.5,Organic_Carbon,0.34,USA-LosAngeles-0001-34.8219N_118.8876W_1801,"Bakersfield, CA 1",34.821922,-118.887598,government,AQS,SPECIES_USA-LosAngeles-0001_,,,,US,Lebec,,,,,,,,,,,,,MAIA_ANC_SURFACEMONITOR_PM_2.5_SPECIES_USA-LosAngeles_20250305T000000Z_F01_V2026p06p10.nc,-9999.0,0.0027,0.4975
20250305,PM_2.5,Organic_Carbon,0.5,USA-LosAngeles-0001-36.4988N_118.8248W_1801,"Visalia-Porterville, CA 1",36.498835,-118.824821,government,AQS,SPECIES_USA-LosAngeles-0001_,,,,US,Sequoia National Park,,,,,,,,,,,,,MAIA_ANC_SURFACEMONITOR_PM_2.5_SPECIES_USA-LosAngeles_20250305T000000Z_F01_V2026p06p10.nc,-9999.0,0.0054,0.8966
20250305,PM_2.5,Organic_Carbon,1.36,USA-LosAngeles-0001-36.7854N_119.7732W_1801,"Fresno, CA 1",36.78538,-119.77321,government,AQS,SPECIES_USA-LosAngeles-0001_,,,,US,Fresno,,,,,,,,,,,,,MAIA_ANC_SURFACEMONITOR_PM_2.5_SPECIES_USA-LosAngeles_20250305T000000Z_F01_V2026p06p10.nc,-9999.0,0.0088,1.6743
20250305,PM_2.5,Organic_Carbon,1.382,USA-LosAngeles-0001-36.7854N_119.7732W_1805,"Fresno, CA 5",36.78538,-119.77321,government,AQS,SPECIES_USA-LosAngeles-0001_,,,,US,Fresno,,,,,,,,,,,,,MAIA_ANC_SURFACEMONITOR_PM_2.5_SPECIES_USA-LosAngeles_20250305T000000Z_F01_V2026p06p10.nc,-9999.0,0.0081,1.6579
20250305,PM_2.5,Organic_Carbon,0.4,USA-LosAngeles-0001-37.3607N_118.3308W_1801,"Bishop, CA 1",37.360684,-118.330783,government,AQS,SPECIES_USA-LosAngeles-0001_,,,,US,Not in a City,,,,,,,,,,,,,MAIA_ANC_SURFACEMONITOR_PM_2.5_SPECIES_USA-LosAngeles_20250305T000000Z_F01_V2026p06p10.nc,-9999.0,0.0016,0.2826
20250305,PM_2.5,Organic_Carbon,0.35,USA-LosAngeles-0001-37.7133N_119.7062W_1801, 1,37.71325,-119.7062,government,AQS,SPECIES_USA-LosAngeles-0001_,,,,US,Not in a City,,,,,,,,,,,,,MAIA_ANC_SURFACEMONITOR_PM_2.5_SPECIES_USA-LosAngeles_20250305T000000Z_F01_V2026p06p10.nc,-9999.0,0.001,0.3683
20250305,PM_2.5,Sulfate,0.72,USA-LosAngeles-0001-33.9996N_117.4160W_1805,"Riverside-San Bernardino-Ontario, CA 5",33.99958,-117.41601,government,AQS,SPECIES_USA-LosAngeles-0001_,,,,US,Rubidoux,,,,,,,,,,,,,MAIA_ANC_SURFACEMONITOR_PM_2.5_SPECIES_USA-LosAngeles_20250305T000000Z_F01_V2026p06p10.nc,-9999.0,0.0037,0.6688
20250305,PM_2.5,Sulfate,0.66,USA-LosAngeles-0001-34.0666N_118.2269W_1805,"Los Angeles-Long Beach-Anaheim, CA 5",34.06659,-118.22688,government,AQS,SPECIES_USA-LosAngeles-0001_,,,,US,Los Angeles,,,,,,,,,,,,,MAIA_ANC_SURFACEMONITOR_PM_2.5_SPECIES_USA-LosAngeles_20250305T000000Z_F01_V2026p06p10.nc,-9999.0,0.0049,1.0656
20250305,PM_2.5,Sulfate,0.153,USA-LosAngeles-0001-34.1939N_116.9141W_1801,"Riverside-San Bernardino-Ontario, CA 1",34.193925,-116.914063,government,AQS,SPECIES_USA-LosAngeles-0001_,,,,US,Not in a City,,,,,,,,,,,,,MAIA_ANC_SURFACEMONITOR_PM_2.5_SPECIES_USA-LosAngeles_20250305T000000Z_F01_V2026p06p10.nc,-9999.0,0.0017,0.3563
20250305,PM_2.5,Sulfate,0.126,USA-LosAngeles-0001-34.8219N_118.8876W_1801,"Bakersfield, CA 1",34.821922,-118.887598,government,AQS,SPECIES_USA-LosAngeles-0001_,,,,US,Lebec,,,,,,,,,,,,,MAIA_ANC_SURFACEMONITOR_PM_2.5_SPECIES_USA-LosAngeles_20250305T000000Z_F01_V2026p06p10.nc,-9999.0,0.0021,0.3794
20250305,PM_2.5,Sulfate,1.48,USA-LosAngeles-0001-35.3566N_119.0626W_1805,"Bakersfield, CA 5",35.356615,-119.062613,government,AQS,SPECIES_USA-LosAngeles-0001_,,,,US,Bakersfield,,,,,,,,,,,,,MAIA_ANC_SURFACEMONITOR_PM_2.5_SPECIES_USA-LosAngeles_20250305T000000Z_F01_V2026p06p10.nc,-9999.0,0.0026,0.551
20250305,PM_2.5,Sulfate,0.179,USA-LosAngeles-0001-36.4988N_118.8248W_1801,"Visalia-Porterville, CA 1",36.498835,-118.824821,government,AQS,SPECIES_USA-LosAngeles-0001_,,,,US,Sequoia National Park,,,,,,,,,,,,,MAIA_ANC_SURFACEMONITOR_PM_2.5_SPECIES_USA-LosAngeles_20250305T000000Z_F01_V2026p06p10.nc,-9999.0,0.0025,0.4548
20250305,PM_2.5,Sulfate,0.258,USA-LosAngeles-0001-36.7854N_119.7732W_1801,"Fresno, CA 1",36.78538,-119.77321,government,AQS,SPECIES_USA-LosAngeles-0001_,,,,US,Fresno,,,,,,,,,,,,,MAIA_ANC_SURFACEMONITOR_PM_2.5_SPECIES_USA-LosAngeles_20250305T000000Z_F01_V2026p06p10.nc,-9999.0,0.0022,0.4073
20250305,PM_2.5,Sulfate,0.34,USA-LosAngeles-0001-36.7854N_119.7732W_1805,"Fresno, CA 5",36.78538,-119.77321,government,AQS,SPECIES_USA-LosAngeles-0001_,,,,US,Fresno,,,,,,,,,,,,,MAIA_ANC_SURFACEMONITOR_PM_2.5_SPECIES_USA-LosAngeles_20250305T000000Z_F01_V2026p06p10.nc,-9999.0,0.0025,0.4262
20250305,PM_2.5,Sulfate,0.149,USA-LosAngeles-0001-37.3607N_118.3308W_1801,"Bishop, CA 1",37.360684,-118.330783,government,AQS,SPECIES_USA-LosAngeles-0001_,,,,US,Not in a City,,,,,,,,,,,,,MAIA_ANC_SURFACEMONITOR_PM_2.5_SPECIES_USA-LosAngeles_20250305T000000Z_F01_V2026p06p10.nc,-9999.0,0.0017,0.302
20250305,PM_2.5,Sulfate,0.059,USA-LosAngeles-0001-37.7133N_119.7062W_1801, 1,37.71325,-119.7062,government,AQS,SPECIES_USA-LosAngeles-0001_,,,,US,Not in a City,,,,,,,,,,,,,MAIA_ANC_SURFACEMONITOR_PM_2.5_SPECIES_USA-LosAngeles_20250305T000000Z_F01_V2026p06p10.nc,-9999.0,0.0006,0.232
20250306,PM_2.5,Black_Carbon,0.0,USA-LosAngeles-0001-34.1994N_118.1732W_0800,AethLabs JPL,34.19941255,-118.1732079,research,aethalometer,SPECIES_USA-LosAngeles-0001_,,,,US,Pasadena,0.0028,900.0,0.0,0.0,0.0,720.0,0.0,0.0,898.0,900.0,0.0,2.0,MAIA_ANC_SURFACEMONITOR_PM_2.5_SPECIES_USA-LosAngeles_20250306T000000Z_F01_V2026p06p10.nc,,,
20250307,PM_2.5,Black_Carbon,0.0,USA-LosAngeles-0001-34.1994N_118.1732W_0800,AethLabs JPL,34.19941255,-118.1732079,research,aethalometer,SPECIES_USA-LosAngeles-0001_,,,,US,Pasadena,0.0028,900.0,0.0,0.0,0.0,720.0,0.0,0.0,898.0,900.0,0.0,2.0,MAIA_ANC_SURFACEMONITOR_PM_2.5_SPECIES_USA-LosAngeles_20250307T000000Z_F01_V2026p06p10.nc,,,
20250308,PM_2.5,Black_Carbon,0.0,USA-LosAngeles-0001-34.1994N_118.1732W_0800,AethLabs JPL,34.19941255,-118.1732079,research,aethalometer,SPECIES_USA-LosAngeles-0001_,,,,US,Pasadena,0.0028,900.0,0.0,0.0,0.0,720.0,0.0,0.0,898.0,900.0,0.0,2.0,MAIA_ANC_SURFACEMONITOR_PM_2.5_SPECIES_USA-LosAngeles_20250308T000000Z_F01_V2026p06p10.nc,,,
20250308,PM_2.5,Dust,0.71,USA-LosAngeles-0001-33.8306N_117.9385W_1811,"Los Angeles-Long Beach-Anaheim, CA 11",33.83062,-117.93845,government,AQS,SPECIES_USA-LosAngeles-0001_,,,,US,Anaheim,,,,,,,,,,,,,MAIA_ANC_SURFACEMONITOR_PM_2.5_SPECIES_USA-LosAngeles_20250308T000000Z_F01_V2026p06p10.nc,-9999.0,-9999.0,-9999.0
20250308,PM_2.5,Dust,0.6664,USA-LosAngeles-0001-33.9996N_117.4160W_1805,"Riverside-San Bernardino-Ontario, CA 5",33.99958,-117.41601,government,AQS,SPECIES_USA-LosAngeles-0001_,,,,US,Rubidoux,,,,,,,,,,,,,MAIA_ANC_SURFACEMONITOR_PM_2.5_SPECIES_USA-LosAngeles_20250308T000000Z_F01_V2026p06p10.nc,1.0,0.5915562499999999,0.46781773475194105
20250308,PM_2.5,Dust,0.664,USA-LosAngeles-0001-33.9996N_117.4160W_1806,"Riverside-San Bernardino-Ontario, CA 6",33.99958,-117.41601,government,AQS,SPECIES_USA-LosAngeles-0001_,,,,US,Rubidoux,,,,,,,,,,,,,MAIA_ANC_SURFACEMONITOR_PM_2.5_SPECIES_USA-LosAngeles_20250308T000000Z_F01_V2026p06p10.nc,1.0,0.507874,0.2775461098700539
20250308,PM_2.5,Dust,0.9375,USA-LosAngeles-0001-33.9996N_117.4160W_1811,"Riverside-San Bernardino-Ontario, CA 11",33.99958,-117.41601,government,AQS,SPECIES_USA-LosAngeles-0001_,,,,US,Rubidoux,,,,,,,,,,,,,MAIA_ANC_SURFACEMONITOR_PM_2.5_SPECIES_USA-LosAngeles_20250308T000000Z_F01_V2026p06p10.nc,-9999.0,-9999.0,-9999.0
20250308,PM_2.5,Dust,0.0421,USA-LosAngeles-0001-34.0666N_118.2269W_1805,"Los Angeles-Long Beach-Anaheim, CA 5",34.06659,-118.22688,government,AQS,SPECIES_USA-LosAngeles-0001_,,,,US,Los Angeles,,,,,,,,,,,,,MAIA_ANC_SURFACEMONITOR_PM_2.5_SPECIES_USA-LosAngeles_20250308T000000Z_F01_V2026p06p10.nc,0.0,0.6086975000000001,0.16954684173923737
20250308,PM_2.5,Dust,0.7208,USA-LosAngeles-0001-34.0666N_118.2269W_1811,"Los Angeles-Long Beach-Anaheim, CA 11",34.06659,-118.22688,government,AQS,SPECIES_USA-LosAngeles-0001_,,,,US,Los Angeles,,,,,,,,,,,,,MAIA_ANC_SURFACEMONITOR_PM_2.5_SPECIES_USA-LosAngeles_20250308T000000Z_F01_V2026p06p10.nc,-9999.0,-9999.0,-9999.0
20250308,PM_2.5,Dust,0.6227,USA-LosAngeles-0001-34.0666N_118.2269W_1812,"Los Angeles-Long Beach-Anaheim, CA 12",34.06659,-118.22688,government,AQS,SPECIES_USA-LosAngeles-0001_,,,,US,Los Angeles,,,,,,,,,,,,,MAIA_ANC_SURFACEMONITOR_PM_2.5_SPECIES_USA-LosAngeles_20250308T000000Z_F01_V2026p06p10.nc,-9999.0,-9999.0,-9999.0
20250308,PM_2.5,Dust,0.9341,USA-LosAngeles-0001-34.1000N_117.4920W_1811,"Riverside-San Bernardino-Ontario, CA 11",34.10002,-117.49201,government,AQS,SPECIES_USA-LosAngeles-0001_,,,,US,Fontana,,,,,,,,,,,,,MAIA_ANC_SURFACEMONITOR_PM_2.5_SPECIES_USA-LosAngeles_20250308T000000Z_F01_V2026p06p10.nc,-9999.0,-9999.0,-9999.0
20250308,PM_2.5,Dust,0.2636,USA-LosAngeles-0001-34.1939N_116.9141W_1801,"Riverside-San Bernardino-Ontario, CA 1",34.193925,-116.914063,government,AQS,SPECIES_USA-LosAngeles-0001_,,,,US,Not in a City,,,,,,,,,,,,,MAIA_ANC_SURFACEMONITOR_PM_2.5_SPECIES_USA-LosAngeles_20250308T000000Z_F01_V2026p06p10.nc,1.0,0.4093644444444444,0.23511156137322986
20250308,PM_2.5,Dust,0.2363,USA-LosAngeles-0001-34.8219N_118.8876W_1801,"Bakersfield, CA 1",34.821922,-118.887598,government,AQS,SPECIES_USA-LosAngeles-0001_,,,,US,Lebec,,,,,,,,,,,,,MAIA_ANC_SURFACEMONITOR_PM_2.5_SPECIES_USA-LosAngeles_20250308T000000Z_F01_V2026p06p10.nc,1.0,0.25581300000000007,0.17291968101115618
20250308,PM_2.5,Dust,0.3371,USA-LosAngeles-0001-35.3566N_119.0626W_1806,"Bakersfield, CA 6",35.356615,-119.062613,government,AQS,SPECIES_USA-LosAngeles-0001_,,,,US,Bakersfield,,,,,,,,,,,,,MAIA_ANC_SURFACEMONITOR_PM_2.5_SPECIES_USA-LosAngeles_20250308T000000Z_F01_V2026p06p10.nc,1.0,0.8610200000000002,0.6792222214415544
20250308,PM_2.5,Dust,0.6204,USA-LosAngeles-0001-36.3081N_119.3129W_1805,N/A,36.30815,-119.3129,government,AQS,SPECIES_USA-LosAngeles-0001_,,,,US,N/A,,,,,,,,,,,,,MAIA_ANC_SURFACEMONITOR_PM_2.5_SPECIES_USA-LosAngeles_20250308T000000Z_F01_V2026p06p10.nc,1.0,0.6459833333333334,0.320807823037753
20250308,PM_2.5,Dust,0.137,USA-LosAngeles-0001-36.4988N_118.8248W_1801,"Visalia-Porterville, CA 1",36.498835,-118.824821,government,AQS,SPECIES_USA-LosAngeles-0001_,,,,US,Sequoia National Park,,,,,,,,,,,,,MAIA_ANC_SURFACEMONITOR_PM_2.5_SPECIES_USA-LosAngeles_20250308T000000Z_F01_V2026p06p10.nc,1.0,0.23684272727272726,0.17193270650254203
20250308,PM_2.5,Dust,0.4511,USA-LosAngeles-0001-36.7854N_119.7732W_1801,"Fresno, CA 1",36.78538,-119.77321,government,AQS,SPECIES_USA-LosAngeles-0001_,,,,US,Fresno,,,,,,,,,,,,,MAIA_ANC_SURFACEMONITOR_PM_2.5_SPECIES_USA-LosAngeles_20250308T000000Z_F01_V2026p06p10.nc,1.0,0.45894,0.3561421747560937
20250308,PM_2.5,Dust,0.3546,USA-LosAngeles-0001-36.7854N_119.7732W_1805,"Fresno, CA 5",36.78538,-119.77321,government,AQS,SPECIES_USA-LosAngeles-0001_,,,,US,Fresno,,,,,,,,,,,,,MAIA_ANC_SURFACEMONITOR_PM_2.5_SPECIES_USA-LosAngeles_20250308T000000Z_F01_V2026p06p10.nc,1.0,0.28003272727272727,0.24095082029670054
20250308,PM_2.5,Dust,0.7027,USA-LosAngeles-0001-37.3607N_118.3308W_1801,"Bishop, CA 1",37.360684,-118.330783,government,AQS,SPECIES_USA-LosAngeles-0001_,,,,US,Not in a City,,,,,,,,,,,,,MAIA_ANC_SURFACEMONITOR_PM_2.5_SPECIES_USA-LosAngeles_20250308T000000Z_F01_V2026p06p10.nc,1.0,0.5847877777777778,0.3990076377374744
20250308,PM_2.5,Dust,0.2323,USA-LosAngeles-0001-37.7133N_119.7062W_1801, 1,37.71325,-119.7062,government,AQS,SPECIES_USA-LosAngeles-0001_,,,,US,Not in a City,,,,,,,,,,,,,MAIA_ANC_SURFACEMONITOR_PM_2.5_SPECIES_USA-LosAngeles_20250308T000000Z_F01_V2026p06p10.nc,1.0,0.18311666666666668,0.17832051692263445
20250308,PM_2.5,Dust,0.2409,USA-LosAngeles-0001-37.7133N_119.7062W_1802, 2,37.71325,-119.7062,government,AQS,SPECIES_USA-LosAngeles-0001_,,,,US,Not in a City,,,,,,,,,,,,,MAIA_ANC_SURFACEMONITOR_PM_2.5_SPECIES_USA-LosAngeles_20250308T000000Z_F01_V2026p06p10.nc,1.0,0.196715,0.16870589090188878
20250308,PM_2.5,Elemental_Carbon,1.28,USA-LosAngeles-0001-33.9996N_117.4160W_1805,"Riverside-San Bernardino-Ontario, CA 5",33.99958,-117.41601,government,AQS,SPECIES_USA-LosAngeles-0001_,,,,US,Rubidoux,,,,,,,,,,,,,MAIA_ANC_SURFACEMONITOR_PM_2.5_SPECIES_USA-LosAngeles_20250308T000000Z_F01_V2026p06p10.nc,-9999.0,0.0032,0.6185
20250308,PM_2.5,Elemental_Carbon,1.139,USA-LosAngeles-0001-33.9996N_117.4160W_1806,"Riverside-San Bernardino-Ontario, CA 6",33.99958,-117.41601,government,AQS,SPECIES_USA-LosAngeles-0001_,,,,US,Rubidoux,,,,,,,,,,,,,MAIA_ANC_SURFACEMONITOR_PM_2.5_SPECIES_USA-LosAngeles_20250308T000000Z_F01_V2026p06p10.nc,-9999.0,0.0017,0.524
20250308,PM_2.5,Elemental_Carbon,0.747,USA-LosAngeles-0001-34.0666N_118.2269W_1805,"Los Angeles-Long Beach-Anaheim, CA 5",34.06659,-118.22688,government,AQS,SPECIES_USA-LosAngeles-0001_,,,,US,Los Angeles,,,,,,,,,,,,,MAIA_ANC_SURFACEMONITOR_PM_2.5_SPECIES_USA-LosAngeles_20250308T000000Z_F01_V2026p06p10.nc,-9999.0,0.0034,0.5416
20250308,PM_2.5,Elemental_Carbon,0.05,USA-LosAngeles-0001-34.1939N_116.9141W_1801,"Riverside-San Bernardino-Ontario, CA 1",34.193925,-116.914063,government,AQS,SPECIES_USA-LosAngeles-0001_,,,,US,Not in a City,,,,,,,,,,,,,MAIA_ANC_SURFACEMONITOR_PM_2.5_SPECIES_USA-LosAngeles_20250308T000000Z_F01_V2026p06p10.nc,-9999.0,0.0005,0.096
20250308,PM_2.5,Elemental_Carbon,0.09,USA-LosAngeles-0001-34.8219N_118.8876W_1801,"Bakersfield, CA 1",34.821922,-118.887598,government,AQS,SPECIES_USA-LosAngeles-0001_,,,,US,Lebec,,,,,,,,,,,,,MAIA_ANC_SURFACEMONITOR_PM_2.5_SPECIES_USA-LosAngeles_20250308T000000Z_F01_V2026p06p10.nc,-9999.0,0.0004,0.0814
20250308,PM_2.5,Elemental_Carbon,0.636,USA-LosAngeles-0001-35.3566N_119.0626W_1806,"Bakersfield, CA 6",35.356615,-119.062613,government,AQS,SPECIES_USA-LosAngeles-0001_,,,,US,Bakersfield,,,,,,,,,,,,,MAIA_ANC_SURFACEMONITOR_PM_2.5_SPECIES_USA-LosAngeles_20250308T000000Z_F01_V2026p06p10.nc,-9999.0,0.0013,0.391
20250308,PM_2.5,Elemental_Carbon,0.04,USA-LosAngeles-0001-36.4988N_118.8248W_1801,"Visalia-Porterville, CA 1",36.498835,-118.824821,government,AQS,SPECIES_USA-LosAngeles-0001_,,,,US,Sequoia National Park,,,,,,,,,,,,,MAIA_ANC_SURFACEMONITOR_PM_2.5_SPECIES_USA-LosAngeles_20250308T000000Z_F01_V2026p06p10.nc,-9999.0,0.0007,0.1219
20250308,PM_2.5,Elemental_Carbon,0.53,USA-LosAngeles-0001-36.7854N_119.7732W_1801,"Fresno, CA 1",36.78538,-119.77321,government,AQS,SPECIES_USA-LosAngeles-0001_,,,,US,Fresno,,,,,,,,,,,,,MAIA_ANC_SURFACEMONITOR_PM_2.5_SPECIES_USA-LosAngeles_20250308T000000Z_F01_V2026p06p10.nc,-9999.0,0.0017,0.3156
20250308,PM_2.5,Elemental_Carbon,0.739,USA-LosAngeles-0001-36.7854N_119.7732W_1805,"Fresno, CA 5",36.78538,-119.77321,government,AQS,SPECIES_USA-LosAngeles-0001_,,,,US,Fresno,,,,,,,,,,,,,MAIA_ANC_SURFACEMONITOR_PM_2.5_SPECIES_USA-LosAngeles_20250308T000000Z_F01_V2026p06p10.nc,-9999.0,0.002,0.4223
20250308,PM_2.5,Elemental_Carbon,0.04,USA-LosAngeles-0001-37.3607N_118.3308W_1801,"Bishop, CA 1",37.360684,-118.330783,government,AQS,SPECIES_USA-LosAngeles-0001_,,,,US,Not in a City,,,,,,,,,,,,,MAIA_ANC_SURFACEMONITOR_PM_2.5_SPECIES_USA-LosAngeles_20250308T000000Z_F01_V2026p06p10.nc,-9999.0,0.0003,0.0561
20250308,PM_2.5,Elemental_Carbon,0.07,USA-LosAngeles-0001-37.7133N_119.7062W_1801, 1,37.71325,-119.7062,government,AQS,SPECIES_USA-LosAngeles-0001_,,,,US,Not in a City,,,,,,,,,,,,,MAIA_ANC_SURFACEMONITOR_PM_2.5_SPECIES_USA-LosAngeles_20250308T000000Z_F01_V2026p06p10.nc,-9999.0,0.0002,0.0712
20250308,PM_2.5,Nitrate,1.97,USA-LosAngeles-0001-33.8306N_117.9385W_1811,"Los Angeles-Long Beach-Anaheim, CA 11",33.83062,-117.93845,government,AQS,SPECIES_USA-LosAngeles-0001_,,,,US,Anaheim,,,,,,,,,,,,,MAIA_ANC_SURFACEMONITOR_PM_2.5_SPECIES_USA-LosAngeles_20250308T000000Z_F01_V2026p06p10.nc,-9999.0,0.0,
20250308,PM_2.5,Nitrate,2.14,USA-LosAngeles-0001-33.9996N_117.4160W_1805,"Riverside-San Bernardino-Ontario, CA 5",33.99958,-117.41601,government,AQS,SPECIES_USA-LosAngeles-0001_,,,,US,Rubidoux,,,,,,,,,,,,,MAIA_ANC_SURFACEMONITOR_PM_2.5_SPECIES_USA-LosAngeles_20250308T000000Z_F01_V2026p06p10.nc,-9999.0,0.0125,2.2091
20250308,PM_2.5,Nitrate,2.12,USA-LosAngeles-0001-33.9996N_117.4160W_1806,"Riverside-San Bernardino-Ontario, CA 6",33.99958,-117.41601,government,AQS,SPECIES_USA-LosAngeles-0001_,,,,US,Rubidoux,,,,,,,,,,,,,MAIA_ANC_SURFACEMONITOR_PM_2.5_SPECIES_USA-LosAngeles_20250308T000000Z_F01_V2026p06p10.nc,-9999.0,0.0049,1.836
20250308,PM_2.5,Nitrate,1.9,USA-LosAngeles-0001-33.9996N_117.4160W_1811,"Riverside-San Bernardino-Ontario, CA 11",33.99958,-117.41601,government,AQS,SPECIES_USA-LosAngeles-0001_,,,,US,Rubidoux,,,,,,,,,,,,,MAIA_ANC_SURFACEMONITOR_PM_2.5_SPECIES_USA-LosAngeles_20250308T000000Z_F01_V2026p06p10.nc,-9999.0,0.0,
20250308,PM_2.5,Nitrate,2.25,USA-LosAngeles-0001-34.0666N_118.2269W_1805,"Los Angeles-Long Beach-Anaheim, CA 5",34.06659,-118.22688,government,AQS,SPECIES_USA-LosAngeles-0001_,,,,US,Los Angeles,,,,,,,,,,,,,MAIA_ANC_SURFACEMONITOR_PM_2.5_SPECIES_USA-LosAngeles_20250308T000000Z_F01_V2026p06p10.nc,-9999.0,0.0138,3.0363
20250308,PM_2.5,Nitrate,1.81,USA-LosAngeles-0001-34.0666N_118.2269W_1811,"Los Angeles-Long Beach-Anaheim, CA 11",34.06659,-118.22688,government,AQS,SPECIES_USA-LosAngeles-0001_,,,,US,Los Angeles,,,,,,,,,,,,,MAIA_ANC_SURFACEMONITOR_PM_2.5_SPECIES_USA-LosAngeles_20250308T000000Z_F01_V2026p06p10.nc,-9999.0,0.0,
20250308,PM_2.5,Nitrate,1.9,USA-LosAngeles-0001-34.0666N_118.2269W_1812,"Los Angeles-Long Beach-Anaheim, CA 12",34.06659,-118.22688,government,AQS,SPECIES_USA-LosAngeles-0001_,,,,US,Los Angeles,,,,,,,,,,,,,MAIA_ANC_SURFACEMONITOR_PM_2.5_SPECIES_USA-LosAngeles_20250308T000000Z_F01_V2026p06p10.nc,-9999.0,0.0,
20250308,PM_2.5,Nitrate,2.04,USA-LosAngeles-0001-34.1000N_117.4920W_1811,"Riverside-San Bernardino-Ontario, CA 11",34.10002,-117.49201,government,AQS,SPECIES_USA-LosAngeles-0001_,,,,US,Fontana,,,,,,,,,,,,,MAIA_ANC_SURFACEMONITOR_PM_2.5_SPECIES_USA-LosAngeles_20250308T000000Z_F01_V2026p06p10.nc,-9999.0,0.0,
20250308,PM_2.5,Nitrate,0.178,USA-LosAngeles-0001-34.1939N_116.9141W_1801,"Riverside-San Bernardino-Ontario, CA 1",34.193925,-116.914063,government,AQS,SPECIES_USA-LosAngeles-0001_,,,,US,Not in a City,,,,,,,,,,,,,MAIA_ANC_SURFACEMONITOR_PM_2.5_SPECIES_USA-LosAngeles_20250308T000000Z_F01_V2026p06p10.nc,-9999.0,0.0041,0.9537
20250308,PM_2.5,Nitrate,0.087,USA-LosAngeles-0001-34.8219N_118.8876W_1801,"Bakersfield, CA 1",34.821922,-118.887598,government,AQS,SPECIES_USA-LosAngeles-0001_,,,,US,Lebec,,,,,,,,,,,,,MAIA_ANC_SURFACEMONITOR_PM_2.5_SPECIES_USA-LosAngeles_20250308T000000Z_F01_V2026p06p10.nc,-9999.0,0.0014,0.2604
20250308,PM_2.5,Nitrate,1.34,USA-LosAngeles-0001-35.3566N_119.0626W_1806,"Bakersfield, CA 6",35.356615,-119.062613,government,AQS,SPECIES_USA-LosAngeles-0001_,,,,US,Bakersfield,,,,,,,,,,,,,MAIA_ANC_SURFACEMONITOR_PM_2.5_SPECIES_USA-LosAngeles_20250308T000000Z_F01_V2026p06p10.nc,-9999.0,0.0043,1.3481
20250308,PM_2.5,Nitrate,1.53,USA-LosAngeles-0001-36.3081N_119.3129W_1805,N/A,36.30815,-119.3129,government,AQS,SPECIES_USA-LosAngeles-0001_,,,,US,N/A,,,,,,,,,,,,,MAIA_ANC_SURFACEMONITOR_PM_2.5_SPECIES_USA-LosAngeles_20250308T000000Z_F01_V2026p06p10.nc,-9999.0,0.004,1.3384
20250308,PM_2.5,Nitrate,0.069,USA-LosAngeles-0001-36.4988N_118.8248W_1801,"Visalia-Porterville, CA 1",36.498835,-118.824821,government,AQS,SPECIES_USA-LosAngeles-0001_,,,,US,Sequoia National Park,,,,,,,,,,,,,MAIA_ANC_SURFACEMONITOR_PM_2.5_SPECIES_USA-LosAngeles_20250308T000000Z_F01_V2026p06p10.nc,-9999.0,0.002,0.3739
20250308,PM_2.5,Nitrate,1.117,USA-LosAngeles-0001-36.7854N_119.7732W_1801,"Fresno, CA 1",36.78538,-119.77321,government,AQS,SPECIES_USA-LosAngeles-0001_,,,,US,Fresno,,,,,,,,,,,,,MAIA_ANC_SURFACEMONITOR_PM_2.5_SPECIES_USA-LosAngeles_20250308T000000Z_F01_V2026p06p10.nc,-9999.0,0.0049,0.9618
20250308,PM_2.5,Nitrate,1.58,USA-LosAngeles-0001-36.7854N_119.7732W_1805,"Fresno, CA 5",36.78538,-119.77321,government,AQS,SPECIES_USA-LosAngeles-0001_,,,,US,Fresno,,,,,,,,,,,,,MAIA_ANC_SURFACEMONITOR_PM_2.5_SPECIES_USA-LosAngeles_20250308T000000Z_F01_V2026p06p10.nc,-9999.0,0.0057,1.0247
20250308,PM_2.5,Nitrate,0.063,USA-LosAngeles-0001-37.3607N_118.3308W_1801,"Bishop, CA 1",37.360684,-118.330783,government,AQS,SPECIES_USA-LosAngeles-0001_,,,,US,Not in a City,,,,,,,,,,,,,MAIA_ANC_SURFACEMONITOR_PM_2.5_SPECIES_USA-LosAngeles_20250308T000000Z_F01_V2026p06p10.nc,-9999.0,0.0004,0.0728
20250308,PM_2.5,Nitrate,0.131,USA-LosAngeles-0001-37.7133N_119.7062W_1801, 1,37.71325,-119.7062,government,AQS,SPECIES_USA-LosAngeles-0001_,,,,US,Not in a City,,,,,,,,,,,,,MAIA_ANC_SURFACEMONITOR_PM_2.5_SPECIES_USA-LosAngeles_20250308T000000Z_F01_V2026p06p10.nc,-9999.0,0.0004,0.1745
20250308,PM_2.5,Organic_Carbon,2.981,USA-LosAngeles-0001-33.9996N_117.4160W_1805,"Riverside-San Bernardino-Ontario, CA 5",33.99958,-117.41601,government,AQS,SPECIES_USA-LosAngeles-0001_,,,,US,Rubidoux,,,,,,,,,,,,,MAIA_ANC_SURFACEMONITOR_PM_2.5_SPECIES_USA-LosAngeles_20250308T000000Z_F01_V2026p06p10.nc,-9999.0,0.0103,1.8322
20250308,PM_2.5,Organic_Carbon,2.655,USA-LosAngeles-0001-33.9996N_117.4160W_1806,"Riverside-San Bernardino-Ontario, CA 6",33.99958,-117.41601,government,AQS,SPECIES_USA-LosAngeles-0001_,,,,US,Rubidoux,,,,,,,,,,,,,MAIA_ANC_SURFACEMONITOR_PM_2.5_SPECIES_USA-LosAngeles_20250308T000000Z_F01_V2026p06p10.nc,-9999.0,0.0052,1.5036
20250308,PM_2.5,Organic_Carbon,2.474,USA-LosAngeles-0001-34.0666N_118.2269W_1805,"Los Angeles-Long Beach-Anaheim, CA 5",34.06659,-118.22688,government,AQS,SPECIES_USA-LosAngeles-0001_,,,,US,Los Angeles,,,,,,,,,,,,,MAIA_ANC_SURFACEMONITOR_PM_2.5_SPECIES_USA-LosAngeles_20250308T000000Z_F01_V2026p06p10.nc,-9999.0,0.0115,1.8456
20250308,PM_2.5,Organic_Carbon,0.29,USA-LosAngeles-0001-34.1939N_116.9141W_1801,"Riverside-San Bernardino-Ontario, CA 1",34.193925,-116.914063,government,AQS,SPECIES_USA-LosAngeles-0001_,,,,US,Not in a City,,,,,,,,,,,,,MAIA_ANC_SURFACEMONITOR_PM_2.5_SPECIES_USA-LosAngeles_20250308T000000Z_F01_V2026p06p10.nc,-9999.0,0.0023,0.4653
20250308,PM_2.5,Organic_Carbon,0.35,USA-LosAngeles-0001-34.8219N_118.8876W_1801,"Bakersfield, CA 1",34.821922,-118.887598,government,AQS,SPECIES_USA-LosAngeles-0001_,,,,US,Lebec,,,,,,,,,,,,,MAIA_ANC_SURFACEMONITOR_PM_2.5_SPECIES_USA-LosAngeles_20250308T000000Z_F01_V2026p06p10.nc,-9999.0,0.0027,0.4975
20250308,PM_2.5,Organic_Carbon,1.65,USA-LosAngeles-0001-35.3566N_119.0626W_1806,"Bakersfield, CA 6",35.356615,-119.062613,government,AQS,SPECIES_USA-LosAngeles-0001_,,,,US,Bakersfield,,,,,,,,,,,,,MAIA_ANC_SURFACEMONITOR_PM_2.5_SPECIES_USA-LosAngeles_20250308T000000Z_F01_V2026p06p10.nc,-9999.0,0.0051,1.4568
20250308,PM_2.5,Organic_Carbon,0.42,USA-LosAngeles-0001-36.4988N_118.8248W_1801,"Visalia-Porterville, CA 1",36.498835,-118.824821,government,AQS,SPECIES_USA-LosAngeles-0001_,,,,US,Sequoia National Park,,,,,,,,,,,,,MAIA_ANC_SURFACEMONITOR_PM_2.5_SPECIES_USA-LosAngeles_20250308T000000Z_F01_V2026p06p10.nc,-9999.0,0.0054,0.8966
20250308,PM_2.5,Organic_Carbon,2.44,USA-LosAngeles-0001-36.7854N_119.7732W_1801,"Fresno, CA 1",36.78538,-119.77321,government,AQS,SPECIES_USA-LosAngeles-0001_,,,,US,Fresno,,,,,,,,,,,,,MAIA_ANC_SURFACEMONITOR_PM_2.5_SPECIES_USA-LosAngeles_20250308T000000Z_F01_V2026p06p10.nc,-9999.0,0.0088,1.6743
20250308,PM_2.5,Organic_Carbon,2.822,USA-LosAngeles-0001-36.7854N_119.7732W_1805,"Fresno, CA 5",36.78538,-119.77321,government,AQS,SPECIES_USA-LosAngeles-0001_,,,,US,Fresno,,,,,,,,,,,,,MAIA_ANC_SURFACEMONITOR_PM_2.5_SPECIES_USA-LosAngeles_20250308T000000Z_F01_V2026p06p10.nc,-9999.0,0.0081,1.6579
20250308,PM_2.5,Organic_Carbon,0.17,USA-LosAngeles-0001-37.3607N_118.3308W_1801,"Bishop, CA 1",37.360684,-118.330783,government,AQS,SPECIES_USA-LosAngeles-0001_,,,,US,Not in a City,,,,,,,,,,,,,MAIA_ANC_SURFACEMONITOR_PM_2.5_SPECIES_USA-LosAngeles_20250308T000000Z_F01_V2026p06p10.nc,-9999.0,0.0016,0.2826
20250308,PM_2.5,Organic_Carbon,0.46,USA-LosAngeles-0001-37.7133N_119.7062W_1801, 1,37.71325,-119.7062,government,AQS,SPECIES_USA-LosAngeles-0001_,,,,US,Not in a City,,,,,,,,,,,,,MAIA_ANC_SURFACEMONITOR_PM_2.5_SPECIES_USA-LosAngeles_20250308T000000Z_F01_V2026p06p10.nc,-9999.0,0.001,0.3683
20250308,PM_2.5,Sulfate,0.54,USA-LosAngeles-0001-33.8306N_117.9385W_1811,"Los Angeles-Long Beach-Anaheim, CA 11",33.83062,-117.93845,government,AQS,SPECIES_USA-LosAngeles-0001_,,,,US,Anaheim,,,,,,,,,,,,,MAIA_ANC_SURFACEMONITOR_PM_2.5_SPECIES_USA-LosAngeles_20250308T000000Z_F01_V2026p06p10.nc,-9999.0,0.0,
20250308,PM_2.5,Sulfate,0.44,USA-LosAngeles-0001-33.9996N_117.4160W_1805,"Riverside-San Bernardino-Ontario, CA 5",33.99958,-117.41601,government,AQS,SPECIES_USA-LosAngeles-0001_,,,,US,Rubidoux,,,,,,,,,,,,,MAIA_ANC_SURFACEMONITOR_PM_2.5_SPECIES_USA-LosAngeles_20250308T000000Z_F01_V2026p06p10.nc,-9999.0,0.0037,0.6688
20250308,PM_2.5,Sulfate,0.42,USA-LosAngeles-0001-33.9996N_117.4160W_1806,"Riverside-San Bernardino-Ontario, CA 6",33.99958,-117.41601,government,AQS,SPECIES_USA-LosAngeles-0001_,,,,US,Rubidoux,,,,,,,,,,,,,MAIA_ANC_SURFACEMONITOR_PM_2.5_SPECIES_USA-LosAngeles_20250308T000000Z_F01_V2026p06p10.nc,-9999.0,0.0014,0.5199
20250308,PM_2.5,Sulfate,0.43,USA-LosAngeles-0001-33.9996N_117.4160W_1811,"Riverside-San Bernardino-Ontario, CA 11",33.99958,-117.41601,government,AQS,SPECIES_USA-LosAngeles-0001_,,,,US,Rubidoux,,,,,,,,,,,,,MAIA_ANC_SURFACEMONITOR_PM_2.5_SPECIES_USA-LosAngeles_20250308T000000Z_F01_V2026p06p10.nc,-9999.0,0.0,
20250308,PM_2.5,Sulfate,0.6,USA-LosAngeles-0001-34.0666N_118.2269W_1805,"Los Angeles-Long Beach-Anaheim, CA 5",34.06659,-118.22688,government,AQS,SPECIES_USA-LosAngeles-0001_,,,,US,Los Angeles,,,,,,,,,,,,,MAIA_ANC_SURFACEMONITOR_PM_2.5_SPECIES_USA-LosAngeles_20250308T000000Z_F01_V2026p06p10.nc,-9999.0,0.0049,1.0656
20250308,PM_2.5,Sulfate,0.54,USA-LosAngeles-0001-34.0666N_118.2269W_1811,"Los Angeles-Long Beach-Anaheim, CA 11",34.06659,-118.22688,government,AQS,SPECIES_USA-LosAngeles-0001_,,,,US,Los Angeles,,,,,,,,,,,,,MAIA_ANC_SURFACEMONITOR_PM_2.5_SPECIES_USA-LosAngeles_20250308T000000Z_F01_V2026p06p10.nc,-9999.0,0.0,
20250308,PM_2.5,Sulfate,0.56,USA-LosAngeles-0001-34.0666N_118.2269W_1812,"Los Angeles-Long Beach-Anaheim, CA 12",34.06659,-118.22688,government,AQS,SPECIES_USA-LosAngeles-0001_,,,,US,Los Angeles,,,,,,,,,,,,,MAIA_ANC_SURFACEMONITOR_PM_2.5_SPECIES_USA-LosAngeles_20250308T000000Z_F01_V2026p06p10.nc,-9999.0,0.0,
20250308,PM_2.5,Sulfate,0.4,USA-LosAngeles-0001-34.1000N_117.4920W_1811,"Riverside-San Bernardino-Ontario, CA 11",34.10002,-117.49201,government,AQS,SPECIES_USA-LosAngeles-0001_,,,,US,Fontana,,,,,,,,,,,,,MAIA_ANC_SURFACEMONITOR_PM_2.5_SPECIES_USA-LosAngeles_20250308T000000Z_F01_V2026p06p10.nc,-9999.0,0.0,
20250308,PM_2.5,Sulfate,0.197,USA-LosAngeles-0001-34.1939N_116.9141W_1801,"Riverside-San Bernardino-Ontario, CA 1",34.193925,-116.914063,government,AQS,SPECIES_USA-LosAngeles-0001_,,,,US,Not in a City,,,,,,,,,,,,,MAIA_ANC_SURFACEMONITOR_PM_2.5_SPECIES_USA-LosAngeles_20250308T000000Z_F01_V2026p06p10.nc,-9999.0,0.0017,0.3563
20250308,PM_2.5,Sulfate,0.22,USA-LosAngeles-0001-34.8219N_118.8876W_1801,"Bakersfield, CA 1",34.821922,-118.887598,government,AQS,SPECIES_USA-LosAngeles-0001_,,,,US,Lebec,,,,,,,,,,,,,MAIA_ANC_SURFACEMONITOR_PM_2.5_SPECIES_USA-LosAngeles_20250308T000000Z_F01_V2026p06p10.nc,-9999.0,0.0021,0.3794
20250308,PM_2.5,Sulfate,0.45,USA-LosAngeles-0001-35.3566N_119.0626W_1806,"Bakersfield, CA 6",35.356615,-119.062613,government,AQS,SPECIES_USA-LosAngeles-0001_,,,,US,Bakersfield,,,,,,,,,,,,,MAIA_ANC_SURFACEMONITOR_PM_2.5_SPECIES_USA-LosAngeles_20250308T000000Z_F01_V2026p06p10.nc,-9999.0,0.0018,0.5603
20250308,PM_2.5,Sulfate,0.51,USA-LosAngeles-0001-36.3081N_119.3129W_1805,N/A,36.30815,-119.3129,government,AQS,SPECIES_USA-LosAngeles-0001_,,,,US,N/A,,,,,,,,,,,,,MAIA_ANC_SURFACEMONITOR_PM_2.5_SPECIES_USA-LosAngeles_20250308T000000Z_F01_V2026p06p10.nc,-9999.0,0.0017,0.5325
20250308,PM_2.5,Sulfate,0.215,USA-LosAngeles-0001-36.4988N_118.8248W_1801,"Visalia-Porterville, CA 1",36.498835,-118.824821,government,AQS,SPECIES_USA-LosAngeles-0001_,,,,US,Sequoia National Park,,,,,,,,,,,,,MAIA_ANC_SURFACEMONITOR_PM_2.5_SPECIES_USA-LosAngeles_20250308T000000Z_F01_V2026p06p10.nc,-9999.0,0.0025,0.4548
20250308,PM_2.5,Sulfate,0.509,USA-LosAngeles-0001-36.7854N_119.7732W_1801,"Fresno, CA 1",36.78538,-119.77321,government,AQS,SPECIES_USA-LosAngeles-0001_,,,,US,Fresno,,,,,,,,,,,,,MAIA_ANC_SURFACEMONITOR_PM_2.5_SPECIES_USA-LosAngeles_20250308T000000Z_F01_V2026p06p10.nc,-9999.0,0.0022,0.4073
20250308,PM_2.5,Sulfate,0.91,USA-LosAngeles-0001-36.7854N_119.7732W_1805,"Fresno, CA 5",36.78538,-119.77321,government,AQS,SPECIES_USA-LosAngeles-0001_,,,,US,Fresno,,,,,,,,,,,,,MAIA_ANC_SURFACEMONITOR_PM_2.5_SPECIES_USA-LosAngeles_20250308T000000Z_F01_V2026p06p10.nc,-9999.0,0.0025,0.4262
20250308,PM_2.5,Sulfate,0.276,USA-LosAngeles-0001-37.3607N_118.3308W_1801,"Bishop, CA 1",37.360684,-118.330783,government,AQS,SPECIES_USA-LosAngeles-0001_,,,,US,Not in a City,,,,,,,,,,,,,MAIA_ANC_SURFACEMONITOR_PM_2.5_SPECIES_USA-LosAngeles_20250308T000000Z_F01_V2026p06p10.nc,-9999.0,0.0017,0.302
20250308,PM_2.5,Sulfate,0.229,USA-LosAngeles-0001-37.7133N_119.7062W_1801, 1,37.71325,-119.7062,government,AQS,SPECIES_USA-LosAngeles-0001_,,,,US,Not in a City,,,,,,,,,,,,,MAIA_ANC_SURFACEMONITOR_PM_2.5_SPECIES_USA-LosAngeles_20250308T000000Z_F01_V2026p06p10.nc,-9999.0,0.0006,0.232
20250309,PM_2.5,Black_Carbon,0.0,USA-LosAngeles-0001-34.1994N_118.1732W_0800,AethLabs JPL,34.19941255,-118.1732079,research,aethalometer,SPECIES_USA-LosAngeles-0001_,,,,US,Pasadena,0.0028,900.0,0.0,0.0,0.0,720.0,0.0,0.0,898.0,900.0,0.0,2.0,MAIA_ANC_SURFACEMONITOR_PM_2.5_SPECIES_USA-LosAngeles_20250309T000000Z_F01_V2026p06p10.nc,,,
20250310,PM_2.5,Black_Carbon,0.0,USA-LosAngeles-0001-34.1994N_118.1732W_0800,AethLabs JPL,34.19941255,-118.1732079,research,aethalometer,SPECIES_USA-LosAngeles-0001_,,,,US,Pasadena,0.0028,900.0,0.0,0.0,0.0,720.0,0.0,0.0,898.0,900.0,0.0,2.0,MAIA_ANC_SURFACEMONITOR_PM_2.5_SPECIES_USA-LosAngeles_20250310T000000Z_F01_V2026p06p10.nc,,,
20250312,PM_2.5,Black_Carbon,0.0,USA-LosAngeles-0001-34.1994N_118.1732W_0800,AethLabs JPL,34.19941255,-118.1732079,research,aethalometer,SPECIES_USA-LosAngeles-0001_,,,,US,Pasadena,0.0028,900.0,0.0,0.0,0.0,720.0,0.0,0.0,898.0,900.0,0.0,2.0,MAIA_ANC_SURFACEMONITOR_PM_2.5_SPECIES_USA-LosAngeles_20250312T000000Z_F01_V2026p06p10.nc,,,
20250312,PM_2.5,Dust,1.0567,USA-LosAngeles-0001-36.3081N_119.3129W_1805,N/A,36.30815,-119.3129,government,AQS,SPECIES_USA-LosAngeles-0001_,,,,US,N/A,,,,,,,,,,,,,MAIA_ANC_SURFACEMONITOR_PM_2.5_SPECIES_USA-LosAngeles_20250312T000000Z_F01_V2026p06p10.nc,1.0,0.6459833333333334,0.320807823037753
20250312,PM_2.5,Nitrate,0.96,USA-LosAngeles-0001-36.3081N_119.3129W_1805,N/A,36.30815,-119.3129,government,AQS,SPECIES_USA-LosAngeles-0001_,,,,US,N/A,,,,,,,,,,,,,MAIA_ANC_SURFACEMONITOR_PM_2.5_SPECIES_USA-LosAngeles_20250312T000000Z_F01_V2026p06p10.nc,-9999.0,0.004,1.3384
20250312,PM_2.5,Sulfate,0.33,USA-LosAngeles-0001-36.3081N_119.3129W_1805,N/A,36.30815,-119.3129,government,AQS,SPECIES_USA-LosAngeles-0001_,,,,US,N/A,,,,,,,,,,,,,MAIA_ANC_SURFACEMONITOR_PM_2.5_SPECIES_USA-LosAngeles_20250312T000000Z_F01_V2026p06p10.nc,-9999.0,0.0017,0.5325
20250313,PM_2.5,Black_Carbon,0.0,USA-LosAngeles-0001-34.1994N_118.1732W_0800,AethLabs JPL,34.19941255,-118.1732079,research,aethalometer,SPECIES_USA-LosAngeles-0001_,,,,US,Pasadena,0.0028,900.0,0.0,0.0,0.0,720.0,0.0,0.0,898.0,900.0,0.0,2.0,MAIA_ANC_SURFACEMONITOR_PM_2.5_SPECIES_USA-LosAngeles_20250313T000000Z_F01_V2026p06p10.nc,,,
20250314,PM_2.5,Black_Carbon,0.0,USA-LosAngeles-0001-34.1994N_118.1732W_0800,AethLabs JPL,34.19941255,-118.1732079,research,aethalometer,SPECIES_USA-LosAngeles-0001_,,,,US,Pasadena,0.0028,900.0,0.0,0.0,0.0,720.0,0.0,0.0,898.0,900.0,0.0,2.0,MAIA_ANC_SURFACEMONITOR_PM_2.5_SPECIES_USA-LosAngeles_20250314T000000Z_F01_V2026p06p10.nc,,,
20250314,PM_2.5,Dust,0.5283,USA-LosAngeles-0001-33.8306N_117.9385W_1811,"Los Angeles-Long Beach-Anaheim, CA 11",33.83062,-117.93845,government,AQS,SPECIES_USA-LosAngeles-0001_,,,,US,Anaheim,,,,,,,,,,,,,MAIA_ANC_SURFACEMONITOR_PM_2.5_SPECIES_USA-LosAngeles_20250314T000000Z_F01_V2026p06p10.nc,-9999.0,-9999.0,-9999.0
20250314,PM_2.5,Dust,0.3978,USA-LosAngeles-0001-33.9996N_117.4160W_1805,"Riverside-San Bernardino-Ontario, CA 5",33.99958,-117.41601,government,AQS,SPECIES_USA-LosAngeles-0001_,,,,US,Rubidoux,,,,,,,,,,,,,MAIA_ANC_SURFACEMONITOR_PM_2.5_SPECIES_USA-LosAngeles_20250314T000000Z_F01_V2026p06p10.nc,1.0,0.5915562499999999,0.46781773475194105
20250314,PM_2.5,Dust,0.2018,USA-LosAngeles-0001-33.9996N_117.4160W_1806,"Riverside-San Bernardino-Ontario, CA 6",33.99958,-117.41601,government,AQS,SPECIES_USA-LosAngeles-0001_,,,,US,Rubidoux,,,,,,,,,,,,,MAIA_ANC_SURFACEMONITOR_PM_2.5_SPECIES_USA-LosAngeles_20250314T000000Z_F01_V2026p06p10.nc,1.0,0.507874,0.2775461098700539
20250314,PM_2.5,Dust,0.445,USA-LosAngeles-0001-33.9996N_117.4160W_1811,"Riverside-San Bernardino-Ontario, CA 11",33.99958,-117.41601,government,AQS,SPECIES_USA-LosAngeles-0001_,,,,US,Rubidoux,,,,,,,,,,,,,MAIA_ANC_SURFACEMONITOR_PM_2.5_SPECIES_USA-LosAngeles_20250314T000000Z_F01_V2026p06p10.nc,-9999.0,-9999.0,-9999.0
20250314,PM_2.5,Dust,0.254,USA-LosAngeles-0001-34.0666N_118.2269W_1805,"Los Angeles-Long Beach-Anaheim, CA 5",34.06659,-118.22688,government,AQS,SPECIES_USA-LosAngeles-0001_,,,,US,Los Angeles,,,,,,,,,,,,,MAIA_ANC_SURFACEMONITOR_PM_2.5_SPECIES_USA-LosAngeles_20250314T000000Z_F01_V2026p06p10.nc,1.0,0.6086975000000001,0.16954684173923737
20250314,PM_2.5,Dust,0.5071,USA-LosAngeles-0001-34.0666N_118.2269W_1811,"Los Angeles-Long Beach-Anaheim, CA 11",34.06659,-118.22688,government,AQS,SPECIES_USA-LosAngeles-0001_,,,,US,Los Angeles,,,,,,,,,,,,,MAIA_ANC_SURFACEMONITOR_PM_2.5_SPECIES_USA-LosAngeles_20250314T000000Z_F01_V2026p06p10.nc,-9999.0,-9999.0,-9999.0
20250314,PM_2.5,Dust,0.528,USA-LosAngeles-0001-34.0666N_118.2269W_1812,"Los Angeles-Long Beach-Anaheim, CA 12",34.06659,-118.22688,government,AQS,SPECIES_USA-LosAngeles-0001_,,,,US,Los Angeles,,,,,,,,,,,,,MAIA_ANC_SURFACEMONITOR_PM_2.5_SPECIES_USA-LosAngeles_20250314T000000Z_F01_V2026p06p10.nc,-9999.0,-9999.0,-9999.0
20250314,PM_2.5,Dust,0.5143,USA-LosAngeles-0001-34.1000N_117.4920W_1811,"Riverside-San Bernardino-Ontario, CA 11",34.10002,-117.49201,government,AQS,SPECIES_USA-LosAngeles-0001_,,,,US,Fontana,,,,,,,,,,,,,MAIA_ANC_SURFACEMONITOR_PM_2.5_SPECIES_USA-LosAngeles_20250314T000000Z_F01_V2026p06p10.nc,-9999.0,-9999.0,-9999.0
20250314,PM_2.5,Dust,0.154,USA-LosAngeles-0001-34.1939N_116.9141W_1801,"Riverside-San Bernardino-Ontario, CA 1",34.193925,-116.914063,government,AQS,SPECIES_USA-LosAngeles-0001_,,,,US,Not in a City,,,,,,,,,,,,,MAIA_ANC_SURFACEMONITOR_PM_2.5_SPECIES_USA-LosAngeles_20250314T000000Z_F01_V2026p06p10.nc,1.0,0.4093644444444444,0.23511156137322986
20250314,PM_2.5,Dust,1.6507,USA-LosAngeles-0001-34.1994N_118.1732W_1700,jpl,34.199433,-118.17317,research,amod-speciated,SPECIES_USA-LosAngeles-0001_,,,,US,Pasadena,,,,,,,,,,,,,MAIA_ANC_SURFACEMONITOR_PM_2.5_SPECIES_USA-LosAngeles_20250314T000000Z_F01_V2026p06p10.nc,1.0,1.003754720164,1.0779067921572336
20250314,PM_2.5,Dust,0.1367,USA-LosAngeles-0001-34.8219N_118.8876W_1801,"Bakersfield, CA 1",34.821922,-118.887598,government,AQS,SPECIES_USA-LosAngeles-0001_,,,,US,Lebec,,,,,,,,,,,,,MAIA_ANC_SURFACEMONITOR_PM_2.5_SPECIES_USA-LosAngeles_20250314T000000Z_F01_V2026p06p10.nc,1.0,0.25581300000000007,0.17291968101115618
20250314,PM_2.5,Dust,0.2854,USA-LosAngeles-0001-35.3566N_119.0626W_1806,"Bakersfield, CA 6",35.356615,-119.062613,government,AQS,SPECIES_USA-LosAngeles-0001_,,,,US,Bakersfield,,,,,,,,,,,,,MAIA_ANC_SURFACEMONITOR_PM_2.5_SPECIES_USA-LosAngeles_20250314T000000Z_F01_V2026p06p10.nc,1.0,0.8610200000000002,0.6792222214415544
20250314,PM_2.5,Dust,0.2516,USA-LosAngeles-0001-36.3081N_119.3129W_1805,N/A,36.30815,-119.3129,government,AQS,SPECIES_USA-LosAngeles-0001_,,,,US,N/A,,,,,,,,,,,,,MAIA_ANC_SURFACEMONITOR_PM_2.5_SPECIES_USA-LosAngeles_20250314T000000Z_F01_V2026p06p10.nc,1.0,0.6459833333333334,0.320807823037753
20250314,PM_2.5,Dust,0.1066,USA-LosAngeles-0001-36.4988N_118.8248W_1801,"Visalia-Porterville, CA 1",36.498835,-118.824821,government,AQS,SPECIES_USA-LosAngeles-0001_,,,,US,Sequoia National Park,,,,,,,,,,,,,MAIA_ANC_SURFACEMONITOR_PM_2.5_SPECIES_USA-LosAngeles_20250314T000000Z_F01_V2026p06p10.nc,1.0,0.23684272727272726,0.17193270650254203
20250314,PM_2.5,Dust,0.1665,USA-LosAngeles-0001-36.7854N_119.7732W_1801,"Fresno, CA 1",36.78538,-119.77321,government,AQS,SPECIES_USA-LosAngeles-0001_,,,,US,Fresno,,,,,,,,,,,,,MAIA_ANC_SURFACEMONITOR_PM_2.5_SPECIES_USA-LosAngeles_20250314T000000Z_F01_V2026p06p10.nc,1.0,0.45894,0.3561421747560937
20250314,PM_2.5,Dust,0.2249,USA-LosAngeles-0001-36.7854N_119.7732W_1805,"Fresno, CA 5",36.78538,-119.77321,government,AQS,SPECIES_USA-LosAngeles-0001_,,,,US,Fresno,,,,,,,,,,,,,MAIA_ANC_SURFACEMONITOR_PM_2.5_SPECIES_USA-LosAngeles_20250314T000000Z_F01_V2026p06p10.nc,1.0,0.28003272727272727,0.24095082029670054
20250314,PM_2.5,Dust,0.3966,USA-LosAngeles-0001-37.3607N_118.3308W_1801,"Bishop, CA 1",37.360684,-118.330783,government,AQS,SPECIES_USA-LosAngeles-0001_,,,,US,Not in a City,,,,,,,,,,,,,MAIA_ANC_SURFACEMONITOR_PM_2.5_SPECIES_USA-LosAngeles_20250314T000000Z_F01_V2026p06p10.nc,1.0,0.5847877777777778,0.3990076377374744
20250314,PM_2.5,Dust,0.0892,USA-LosAngeles-0001-37.7133N_119.7062W_1801, 1,37.71325,-119.7062,government,AQS,SPECIES_USA-LosAngeles-0001_,,,,US,Not in a City,,,,,,,,,,,,,MAIA_ANC_SURFACEMONITOR_PM_2.5_SPECIES_USA-LosAngeles_20250314T000000Z_F01_V2026p06p10.nc,1.0,0.18311666666666668,0.17832051692263445
20250314,PM_2.5,Dust,0.0887,USA-LosAngeles-0001-37.7133N_119.7062W_1802, 2,37.71325,-119.7062,government,AQS,SPECIES_USA-LosAngeles-0001_,,,,US,Not in a City,,,,,,,,,,,,,MAIA_ANC_SURFACEMONITOR_PM_2.5_SPECIES_USA-LosAngeles_20250314T000000Z_F01_V2026p06p10.nc,1.0,0.196715,0.16870589090188878
20250314,PM_2.5,Elemental_Carbon,0.383,USA-LosAngeles-0001-33.9996N_117.4160W_1805,"Riverside-San Bernardino-Ontario, CA 5",33.99958,-117.41601,government,AQS,SPECIES_USA-LosAngeles-0001_,,,,US,Rubidoux,,,,,,,,,,,,,MAIA_ANC_SURFACEMONITOR_PM_2.5_SPECIES_USA-LosAngeles_20250314T000000Z_F01_V2026p06p10.nc,-9999.0,0.0032,0.6185
20250314,PM_2.5,Elemental_Carbon,0.425,USA-LosAngeles-0001-33.9996N_117.4160W_1806,"Riverside-San Bernardino-Ontario, CA 6",33.99958,-117.41601,government,AQS,SPECIES_USA-LosAngeles-0001_,,,,US,Rubidoux,,,,,,,,,,,,,MAIA_ANC_SURFACEMONITOR_PM_2.5_SPECIES_USA-LosAngeles_20250314T000000Z_F01_V2026p06p10.nc,-9999.0,0.0017,0.524
20250314,PM_2.5,Elemental_Carbon,0.723,USA-LosAngeles-0001-34.0666N_118.2269W_1805,"Los Angeles-Long Beach-Anaheim, CA 5",34.06659,-118.22688,government,AQS,SPECIES_USA-LosAngeles-0001_,,,,US,Los Angeles,,,,,,,,,,,,,MAIA_ANC_SURFACEMONITOR_PM_2.5_SPECIES_USA-LosAngeles_20250314T000000Z_F01_V2026p06p10.nc,-9999.0,0.0034,0.5416
20250314,PM_2.5,Elemental_Carbon,0.02,USA-LosAngeles-0001-34.1939N_116.9141W_1801,"Riverside-San Bernardino-Ontario, CA 1",34.193925,-116.914063,government,AQS,SPECIES_USA-LosAngeles-0001_,,,,US,Not in a City,,,,,,,,,,,,,MAIA_ANC_SURFACEMONITOR_PM_2.5_SPECIES_USA-LosAngeles_20250314T000000Z_F01_V2026p06p10.nc,-9999.0,0.0005,0.096
20250314,PM_2.5,Elemental_Carbon,0.01,USA-LosAngeles-0001-34.8219N_118.8876W_1801,"Bakersfield, CA 1",34.821922,-118.887598,government,AQS,SPECIES_USA-LosAngeles-0001_,,,,US,Lebec,,,,,,,,,,,,,MAIA_ANC_SURFACEMONITOR_PM_2.5_SPECIES_USA-LosAngeles_20250314T000000Z_F01_V2026p06p10.nc,-9999.0,0.0004,0.0814
20250314,PM_2.5,Elemental_Carbon,0.331,USA-LosAngeles-0001-35.3566N_119.0626W_1805,"Bakersfield, CA 5",35.356615,-119.062613,government,AQS,SPECIES_USA-LosAngeles-0001_,,,,US,Bakersfield,,,,,,,,,,,,,MAIA_ANC_SURFACEMONITOR_PM_2.5_SPECIES_USA-LosAngeles_20250314T000000Z_F01_V2026p06p10.nc,-9999.0,0.0015,0.2925
20250314,PM_2.5,Elemental_Carbon,0.364,USA-LosAngeles-0001-35.3566N_119.0626W_1806,"Bakersfield, CA 6",35.356615,-119.062613,government,AQS,SPECIES_USA-LosAngeles-0001_,,,,US,Bakersfield,,,,,,,,,,,,,MAIA_ANC_SURFACEMONITOR_PM_2.5_SPECIES_USA-LosAngeles_20250314T000000Z_F01_V2026p06p10.nc,-9999.0,0.0013,0.391
20250314,PM_2.5,Elemental_Carbon,0.03,USA-LosAngeles-0001-36.4988N_118.8248W_1801,"Visalia-Porterville, CA 1",36.498835,-118.824821,government,AQS,SPECIES_USA-LosAngeles-0001_,,,,US,Sequoia National Park,,,,,,,,,,,,,MAIA_ANC_SURFACEMONITOR_PM_2.5_SPECIES_USA-LosAngeles_20250314T000000Z_F01_V2026p06p10.nc,-9999.0,0.0007,0.1219
20250314,PM_2.5,Elemental_Carbon,0.27,USA-LosAngeles-0001-36.7854N_119.7732W_1801,"Fresno, CA 1",36.78538,-119.77321,government,AQS,SPECIES_USA-LosAngeles-0001_,,,,US,Fresno,,,,,,,,,,,,,MAIA_ANC_SURFACEMONITOR_PM_2.5_SPECIES_USA-LosAngeles_20250314T000000Z_F01_V2026p06p10.nc,-9999.0,0.0017,0.3156
20250314,PM_2.5,Elemental_Carbon,0.257,USA-LosAngeles-0001-36.7854N_119.7732W_1805,"Fresno, CA 5",36.78538,-119.77321,government,AQS,SPECIES_USA-LosAngeles-0001_,,,,US,Fresno,,,,,,,,,,,,,MAIA_ANC_SURFACEMONITOR_PM_2.5_SPECIES_USA-LosAngeles_20250314T000000Z_F01_V2026p06p10.nc,-9999.0,0.002,0.4223
20250314,PM_2.5,Elemental_Carbon,0.01,USA-LosAngeles-0001-37.3607N_118.3308W_1801,"Bishop, CA 1",37.360684,-118.330783,government,AQS,SPECIES_USA-LosAngeles-0001_,,,,US,Not in a City,,,,,,,,,,,,,MAIA_ANC_SURFACEMONITOR_PM_2.5_SPECIES_USA-LosAngeles_20250314T000000Z_F01_V2026p06p10.nc,-9999.0,0.0003,0.0561
20250314,PM_2.5,Elemental_Carbon,0.01,USA-LosAngeles-0001-37.7133N_119.7062W_1801, 1,37.71325,-119.7062,government,AQS,SPECIES_USA-LosAngeles-0001_,,,,US,Not in a City,,,,,,,,,,,,,MAIA_ANC_SURFACEMONITOR_PM_2.5_SPECIES_USA-LosAngeles_20250314T000000Z_F01_V2026p06p10.nc,-9999.0,0.0002,0.0712
20250314,PM_2.5,Nitrate,0.81,USA-LosAngeles-0001-33.8306N_117.9385W_1811,"Los Angeles-Long Beach-Anaheim, CA 11",33.83062,-117.93845,government,AQS,SPECIES_USA-LosAngeles-0001_,,,,US,Anaheim,,,,,,,,,,,,,MAIA_ANC_SURFACEMONITOR_PM_2.5_SPECIES_USA-LosAngeles_20250314T000000Z_F01_V2026p06p10.nc,-9999.0,0.0,
20250314,PM_2.5,Nitrate,1.13,USA-LosAngeles-0001-33.9996N_117.4160W_1805,"Riverside-San Bernardino-Ontario, CA 5",33.99958,-117.41601,government,AQS,SPECIES_USA-LosAngeles-0001_,,,,US,Rubidoux,,,,,,,,,,,,,MAIA_ANC_SURFACEMONITOR_PM_2.5_SPECIES_USA-LosAngeles_20250314T000000Z_F01_V2026p06p10.nc,-9999.0,0.0125,2.2091
20250314,PM_2.5,Nitrate,1.08,USA-LosAngeles-0001-33.9996N_117.4160W_1806,"Riverside-San Bernardino-Ontario, CA 6",33.99958,-117.41601,government,AQS,SPECIES_USA-LosAngeles-0001_,,,,US,Rubidoux,,,,,,,,,,,,,MAIA_ANC_SURFACEMONITOR_PM_2.5_SPECIES_USA-LosAngeles_20250314T000000Z_F01_V2026p06p10.nc,-9999.0,0.0049,1.836
20250314,PM_2.5,Nitrate,0.94,USA-LosAngeles-0001-33.9996N_117.4160W_1811,"Riverside-San Bernardino-Ontario, CA 11",33.99958,-117.41601,government,AQS,SPECIES_USA-LosAngeles-0001_,,,,US,Rubidoux,,,,,,,,,,,,,MAIA_ANC_SURFACEMONITOR_PM_2.5_SPECIES_USA-LosAngeles_20250314T000000Z_F01_V2026p06p10.nc,-9999.0,0.0,
20250314,PM_2.5,Nitrate,0.86,USA-LosAngeles-0001-34.0666N_118.2269W_1805,"Los Angeles-Long Beach-Anaheim, CA 5",34.06659,-118.22688,government,AQS,SPECIES_USA-LosAngeles-0001_,,,,US,Los Angeles,,,,,,,,,,,,,MAIA_ANC_SURFACEMONITOR_PM_2.5_SPECIES_USA-LosAngeles_20250314T000000Z_F01_V2026p06p10.nc,-9999.0,0.0138,3.0363
20250314,PM_2.5,Nitrate,0.69,USA-LosAngeles-0001-34.0666N_118.2269W_1811,"Los Angeles-Long Beach-Anaheim, CA 11",34.06659,-118.22688,government,AQS,SPECIES_USA-LosAngeles-0001_,,,,US,Los Angeles,,,,,,,,,,,,,MAIA_ANC_SURFACEMONITOR_PM_2.5_SPECIES_USA-LosAngeles_20250314T000000Z_F01_V2026p06p10.nc,-9999.0,0.0,
20250314,PM_2.5,Nitrate,0.71,USA-LosAngeles-0001-34.0666N_118.2269W_1812,"Los Angeles-Long Beach-Anaheim, CA 12",34.06659,-118.22688,government,AQS,SPECIES_USA-LosAngeles-0001_,,,,US,Los Angeles,,,,,,,,,,,,,MAIA_ANC_SURFACEMONITOR_PM_2.5_SPECIES_USA-LosAngeles_20250314T000000Z_F01_V2026p06p10.nc,-9999.0,0.0,
20250314,PM_2.5,Nitrate,1.31,USA-LosAngeles-0001-34.1000N_117.4920W_1811,"Riverside-San Bernardino-Ontario, CA 11",34.10002,-117.49201,government,AQS,SPECIES_USA-LosAngeles-0001_,,,,US,Fontana,,,,,,,,,,,,,MAIA_ANC_SURFACEMONITOR_PM_2.5_SPECIES_USA-LosAngeles_20250314T000000Z_F01_V2026p06p10.nc,-9999.0,0.0,
20250314,PM_2.5,Nitrate,0.131,USA-LosAngeles-0001-34.1939N_116.9141W_1801,"Riverside-San Bernardino-Ontario, CA 1",34.193925,-116.914063,government,AQS,SPECIES_USA-LosAngeles-0001_,,,,US,Not in a City,,,,,,,,,,,,,MAIA_ANC_SURFACEMONITOR_PM_2.5_SPECIES_USA-LosAngeles_20250314T000000Z_F01_V2026p06p10.nc,-9999.0,0.0041,0.9537
20250314,PM_2.5,Nitrate,0.057,USA-LosAngeles-0001-34.8219N_118.8876W_1801,"Bakersfield, CA 1",34.821922,-118.887598,government,AQS,SPECIES_USA-LosAngeles-0001_,,,,US,Lebec,,,,,,,,,,,,,MAIA_ANC_SURFACEMONITOR_PM_2.5_SPECIES_USA-LosAngeles_20250314T000000Z_F01_V2026p06p10.nc,-9999.0,0.0014,0.2604
20250314,PM_2.5,Nitrate,1.04,USA-LosAngeles-0001-35.3566N_119.0626W_1805,"Bakersfield, CA 5",35.356615,-119.062613,government,AQS,SPECIES_USA-LosAngeles-0001_,,,,US,Bakersfield,,,,,,,,,,,,,MAIA_ANC_SURFACEMONITOR_PM_2.5_SPECIES_USA-LosAngeles_20250314T000000Z_F01_V2026p06p10.nc,-9999.0,0.0062,1.3003
20250314,PM_2.5,Nitrate,0.94,USA-LosAngeles-0001-35.3566N_119.0626W_1806,"Bakersfield, CA 6",35.356615,-119.062613,government,AQS,SPECIES_USA-LosAngeles-0001_,,,,US,Bakersfield,,,,,,,,,,,,,MAIA_ANC_SURFACEMONITOR_PM_2.5_SPECIES_USA-LosAngeles_20250314T000000Z_F01_V2026p06p10.nc,-9999.0,0.0043,1.3481
20250314,PM_2.5,Nitrate,0.62,USA-LosAngeles-0001-36.3081N_119.3129W_1805,N/A,36.30815,-119.3129,government,AQS,SPECIES_USA-LosAngeles-0001_,,,,US,N/A,,,,,,,,,,,,,MAIA_ANC_SURFACEMONITOR_PM_2.5_SPECIES_USA-LosAngeles_20250314T000000Z_F01_V2026p06p10.nc,-9999.0,0.004,1.3384
20250314,PM_2.5,Nitrate,0.026,USA-LosAngeles-0001-36.4988N_118.8248W_1801,"Visalia-Porterville, CA 1",36.498835,-118.824821,government,AQS,SPECIES_USA-LosAngeles-0001_,,,,US,Sequoia National Park,,,,,,,,,,,,,MAIA_ANC_SURFACEMONITOR_PM_2.5_SPECIES_USA-LosAngeles_20250314T000000Z_F01_V2026p06p10.nc,-9999.0,0.002,0.3739
20250314,PM_2.5,Nitrate,0.733,USA-LosAngeles-0001-36.7854N_119.7732W_1801,"Fresno, CA 1",36.78538,-119.77321,government,AQS,SPECIES_USA-LosAngeles-0001_,,,,US,Fresno,,,,,,,,,,,,,MAIA_ANC_SURFACEMONITOR_PM_2.5_SPECIES_USA-LosAngeles_20250314T000000Z_F01_V2026p06p10.nc,-9999.0,0.0049,0.9618
20250314,PM_2.5,Nitrate,0.97,USA-LosAngeles-0001-36.7854N_119.7732W_1805,"Fresno, CA 5",36.78538,-119.77321,government,AQS,SPECIES_USA-LosAngeles-0001_,,,,US,Fresno,,,,,,,,,,,,,MAIA_ANC_SURFACEMONITOR_PM_2.5_SPECIES_USA-LosAngeles_20250314T000000Z_F01_V2026p06p10.nc,-9999.0,0.0057,1.0247
20250314,PM_2.5,Nitrate,0.036,USA-LosAngeles-0001-37.3607N_118.3308W_1801,"Bishop, CA 1",37.360684,-118.330783,government,AQS,SPECIES_USA-LosAngeles-0001_,,,,US,Not in a City,,,,,,,,,,,,,MAIA_ANC_SURFACEMONITOR_PM_2.5_SPECIES_USA-LosAngeles_20250314T000000Z_F01_V2026p06p10.nc,-9999.0,0.0004,0.0728
20250314,PM_2.5,Nitrate,0.048,USA-LosAngeles-0001-37.7133N_119.7062W_1801, 1,37.71325,-119.7062,government,AQS,SPECIES_USA-LosAngeles-0001_,,,,US,Not in a City,,,,,,,,,,,,,MAIA_ANC_SURFACEMONITOR_PM_2.5_SPECIES_USA-LosAngeles_20250314T000000Z_F01_V2026p06p10.nc,-9999.0,0.0004,0.1745
20250314,PM_2.5,Organic_Carbon,1.129,USA-LosAngeles-0001-33.9996N_117.4160W_1805,"Riverside-San Bernardino-Ontario, CA 5",33.99958,-117.41601,government,AQS,SPECIES_USA-LosAngeles-0001_,,,,US,Rubidoux,,,,,,,,,,,,,MAIA_ANC_SURFACEMONITOR_PM_2.5_SPECIES_USA-LosAngeles_20250314T000000Z_F01_V2026p06p10.nc,-9999.0,0.0103,1.8322
20250314,PM_2.5,Organic_Carbon,1.069,USA-LosAngeles-0001-33.9996N_117.4160W_1806,"Riverside-San Bernardino-Ontario, CA 6",33.99958,-117.41601,government,AQS,SPECIES_USA-LosAngeles-0001_,,,,US,Rubidoux,,,,,,,,,,,,,MAIA_ANC_SURFACEMONITOR_PM_2.5_SPECIES_USA-LosAngeles_20250314T000000Z_F01_V2026p06p10.nc,-9999.0,0.0052,1.5036
20250314,PM_2.5,Organic_Carbon,1.582,USA-LosAngeles-0001-34.0666N_118.2269W_1805,"Los Angeles-Long Beach-Anaheim, CA 5",34.06659,-118.22688,government,AQS,SPECIES_USA-LosAngeles-0001_,,,,US,Los Angeles,,,,,,,,,,,,,MAIA_ANC_SURFACEMONITOR_PM_2.5_SPECIES_USA-LosAngeles_20250314T000000Z_F01_V2026p06p10.nc,-9999.0,0.0115,1.8456
20250314,PM_2.5,Organic_Carbon,0.09,USA-LosAngeles-0001-34.1939N_116.9141W_1801,"Riverside-San Bernardino-Ontario, CA 1",34.193925,-116.914063,government,AQS,SPECIES_USA-LosAngeles-0001_,,,,US,Not in a City,,,,,,,,,,,,,MAIA_ANC_SURFACEMONITOR_PM_2.5_SPECIES_USA-LosAngeles_20250314T000000Z_F01_V2026p06p10.nc,-9999.0,0.0023,0.4653
20250314,PM_2.5,Organic_Carbon,0.09,USA-LosAngeles-0001-34.8219N_118.8876W_1801,"Bakersfield, CA 1",34.821922,-118.887598,government,AQS,SPECIES_USA-LosAngeles-0001_,,,,US,Lebec,,,,,,,,,,,,,MAIA_ANC_SURFACEMONITOR_PM_2.5_SPECIES_USA-LosAngeles_20250314T000000Z_F01_V2026p06p10.nc,-9999.0,0.0027,0.4975
20250314,PM_2.5,Organic_Carbon,1.205,USA-LosAngeles-0001-35.3566N_119.0626W_1805,"Bakersfield, CA 5",35.356615,-119.062613,government,AQS,SPECIES_USA-LosAngeles-0001_,,,,US,Bakersfield,,,,,,,,,,,,,MAIA_ANC_SURFACEMONITOR_PM_2.5_SPECIES_USA-LosAngeles_20250314T000000Z_F01_V2026p06p10.nc,-9999.0,0.0069,1.3239
20250314,PM_2.5,Organic_Carbon,1.206,USA-LosAngeles-0001-35.3566N_119.0626W_1806,"Bakersfield, CA 6",35.356615,-119.062613,government,AQS,SPECIES_USA-LosAngeles-0001_,,,,US,Bakersfield,,,,,,,,,,,,,MAIA_ANC_SURFACEMONITOR_PM_2.5_SPECIES_USA-LosAngeles_20250314T000000Z_F01_V2026p06p10.nc,-9999.0,0.0051,1.4568
20250314,PM_2.5,Organic_Carbon,0.19,USA-LosAngeles-0001-36.4988N_118.8248W_1801,"Visalia-Porterville, CA 1",36.498835,-118.824821,government,AQS,SPECIES_USA-LosAngeles-0001_,,,,US,Sequoia National Park,,,,,,,,,,,,,MAIA_ANC_SURFACEMONITOR_PM_2.5_SPECIES_USA-LosAngeles_20250314T000000Z_F01_V2026p06p10.nc,-9999.0,0.0054,0.8966
20250314,PM_2.5,Organic_Carbon,1.42,USA-LosAngeles-0001-36.7854N_119.7732W_1801,"Fresno, CA 1",36.78538,-119.77321,government,AQS,SPECIES_USA-LosAngeles-0001_,,,,US,Fresno,,,,,,,,,,,,,MAIA_ANC_SURFACEMONITOR_PM_2.5_SPECIES_USA-LosAngeles_20250314T000000Z_F01_V2026p06p10.nc,-9999.0,0.0088,1.6743
20250314,PM_2.5,Organic_Carbon,1.275,USA-LosAngeles-0001-36.7854N_119.7732W_1805,"Fresno, CA 5",36.78538,-119.77321,government,AQS,SPECIES_USA-LosAngeles-0001_,,,,US,Fresno,,,,,,,,,,,,,MAIA_ANC_SURFACEMONITOR_PM_2.5_SPECIES_USA-LosAngeles_20250314T000000Z_F01_V2026p06p10.nc,-9999.0,0.0081,1.6579
20250314,PM_2.5,Organic_Carbon,0.14,USA-LosAngeles-0001-37.3607N_118.3308W_1801,"Bishop, CA 1",37.360684,-118.330783,government,AQS,SPECIES_USA-LosAngeles-0001_,,,,US,Not in a City,,,,,,,,,,,,,MAIA_ANC_SURFACEMONITOR_PM_2.5_SPECIES_USA-LosAngeles_20250314T000000Z_F01_V2026p06p10.nc,-9999.0,0.0016,0.2826
20250314,PM_2.5,Organic_Carbon,0.05,USA-LosAngeles-0001-37.7133N_119.7062W_1801, 1,37.71325,-119.7062,government,AQS,SPECIES_USA-LosAngeles-0001_,,,,US,Not in a City,,,,,,,,,,,,,MAIA_ANC_SURFACEMONITOR_PM_2.5_SPECIES_USA-LosAngeles_20250314T000000Z_F01_V2026p06p10.nc,-9999.0,0.001,0.3683
20250314,PM_2.5,Sulfate,0.42,USA-LosAngeles-0001-33.8306N_117.9385W_1811,"Los Angeles-Long Beach-Anaheim, CA 11",33.83062,-117.93845,government,AQS,SPECIES_USA-LosAngeles-0001_,,,,US,Anaheim,,,,,,,,,,,,,MAIA_ANC_SURFACEMONITOR_PM_2.5_SPECIES_USA-LosAngeles_20250314T000000Z_F01_V2026p06p10.nc,-9999.0,0.0,
20250314,PM_2.5,Sulfate,0.4,USA-LosAngeles-0001-33.9996N_117.4160W_1805,"Riverside-San Bernardino-Ontario, CA 5",33.99958,-117.41601,government,AQS,SPECIES_USA-LosAngeles-0001_,,,,US,Rubidoux,,,,,,,,,,,,,MAIA_ANC_SURFACEMONITOR_PM_2.5_SPECIES_USA-LosAngeles_20250314T000000Z_F01_V2026p06p10.nc,-9999.0,0.0037,0.6688
20250314,PM_2.5,Sulfate,0.36,USA-LosAngeles-0001-33.9996N_117.4160W_1806,"Riverside-San Bernardino-Ontario, CA 6",33.99958,-117.41601,government,AQS,SPECIES_USA-LosAngeles-0001_,,,,US,Rubidoux,,,,,,,,,,,,,MAIA_ANC_SURFACEMONITOR_PM_2.5_SPECIES_USA-LosAngeles_20250314T000000Z_F01_V2026p06p10.nc,-9999.0,0.0014,0.5199
20250314,PM_2.5,Sulfate,0.37,USA-LosAngeles-0001-33.9996N_117.4160W_1811,"Riverside-San Bernardino-Ontario, CA 11",33.99958,-117.41601,government,AQS,SPECIES_USA-LosAngeles-0001_,,,,US,Rubidoux,,,,,,,,,,,,,MAIA_ANC_SURFACEMONITOR_PM_2.5_SPECIES_USA-LosAngeles_20250314T000000Z_F01_V2026p06p10.nc,-9999.0,0.0,
20250314,PM_2.5,Sulfate,0.22,USA-LosAngeles-0001-34.0666N_118.2269W_1805,"Los Angeles-Long Beach-Anaheim, CA 5",34.06659,-118.22688,government,AQS,SPECIES_USA-LosAngeles-0001_,,,,US,Los Angeles,,,,,,,,,,,,,MAIA_ANC_SURFACEMONITOR_PM_2.5_SPECIES_USA-LosAngeles_20250314T000000Z_F01_V2026p06p10.nc,-9999.0,0.0049,1.0656
20250314,PM_2.5,Sulfate,0.25,USA-LosAngeles-0001-34.0666N_118.2269W_1811,"Los Angeles-Long Beach-Anaheim, CA 11",34.06659,-118.22688,government,AQS,SPECIES_USA-LosAngeles-0001_,,,,US,Los Angeles,,,,,,,,,,,,,MAIA_ANC_SURFACEMONITOR_PM_2.5_SPECIES_USA-LosAngeles_20250314T000000Z_F01_V2026p06p10.nc,-9999.0,0.0,
20250314,PM_2.5,Sulfate,0.26,USA-LosAngeles-0001-34.0666N_118.2269W_1812,"Los Angeles-Long Beach-Anaheim, CA 12",34.06659,-118.22688,government,AQS,SPECIES_USA-LosAngeles-0001_,,,,US,Los Angeles,,,,,,,,,,,,,MAIA_ANC_SURFACEMONITOR_PM_2.5_SPECIES_USA-LosAngeles_20250314T000000Z_F01_V2026p06p10.nc,-9999.0,0.0,
20250314,PM_2.5,Sulfate,0.32,USA-LosAngeles-0001-34.1000N_117.4920W_1811,"Riverside-San Bernardino-Ontario, CA 11",34.10002,-117.49201,government,AQS,SPECIES_USA-LosAngeles-0001_,,,,US,Fontana,,,,,,,,,,,,,MAIA_ANC_SURFACEMONITOR_PM_2.5_SPECIES_USA-LosAngeles_20250314T000000Z_F01_V2026p06p10.nc,-9999.0,0.0,
20250314,PM_2.5,Sulfate,0.249,USA-LosAngeles-0001-34.1939N_116.9141W_1801,"Riverside-San Bernardino-Ontario, CA 1",34.193925,-116.914063,government,AQS,SPECIES_USA-LosAngeles-0001_,,,,US,Not in a City,,,,,,,,,,,,,MAIA_ANC_SURFACEMONITOR_PM_2.5_SPECIES_USA-LosAngeles_20250314T000000Z_F01_V2026p06p10.nc,-9999.0,0.0017,0.3563
20250314,PM_2.5,Sulfate,0.097,USA-LosAngeles-0001-34.8219N_118.8876W_1801,"Bakersfield, CA 1",34.821922,-118.887598,government,AQS,SPECIES_USA-LosAngeles-0001_,,,,US,Lebec,,,,,,,,,,,,,MAIA_ANC_SURFACEMONITOR_PM_2.5_SPECIES_USA-LosAngeles_20250314T000000Z_F01_V2026p06p10.nc,-9999.0,0.0021,0.3794
20250314,PM_2.5,Sulfate,0.22,USA-LosAngeles-0001-35.3566N_119.0626W_1805,"Bakersfield, CA 5",35.356615,-119.062613,government,AQS,SPECIES_USA-LosAngeles-0001_,,,,US,Bakersfield,,,,,,,,,,,,,MAIA_ANC_SURFACEMONITOR_PM_2.5_SPECIES_USA-LosAngeles_20250314T000000Z_F01_V2026p06p10.nc,-9999.0,0.0026,0.551
20250314,PM_2.5,Sulfate,0.23,USA-LosAngeles-0001-35.3566N_119.0626W_1806,"Bakersfield, CA 6",35.356615,-119.062613,government,AQS,SPECIES_USA-LosAngeles-0001_,,,,US,Bakersfield,,,,,,,,,,,,,MAIA_ANC_SURFACEMONITOR_PM_2.5_SPECIES_USA-LosAngeles_20250314T000000Z_F01_V2026p06p10.nc,-9999.0,0.0018,0.5603
20250314,PM_2.5,Sulfate,0.2,USA-LosAngeles-0001-36.3081N_119.3129W_1805,N/A,36.30815,-119.3129,government,AQS,SPECIES_USA-LosAngeles-0001_,,,,US,N/A,,,,,,,,,,,,,MAIA_ANC_SURFACEMONITOR_PM_2.5_SPECIES_USA-LosAngeles_20250314T000000Z_F01_V2026p06p10.nc,-9999.0,0.0017,0.5325
20250314,PM_2.5,Sulfate,0.078,USA-LosAngeles-0001-36.4988N_118.8248W_1801,"Visalia-Porterville, CA 1",36.498835,-118.824821,government,AQS,SPECIES_USA-LosAngeles-0001_,,,,US,Sequoia National Park,,,,,,,,,,,,,MAIA_ANC_SURFACEMONITOR_PM_2.5_SPECIES_USA-LosAngeles_20250314T000000Z_F01_V2026p06p10.nc,-9999.0,0.0025,0.4548
20250314,PM_2.5,Sulfate,0.19,USA-LosAngeles-0001-36.7854N_119.7732W_1801,"Fresno, CA 1",36.78538,-119.77321,government,AQS,SPECIES_USA-LosAngeles-0001_,,,,US,Fresno,,,,,,,,,,,,,MAIA_ANC_SURFACEMONITOR_PM_2.5_SPECIES_USA-LosAngeles_20250314T000000Z_F01_V2026p06p10.nc,-9999.0,0.0022,0.4073
20250314,PM_2.5,Sulfate,0.25,USA-LosAngeles-0001-36.7854N_119.7732W_1805,"Fresno, CA 5",36.78538,-119.77321,government,AQS,SPECIES_USA-LosAngeles-0001_,,,,US,Fresno,,,,,,,,,,,,,MAIA_ANC_SURFACEMONITOR_PM_2.5_SPECIES_USA-LosAngeles_20250314T000000Z_F01_V2026p06p10.nc,-9999.0,0.0025,0.4262
20250314,PM_2.5,Sulfate,0.114,USA-LosAngeles-0001-37.3607N_118.3308W_1801,"Bishop, CA 1",37.360684,-118.330783,government,AQS,SPECIES_USA-LosAngeles-0001_,,,,US,Not in a City,,,,,,,,,,,,,MAIA_ANC_SURFACEMONITOR_PM_2.5_SPECIES_USA-LosAngeles_20250314T000000Z_F01_V2026p06p10.nc,-9999.0,0.0017,0.302
20250314,PM_2.5,Sulfate,0.06,USA-LosAngeles-0001-37.7133N_119.7062W_1801, 1,37.71325,-119.7062,government,AQS,SPECIES_USA-LosAngeles-0001_,,,,US,Not in a City,,,,,,,,,,,,,MAIA_ANC_SURFACEMONITOR_PM_2.5_SPECIES_USA-LosAngeles_20250314T000000Z_F01_V2026p06p10.nc,-9999.0,0.0006,0.232
20250315,PM_2.5,Black_Carbon,0.0,USA-LosAngeles-0001-34.1994N_118.1732W_0800,AethLabs JPL,34.19941255,-118.1732079,research,aethalometer,SPECIES_USA-LosAngeles-0001_,,,,US,Pasadena,0.0028,900.0,0.0,0.0,0.0,720.0,0.0,0.0,898.0,900.0,0.0,2.0,MAIA_ANC_SURFACEMONITOR_PM_2.5_SPECIES_USA-LosAngeles_20250315T000000Z_F01_V2026p06p10.nc,,,
20250316,PM_2.5,Black_Carbon,0.0,USA-LosAngeles-0001-34.1994N_118.1732W_0800,AethLabs JPL,34.19941255,-118.1732079,research,aethalometer,SPECIES_USA-LosAngeles-0001_,,,,US,Pasadena,0.0028,900.0,0.0,0.0,0.0,720.0,0.0,0.0,898.0,900.0,0.0,2.0,MAIA_ANC_SURFACEMONITOR_PM_2.5_SPECIES_USA-LosAngeles_20250316T000000Z_F01_V2026p06p10.nc,,,
20250317,PM_2.5,Black_Carbon,0.0,USA-LosAngeles-0001-34.1994N_118.1732W_0800,AethLabs JPL,34.19941255,-118.1732079,research,aethalometer,SPECIES_USA-LosAngeles-0001_,,,,US,Pasadena,0.0028,900.0,0.0,0.0,0.0,720.0,0.0,0.0,898.0,900.0,0.0,2.0,MAIA_ANC_SURFACEMONITOR_PM_2.5_SPECIES_USA-LosAngeles_20250317T000000Z_F01_V2026p06p10.nc,,,
20250317,PM_2.5,Dust,0.9575,USA-LosAngeles-0001-33.9996N_117.4160W_1805,"Riverside-San Bernardino-Ontario, CA 5",33.99958,-117.41601,government,AQS,SPECIES_USA-LosAngeles-0001_,,,,US,Rubidoux,,,,,,,,,,,,,MAIA_ANC_SURFACEMONITOR_PM_2.5_SPECIES_USA-LosAngeles_20250317T000000Z_F01_V2026p06p10.nc,1.0,0.5915562499999999,0.46781773475194105
20250317,PM_2.5,Dust,0.7558,USA-LosAngeles-0001-34.0666N_118.2269W_1805,"Los Angeles-Long Beach-Anaheim, CA 5",34.06659,-118.22688,government,AQS,SPECIES_USA-LosAngeles-0001_,,,,US,Los Angeles,,,,,,,,,,,,,MAIA_ANC_SURFACEMONITOR_PM_2.5_SPECIES_USA-LosAngeles_20250317T000000Z_F01_V2026p06p10.nc,1.0,0.6086975000000001,0.16954684173923737
20250317,PM_2.5,Dust,0.3737,USA-LosAngeles-0001-34.1939N_116.9141W_1801,"Riverside-San Bernardino-Ontario, CA 1",34.193925,-116.914063,government,AQS,SPECIES_USA-LosAngeles-0001_,,,,US,Not in a City,,,,,,,,,,,,,MAIA_ANC_SURFACEMONITOR_PM_2.5_SPECIES_USA-LosAngeles_20250317T000000Z_F01_V2026p06p10.nc,1.0,0.4093644444444444,0.23511156137322986
20250317,PM_2.5,Dust,0.7464,USA-LosAngeles-0001-34.1994N_118.1732W_1700,jpl,34.199433,-118.17317,research,amod-speciated,SPECIES_USA-LosAngeles-0001_,,,,US,Pasadena,,,,,,,,,,,,,MAIA_ANC_SURFACEMONITOR_PM_2.5_SPECIES_USA-LosAngeles_20250317T000000Z_F01_V2026p06p10.nc,1.0,1.003754720164,1.0779067921572336
20250317,PM_2.5,Dust,0.2201,USA-LosAngeles-0001-34.8219N_118.8876W_1801,"Bakersfield, CA 1",34.821922,-118.887598,government,AQS,SPECIES_USA-LosAngeles-0001_,,,,US,Lebec,,,,,,,,,,,,,MAIA_ANC_SURFACEMONITOR_PM_2.5_SPECIES_USA-LosAngeles_20250317T000000Z_F01_V2026p06p10.nc,1.0,0.25581300000000007,0.17291968101115618
20250317,PM_2.5,Dust,0.4788,USA-LosAngeles-0001-35.3566N_119.0626W_1805,"Bakersfield, CA 5",35.356615,-119.062613,government,AQS,SPECIES_USA-LosAngeles-0001_,,,,US,Bakersfield,,,,,,,,,,,,,MAIA_ANC_SURFACEMONITOR_PM_2.5_SPECIES_USA-LosAngeles_20250317T000000Z_F01_V2026p06p10.nc,1.0,0.9938344444444446,1.158178369846479
20250317,PM_2.5,Dust,0.2257,USA-LosAngeles-0001-36.4988N_118.8248W_1801,"Visalia-Porterville, CA 1",36.498835,-118.824821,government,AQS,SPECIES_USA-LosAngeles-0001_,,,,US,Sequoia National Park,,,,,,,,,,,,,MAIA_ANC_SURFACEMONITOR_PM_2.5_SPECIES_USA-LosAngeles_20250317T000000Z_F01_V2026p06p10.nc,1.0,0.23684272727272726,0.17193270650254203
20250317,PM_2.5,Dust,0.2965,USA-LosAngeles-0001-36.7854N_119.7732W_1801,"Fresno, CA 1",36.78538,-119.77321,government,AQS,SPECIES_USA-LosAngeles-0001_,,,,US,Fresno,,,,,,,,,,,,,MAIA_ANC_SURFACEMONITOR_PM_2.5_SPECIES_USA-LosAngeles_20250317T000000Z_F01_V2026p06p10.nc,1.0,0.45894,0.3561421747560937
20250317,PM_2.5,Dust,0.415,USA-LosAngeles-0001-36.7854N_119.7732W_1805,"Fresno, CA 5",36.78538,-119.77321,government,AQS,SPECIES_USA-LosAngeles-0001_,,,,US,Fresno,,,,,,,,,,,,,MAIA_ANC_SURFACEMONITOR_PM_2.5_SPECIES_USA-LosAngeles_20250317T000000Z_F01_V2026p06p10.nc,1.0,0.28003272727272727,0.24095082029670054
20250317,PM_2.5,Dust,0.0986,USA-LosAngeles-0001-37.7133N_119.7062W_1801, 1,37.71325,-119.7062,government,AQS,SPECIES_USA-LosAngeles-0001_,,,,US,Not in a City,,,,,,,,,,,,,MAIA_ANC_SURFACEMONITOR_PM_2.5_SPECIES_USA-LosAngeles_20250317T000000Z_F01_V2026p06p10.nc,1.0,0.18311666666666668,0.17832051692263445
20250317,PM_2.5,Dust,0.0901,USA-LosAngeles-0001-37.7133N_119.7062W_1802, 2,37.71325,-119.7062,government,AQS,SPECIES_USA-LosAngeles-0001_,,,,US,Not in a City,,,,,,,,,,,,,MAIA_ANC_SURFACEMONITOR_PM_2.5_SPECIES_USA-LosAngeles_20250317T000000Z_F01_V2026p06p10.nc,1.0,0.196715,0.16870589090188878
20250317,PM_2.5,Elemental_Carbon,0.553,USA-LosAngeles-0001-33.9996N_117.4160W_1805,"Riverside-San Bernardino-Ontario, CA 5",33.99958,-117.41601,government,AQS,SPECIES_USA-LosAngeles-0001_,,,,US,Rubidoux,,,,,,,,,,,,,MAIA_ANC_SURFACEMONITOR_PM_2.5_SPECIES_USA-LosAngeles_20250317T000000Z_F01_V2026p06p10.nc,-9999.0,0.0032,0.6185
20250317,PM_2.5,Elemental_Carbon,0.425,USA-LosAngeles-0001-34.0666N_118.2269W_1805,"Los Angeles-Long Beach-Anaheim, CA 5",34.06659,-118.22688,government,AQS,SPECIES_USA-LosAngeles-0001_,,,,US,Los Angeles,,,,,,,,,,,,,MAIA_ANC_SURFACEMONITOR_PM_2.5_SPECIES_USA-LosAngeles_20250317T000000Z_F01_V2026p06p10.nc,-9999.0,0.0034,0.5416
20250317,PM_2.5,Elemental_Carbon,0.04,USA-LosAngeles-0001-34.1939N_116.9141W_1801,"Riverside-San Bernardino-Ontario, CA 1",34.193925,-116.914063,government,AQS,SPECIES_USA-LosAngeles-0001_,,,,US,Not in a City,,,,,,,,,,,,,MAIA_ANC_SURFACEMONITOR_PM_2.5_SPECIES_USA-LosAngeles_20250317T000000Z_F01_V2026p06p10.nc,-9999.0,0.0005,0.096
20250317,PM_2.5,Elemental_Carbon,0.01,USA-LosAngeles-0001-34.8219N_118.8876W_1801,"Bakersfield, CA 1",34.821922,-118.887598,government,AQS,SPECIES_USA-LosAngeles-0001_,,,,US,Lebec,,,,,,,,,,,,,MAIA_ANC_SURFACEMONITOR_PM_2.5_SPECIES_USA-LosAngeles_20250317T000000Z_F01_V2026p06p10.nc,-9999.0,0.0004,0.0814
20250317,PM_2.5,Elemental_Carbon,0.513,USA-LosAngeles-0001-35.3566N_119.0626W_1805,"Bakersfield, CA 5",35.356615,-119.062613,government,AQS,SPECIES_USA-LosAngeles-0001_,,,,US,Bakersfield,,,,,,,,,,,,,MAIA_ANC_SURFACEMONITOR_PM_2.5_SPECIES_USA-LosAngeles_20250317T000000Z_F01_V2026p06p10.nc,-9999.0,0.0015,0.2925
20250317,PM_2.5,Elemental_Carbon,0.03,USA-LosAngeles-0001-36.4988N_118.8248W_1801,"Visalia-Porterville, CA 1",36.498835,-118.824821,government,AQS,SPECIES_USA-LosAngeles-0001_,,,,US,Sequoia National Park,,,,,,,,,,,,,MAIA_ANC_SURFACEMONITOR_PM_2.5_SPECIES_USA-LosAngeles_20250317T000000Z_F01_V2026p06p10.nc,-9999.0,0.0007,0.1219
20250317,PM_2.5,Elemental_Carbon,0.11,USA-LosAngeles-0001-36.7854N_119.7732W_1801,"Fresno, CA 1",36.78538,-119.77321,government,AQS,SPECIES_USA-LosAngeles-0001_,,,,US,Fresno,,,,,,,,,,,,,MAIA_ANC_SURFACEMONITOR_PM_2.5_SPECIES_USA-LosAngeles_20250317T000000Z_F01_V2026p06p10.nc,-9999.0,0.0017,0.3156
20250317,PM_2.5,Elemental_Carbon,0.07,USA-LosAngeles-0001-37.3607N_118.3308W_1801,"Bishop, CA 1",37.360684,-118.330783,government,AQS,SPECIES_USA-LosAngeles-0001_,,,,US,Not in a City,,,,,,,,,,,,,MAIA_ANC_SURFACEMONITOR_PM_2.5_SPECIES_USA-LosAngeles_20250317T000000Z_F01_V2026p06p10.nc,-9999.0,0.0003,0.0561
20250317,PM_2.5,Nitrate,3.06,USA-LosAngeles-0001-33.9996N_117.4160W_1805,"Riverside-San Bernardino-Ontario, CA 5",33.99958,-117.41601,government,AQS,SPECIES_USA-LosAngeles-0001_,,,,US,Rubidoux,,,,,,,,,,,,,MAIA_ANC_SURFACEMONITOR_PM_2.5_SPECIES_USA-LosAngeles_20250317T000000Z_F01_V2026p06p10.nc,-9999.0,0.0125,2.2091
20250317,PM_2.5,Nitrate,2.94,USA-LosAngeles-0001-34.0666N_118.2269W_1805,"Los Angeles-Long Beach-Anaheim, CA 5",34.06659,-118.22688,government,AQS,SPECIES_USA-LosAngeles-0001_,,,,US,Los Angeles,,,,,,,,,,,,,MAIA_ANC_SURFACEMONITOR_PM_2.5_SPECIES_USA-LosAngeles_20250317T000000Z_F01_V2026p06p10.nc,-9999.0,0.0138,3.0363
20250317,PM_2.5,Nitrate,0.736,USA-LosAngeles-0001-34.1939N_116.9141W_1801,"Riverside-San Bernardino-Ontario, CA 1",34.193925,-116.914063,government,AQS,SPECIES_USA-LosAngeles-0001_,,,,US,Not in a City,,,,,,,,,,,,,MAIA_ANC_SURFACEMONITOR_PM_2.5_SPECIES_USA-LosAngeles_20250317T000000Z_F01_V2026p06p10.nc,-9999.0,0.0041,0.9537
20250317,PM_2.5,Nitrate,0.086,USA-LosAngeles-0001-34.8219N_118.8876W_1801,"Bakersfield, CA 1",34.821922,-118.887598,government,AQS,SPECIES_USA-LosAngeles-0001_,,,,US,Lebec,,,,,,,,,,,,,MAIA_ANC_SURFACEMONITOR_PM_2.5_SPECIES_USA-LosAngeles_20250317T000000Z_F01_V2026p06p10.nc,-9999.0,0.0014,0.2604
20250317,PM_2.5,Nitrate,1.05,USA-LosAngeles-0001-35.3566N_119.0626W_1805,"Bakersfield, CA 5",35.356615,-119.062613,government,AQS,SPECIES_USA-LosAngeles-0001_,,,,US,Bakersfield,,,,,,,,,,,,,MAIA_ANC_SURFACEMONITOR_PM_2.5_SPECIES_USA-LosAngeles_20250317T000000Z_F01_V2026p06p10.nc,-9999.0,0.0062,1.3003
20250317,PM_2.5,Nitrate,0.101,USA-LosAngeles-0001-36.4988N_118.8248W_1801,"Visalia-Porterville, CA 1",36.498835,-118.824821,government,AQS,SPECIES_USA-LosAngeles-0001_,,,,US,Sequoia National Park,,,,,,,,,,,,,MAIA_ANC_SURFACEMONITOR_PM_2.5_SPECIES_USA-LosAngeles_20250317T000000Z_F01_V2026p06p10.nc,-9999.0,0.002,0.3739
20250317,PM_2.5,Nitrate,0.49,USA-LosAngeles-0001-36.7854N_119.7732W_1801,"Fresno, CA 1",36.78538,-119.77321,government,AQS,SPECIES_USA-LosAngeles-0001_,,,,US,Fresno,,,,,,,,,,,,,MAIA_ANC_SURFACEMONITOR_PM_2.5_SPECIES_USA-LosAngeles_20250317T000000Z_F01_V2026p06p10.nc,-9999.0,0.0049,0.9618
20250317,PM_2.5,Nitrate,0.5,USA-LosAngeles-0001-36.7854N_119.7732W_1805,"Fresno, CA 5",36.78538,-119.77321,government,AQS,SPECIES_USA-LosAngeles-0001_,,,,US,Fresno,,,,,,,,,,,,,MAIA_ANC_SURFACEMONITOR_PM_2.5_SPECIES_USA-LosAngeles_20250317T000000Z_F01_V2026p06p10.nc,-9999.0,0.0057,1.0247
20250317,PM_2.5,Nitrate,0.041,USA-LosAngeles-0001-37.7133N_119.7062W_1801, 1,37.71325,-119.7062,government,AQS,SPECIES_USA-LosAngeles-0001_,,,,US,Not in a City,,,,,,,,,,,,,MAIA_ANC_SURFACEMONITOR_PM_2.5_SPECIES_USA-LosAngeles_20250317T000000Z_F01_V2026p06p10.nc,-9999.0,0.0004,0.1745
20250317,PM_2.5,Organic_Carbon,1.98,USA-LosAngeles-0001-33.9996N_117.4160W_1805,"Riverside-San Bernardino-Ontario, CA 5",33.99958,-117.41601,government,AQS,SPECIES_USA-LosAngeles-0001_,,,,US,Rubidoux,,,,,,,,,,,,,MAIA_ANC_SURFACEMONITOR_PM_2.5_SPECIES_USA-LosAngeles_20250317T000000Z_F01_V2026p06p10.nc,-9999.0,0.0103,1.8322
20250317,PM_2.5,Organic_Carbon,1.199,USA-LosAngeles-0001-34.0666N_118.2269W_1805,"Los Angeles-Long Beach-Anaheim, CA 5",34.06659,-118.22688,government,AQS,SPECIES_USA-LosAngeles-0001_,,,,US,Los Angeles,,,,,,,,,,,,,MAIA_ANC_SURFACEMONITOR_PM_2.5_SPECIES_USA-LosAngeles_20250317T000000Z_F01_V2026p06p10.nc,-9999.0,0.0115,1.8456
20250317,PM_2.5,Organic_Carbon,0.33,USA-LosAngeles-0001-34.1939N_116.9141W_1801,"Riverside-San Bernardino-Ontario, CA 1",34.193925,-116.914063,government,AQS,SPECIES_USA-LosAngeles-0001_,,,,US,Not in a City,,,,,,,,,,,,,MAIA_ANC_SURFACEMONITOR_PM_2.5_SPECIES_USA-LosAngeles_20250317T000000Z_F01_V2026p06p10.nc,-9999.0,0.0023,0.4653
20250317,PM_2.5,Organic_Carbon,0.09,USA-LosAngeles-0001-34.8219N_118.8876W_1801,"Bakersfield, CA 1",34.821922,-118.887598,government,AQS,SPECIES_USA-LosAngeles-0001_,,,,US,Lebec,,,,,,,,,,,,,MAIA_ANC_SURFACEMONITOR_PM_2.5_SPECIES_USA-LosAngeles_20250317T000000Z_F01_V2026p06p10.nc,-9999.0,0.0027,0.4975
20250317,PM_2.5,Organic_Carbon,1.484,USA-LosAngeles-0001-35.3566N_119.0626W_1805,"Bakersfield, CA 5",35.356615,-119.062613,government,AQS,SPECIES_USA-LosAngeles-0001_,,,,US,Bakersfield,,,,,,,,,,,,,MAIA_ANC_SURFACEMONITOR_PM_2.5_SPECIES_USA-LosAngeles_20250317T000000Z_F01_V2026p06p10.nc,-9999.0,0.0069,1.3239
20250317,PM_2.5,Organic_Carbon,0.4,USA-LosAngeles-0001-36.4988N_118.8248W_1801,"Visalia-Porterville, CA 1",36.498835,-118.824821,government,AQS,SPECIES_USA-LosAngeles-0001_,,,,US,Sequoia National Park,,,,,,,,,,,,,MAIA_ANC_SURFACEMONITOR_PM_2.5_SPECIES_USA-LosAngeles_20250317T000000Z_F01_V2026p06p10.nc,-9999.0,0.0054,0.8966
20250317,PM_2.5,Organic_Carbon,0.7,USA-LosAngeles-0001-36.7854N_119.7732W_1801,"Fresno, CA 1",36.78538,-119.77321,government,AQS,SPECIES_USA-LosAngeles-0001_,,,,US,Fresno,,,,,,,,,,,,,MAIA_ANC_SURFACEMONITOR_PM_2.5_SPECIES_USA-LosAngeles_20250317T000000Z_F01_V2026p06p10.nc,-9999.0,0.0088,1.6743
20250317,PM_2.5,Organic_Carbon,0.16,USA-LosAngeles-0001-37.3607N_118.3308W_1801,"Bishop, CA 1",37.360684,-118.330783,government,AQS,SPECIES_USA-LosAngeles-0001_,,,,US,Not in a City,,,,,,,,,,,,,MAIA_ANC_SURFACEMONITOR_PM_2.5_SPECIES_USA-LosAngeles_20250317T000000Z_F01_V2026p06p10.nc,-9999.0,0.0016,0.2826
20250317,PM_2.5,Sulfate,0.78,USA-LosAngeles-0001-33.9996N_117.4160W_1805,"Riverside-San Bernardino-Ontario, CA 5",33.99958,-117.41601,government,AQS,SPECIES_USA-LosAngeles-0001_,,,,US,Rubidoux,,,,,,,,,,,,,MAIA_ANC_SURFACEMONITOR_PM_2.5_SPECIES_USA-LosAngeles_20250317T000000Z_F01_V2026p06p10.nc,-9999.0,0.0037,0.6688
20250317,PM_2.5,Sulfate,1.06,USA-LosAngeles-0001-34.0666N_118.2269W_1805,"Los Angeles-Long Beach-Anaheim, CA 5",34.06659,-118.22688,government,AQS,SPECIES_USA-LosAngeles-0001_,,,,US,Los Angeles,,,,,,,,,,,,,MAIA_ANC_SURFACEMONITOR_PM_2.5_SPECIES_USA-LosAngeles_20250317T000000Z_F01_V2026p06p10.nc,-9999.0,0.0049,1.0656
20250317,PM_2.5,Sulfate,0.27,USA-LosAngeles-0001-34.1939N_116.9141W_1801,"Riverside-San Bernardino-Ontario, CA 1",34.193925,-116.914063,government,AQS,SPECIES_USA-LosAngeles-0001_,,,,US,Not in a City,,,,,,,,,,,,,MAIA_ANC_SURFACEMONITOR_PM_2.5_SPECIES_USA-LosAngeles_20250317T000000Z_F01_V2026p06p10.nc,-9999.0,0.0017,0.3563
20250317,PM_2.5,Sulfate,0.155,USA-LosAngeles-0001-34.8219N_118.8876W_1801,"Bakersfield, CA 1",34.821922,-118.887598,government,AQS,SPECIES_USA-LosAngeles-0001_,,,,US,Lebec,,,,,,,,,,,,,MAIA_ANC_SURFACEMONITOR_PM_2.5_SPECIES_USA-LosAngeles_20250317T000000Z_F01_V2026p06p10.nc,-9999.0,0.0021,0.3794
20250317,PM_2.5,Sulfate,0.4,USA-LosAngeles-0001-35.3566N_119.0626W_1805,"Bakersfield, CA 5",35.356615,-119.062613,government,AQS,SPECIES_USA-LosAngeles-0001_,,,,US,Bakersfield,,,,,,,,,,,,,MAIA_ANC_SURFACEMONITOR_PM_2.5_SPECIES_USA-LosAngeles_20250317T000000Z_F01_V2026p06p10.nc,-9999.0,0.0026,0.551
20250317,PM_2.5,Sulfate,0.169,USA-LosAngeles-0001-36.4988N_118.8248W_1801,"Visalia-Porterville, CA 1",36.498835,-118.824821,government,AQS,SPECIES_USA-LosAngeles-0001_,,,,US,Sequoia National Park,,,,,,,,,,,,,MAIA_ANC_SURFACEMONITOR_PM_2.5_SPECIES_USA-LosAngeles_20250317T000000Z_F01_V2026p06p10.nc,-9999.0,0.0025,0.4548
20250317,PM_2.5,Sulfate,0.327,USA-LosAngeles-0001-36.7854N_119.7732W_1801,"Fresno, CA 1",36.78538,-119.77321,government,AQS,SPECIES_USA-LosAngeles-0001_,,,,US,Fresno,,,,,,,,,,,,,MAIA_ANC_SURFACEMONITOR_PM_2.5_SPECIES_USA-LosAngeles_20250317T000000Z_F01_V2026p06p10.nc,-9999.0,0.0022,0.4073
20250317,PM_2.5,Sulfate,0.37,USA-LosAngeles-0001-36.7854N_119.7732W_1805,"Fresno, CA 5",36.78538,-119.77321,government,AQS,SPECIES_USA-LosAngeles-0001_,,,,US,Fresno,,,,,,,,,,,,,MAIA_ANC_SURFACEMONITOR_PM_2.5_SPECIES_USA-LosAngeles_20250317T000000Z_F01_V2026p06p10.nc,-9999.0,0.0025,0.4262
20250317,PM_2.5,Sulfate,0.064,USA-LosAngeles-0001-37.7133N_119.7062W_1801, 1,37.71325,-119.7062,government,AQS,SPECIES_USA-LosAngeles-0001_,,,,US,Not in a City,,,,,,,,,,,,,MAIA_ANC_SURFACEMONITOR_PM_2.5_SPECIES_USA-LosAngeles_20250317T000000Z_F01_V2026p06p10.nc,-9999.0,0.0006,0.232
20250318,PM_2.5,Black_Carbon,0.0,USA-LosAngeles-0001-34.1994N_118.1732W_0800,AethLabs JPL,34.19941255,-118.1732079,research,aethalometer,SPECIES_USA-LosAngeles-0001_,,,,US,Pasadena,0.0028,900.0,0.0,0.0,0.0,720.0,0.0,0.0,898.0,900.0,0.0,2.0,MAIA_ANC_SURFACEMONITOR_PM_2.5_SPECIES_USA-LosAngeles_20250318T000000Z_F01_V2026p06p10.nc,,,
20250319,PM_2.5,Black_Carbon,0.0,USA-LosAngeles-0001-34.1994N_118.1732W_0800,AethLabs JPL,34.19941255,-118.1732079,research,aethalometer,SPECIES_USA-LosAngeles-0001_,,,,US,Pasadena,0.0028,900.0,0.0,0.0,0.0,720.0,0.0,0.0,898.0,900.0,0.0,2.0,MAIA_ANC_SURFACEMONITOR_PM_2.5_SPECIES_USA-LosAngeles_20250319T000000Z_F01_V2026p06p10.nc,,,
20250320,PM_2.5,Black_Carbon,0.0,USA-LosAngeles-0001-34.1994N_118.1732W_0800,AethLabs JPL,34.19941255,-118.1732079,research,aethalometer,SPECIES_USA-LosAngeles-0001_,,,,US,Pasadena,0.0028,900.0,0.0,0.0,0.0,720.0,0.0,0.0,898.0,900.0,0.0,2.0,MAIA_ANC_SURFACEMONITOR_PM_2.5_SPECIES_USA-LosAngeles_20250320T000000Z_F01_V2026p06p10.nc,,,
20250320,PM_2.5,Dust,0.6601,USA-LosAngeles-0001-33.4636N_116.9715W_1801,"Riverside-San Bernardino-Ontario, CA 1",33.463644,-116.971457,government,AQS,SPECIES_USA-LosAngeles-0001_,,,,US,Not in a City,,,,,,,,,,,,,MAIA_ANC_SURFACEMONITOR_PM_2.5_SPECIES_USA-LosAngeles_20250320T000000Z_F01_V2026p06p10.nc,1.0,0.26837,0.17711607617604905
20250320,PM_2.5,Dust,1.1229,USA-LosAngeles-0001-33.8306N_117.9385W_1811,"Los Angeles-Long Beach-Anaheim, CA 11",33.83062,-117.93845,government,AQS,SPECIES_USA-LosAngeles-0001_,,,,US,Anaheim,,,,,,,,,,,,,MAIA_ANC_SURFACEMONITOR_PM_2.5_SPECIES_USA-LosAngeles_20250320T000000Z_F01_V2026p06p10.nc,-9999.0,-9999.0,-9999.0
20250320,PM_2.5,Dust,1.3018,USA-LosAngeles-0001-33.9996N_117.4160W_1805,"Riverside-San Bernardino-Ontario, CA 5",33.99958,-117.41601,government,AQS,SPECIES_USA-LosAngeles-0001_,,,,US,Rubidoux,,,,,,,,,,,,,MAIA_ANC_SURFACEMONITOR_PM_2.5_SPECIES_USA-LosAngeles_20250320T000000Z_F01_V2026p06p10.nc,1.0,0.5915562499999999,0.46781773475194105
20250320,PM_2.5,Dust,1.2375,USA-LosAngeles-0001-33.9996N_117.4160W_1806,"Riverside-San Bernardino-Ontario, CA 6",33.99958,-117.41601,government,AQS,SPECIES_USA-LosAngeles-0001_,,,,US,Rubidoux,,,,,,,,,,,,,MAIA_ANC_SURFACEMONITOR_PM_2.5_SPECIES_USA-LosAngeles_20250320T000000Z_F01_V2026p06p10.nc,1.0,0.507874,0.2775461098700539
20250320,PM_2.5,Dust,1.6833,USA-LosAngeles-0001-33.9996N_117.4160W_1811,"Riverside-San Bernardino-Ontario, CA 11",33.99958,-117.41601,government,AQS,SPECIES_USA-LosAngeles-0001_,,,,US,Rubidoux,,,,,,,,,,,,,MAIA_ANC_SURFACEMONITOR_PM_2.5_SPECIES_USA-LosAngeles_20250320T000000Z_F01_V2026p06p10.nc,-9999.0,-9999.0,-9999.0
20250320,PM_2.5,Dust,1.0389,USA-LosAngeles-0001-34.0666N_118.2269W_1805,"Los Angeles-Long Beach-Anaheim, CA 5",34.06659,-118.22688,government,AQS,SPECIES_USA-LosAngeles-0001_,,,,US,Los Angeles,,,,,,,,,,,,,MAIA_ANC_SURFACEMONITOR_PM_2.5_SPECIES_USA-LosAngeles_20250320T000000Z_F01_V2026p06p10.nc,1.0,0.6086975000000001,0.16954684173923737
20250320,PM_2.5,Dust,1.3621,USA-LosAngeles-0001-34.0666N_118.2269W_1811,"Los Angeles-Long Beach-Anaheim, CA 11",34.06659,-118.22688,government,AQS,SPECIES_USA-LosAngeles-0001_,,,,US,Los Angeles,,,,,,,,,,,,,MAIA_ANC_SURFACEMONITOR_PM_2.5_SPECIES_USA-LosAngeles_20250320T000000Z_F01_V2026p06p10.nc,-9999.0,-9999.0,-9999.0
20250320,PM_2.5,Dust,1.4407,USA-LosAngeles-0001-34.0666N_118.2269W_1812,"Los Angeles-Long Beach-Anaheim, CA 12",34.06659,-118.22688,government,AQS,SPECIES_USA-LosAngeles-0001_,,,,US,Los Angeles,,,,,,,,,,,,,MAIA_ANC_SURFACEMONITOR_PM_2.5_SPECIES_USA-LosAngeles_20250320T000000Z_F01_V2026p06p10.nc,-9999.0,-9999.0,-9999.0
20250320,PM_2.5,Dust,1.666,USA-LosAngeles-0001-34.1000N_117.4920W_1811,"Riverside-San Bernardino-Ontario, CA 11",34.10002,-117.49201,government,AQS,SPECIES_USA-LosAngeles-0001_,,,,US,Fontana,,,,,,,,,,,,,MAIA_ANC_SURFACEMONITOR_PM_2.5_SPECIES_USA-LosAngeles_20250320T000000Z_F01_V2026p06p10.nc,-9999.0,-9999.0,-9999.0
20250320,PM_2.5,Dust,0.7098,USA-LosAngeles-0001-34.1939N_116.9141W_1801,"Riverside-San Bernardino-Ontario, CA 1",34.193925,-116.914063,government,AQS,SPECIES_USA-LosAngeles-0001_,,,,US,Not in a City,,,,,,,,,,,,,MAIA_ANC_SURFACEMONITOR_PM_2.5_SPECIES_USA-LosAngeles_20250320T000000Z_F01_V2026p06p10.nc,1.0,0.4093644444444444,0.23511156137322986
20250320,PM_2.5,Dust,1.1634,USA-LosAngeles-0001-34.1994N_118.1732W_1700,jpl,34.199433,-118.17317,research,amod-speciated,SPECIES_USA-LosAngeles-0001_,,,,US,Pasadena,,,,,,,,,,,,,MAIA_ANC_SURFACEMONITOR_PM_2.5_SPECIES_USA-LosAngeles_20250320T000000Z_F01_V2026p06p10.nc,1.0,1.003754720164,1.0779067921572336
20250320,PM_2.5,Dust,0.3205,USA-LosAngeles-0001-34.8219N_118.8876W_1801,"Bakersfield, CA 1",34.821922,-118.887598,government,AQS,SPECIES_USA-LosAngeles-0001_,,,,US,Lebec,,,,,,,,,,,,,MAIA_ANC_SURFACEMONITOR_PM_2.5_SPECIES_USA-LosAngeles_20250320T000000Z_F01_V2026p06p10.nc,1.0,0.25581300000000007,0.17291968101115618
20250320,PM_2.5,Dust,0.3807,USA-LosAngeles-0001-35.3566N_119.0626W_1805,"Bakersfield, CA 5",35.356615,-119.062613,government,AQS,SPECIES_USA-LosAngeles-0001_,,,,US,Bakersfield,,,,,,,,,,,,,MAIA_ANC_SURFACEMONITOR_PM_2.5_SPECIES_USA-LosAngeles_20250320T000000Z_F01_V2026p06p10.nc,1.0,0.9938344444444446,1.158178369846479
20250320,PM_2.5,Dust,0.3345,USA-LosAngeles-0001-35.3566N_119.0626W_1806,"Bakersfield, CA 6",35.356615,-119.062613,government,AQS,SPECIES_USA-LosAngeles-0001_,,,,US,Bakersfield,,,,,,,,,,,,,MAIA_ANC_SURFACEMONITOR_PM_2.5_SPECIES_USA-LosAngeles_20250320T000000Z_F01_V2026p06p10.nc,1.0,0.8610200000000002,0.6792222214415544
20250320,PM_2.5,Dust,0.5302,USA-LosAngeles-0001-36.3081N_119.3129W_1805,N/A,36.30815,-119.3129,government,AQS,SPECIES_USA-LosAngeles-0001_,,,,US,N/A,,,,,,,,,,,,,MAIA_ANC_SURFACEMONITOR_PM_2.5_SPECIES_USA-LosAngeles_20250320T000000Z_F01_V2026p06p10.nc,1.0,0.6459833333333334,0.320807823037753
20250320,PM_2.5,Dust,0.363,USA-LosAngeles-0001-36.4988N_118.8248W_1801,"Visalia-Porterville, CA 1",36.498835,-118.824821,government,AQS,SPECIES_USA-LosAngeles-0001_,,,,US,Sequoia National Park,,,,,,,,,,,,,MAIA_ANC_SURFACEMONITOR_PM_2.5_SPECIES_USA-LosAngeles_20250320T000000Z_F01_V2026p06p10.nc,1.0,0.23684272727272726,0.17193270650254203
20250320,PM_2.5,Dust,0.2811,USA-LosAngeles-0001-36.7854N_119.7732W_1801,"Fresno, CA 1",36.78538,-119.77321,government,AQS,SPECIES_USA-LosAngeles-0001_,,,,US,Fresno,,,,,,,,,,,,,MAIA_ANC_SURFACEMONITOR_PM_2.5_SPECIES_USA-LosAngeles_20250320T000000Z_F01_V2026p06p10.nc,1.0,0.45894,0.3561421747560937
20250320,PM_2.5,Dust,0.1442,USA-LosAngeles-0001-36.7854N_119.7732W_1805,"Fresno, CA 5",36.78538,-119.77321,government,AQS,SPECIES_USA-LosAngeles-0001_,,,,US,Fresno,,,,,,,,,,,,,MAIA_ANC_SURFACEMONITOR_PM_2.5_SPECIES_USA-LosAngeles_20250320T000000Z_F01_V2026p06p10.nc,1.0,0.28003272727272727,0.24095082029670054
20250320,PM_2.5,Dust,1.2362,USA-LosAngeles-0001-37.3607N_118.3308W_1801,"Bishop, CA 1",37.360684,-118.330783,government,AQS,SPECIES_USA-LosAngeles-0001_,,,,US,Not in a City,,,,,,,,,,,,,MAIA_ANC_SURFACEMONITOR_PM_2.5_SPECIES_USA-LosAngeles_20250320T000000Z_F01_V2026p06p10.nc,1.0,0.5847877777777778,0.3990076377374744
20250320,PM_2.5,Dust,0.2716,USA-LosAngeles-0001-37.7133N_119.7062W_1801, 1,37.71325,-119.7062,government,AQS,SPECIES_USA-LosAngeles-0001_,,,,US,Not in a City,,,,,,,,,,,,,MAIA_ANC_SURFACEMONITOR_PM_2.5_SPECIES_USA-LosAngeles_20250320T000000Z_F01_V2026p06p10.nc,1.0,0.18311666666666668,0.17832051692263445
20250320,PM_2.5,Dust,0.24,USA-LosAngeles-0001-37.7133N_119.7062W_1802, 2,37.71325,-119.7062,government,AQS,SPECIES_USA-LosAngeles-0001_,,,,US,Not in a City,,,,,,,,,,,,,MAIA_ANC_SURFACEMONITOR_PM_2.5_SPECIES_USA-LosAngeles_20250320T000000Z_F01_V2026p06p10.nc,1.0,0.196715,0.16870589090188878
20250320,PM_2.5,Elemental_Carbon,0.13,USA-LosAngeles-0001-33.4636N_116.9715W_1801,"Riverside-San Bernardino-Ontario, CA 1",33.463644,-116.971457,government,AQS,SPECIES_USA-LosAngeles-0001_,,,,US,Not in a City,,,,,,,,,,,,,MAIA_ANC_SURFACEMONITOR_PM_2.5_SPECIES_USA-LosAngeles_20250320T000000Z_F01_V2026p06p10.nc,-9999.0,0.0004,0.181
20250320,PM_2.5,Elemental_Carbon,0.868,USA-LosAngeles-0001-33.9996N_117.4160W_1805,"Riverside-San Bernardino-Ontario, CA 5",33.99958,-117.41601,government,AQS,SPECIES_USA-LosAngeles-0001_,,,,US,Rubidoux,,,,,,,,,,,,,MAIA_ANC_SURFACEMONITOR_PM_2.5_SPECIES_USA-LosAngeles_20250320T000000Z_F01_V2026p06p10.nc,-9999.0,0.0032,0.6185
20250320,PM_2.5,Elemental_Carbon,0.931,USA-LosAngeles-0001-33.9996N_117.4160W_1806,"Riverside-San Bernardino-Ontario, CA 6",33.99958,-117.41601,government,AQS,SPECIES_USA-LosAngeles-0001_,,,,US,Rubidoux,,,,,,,,,,,,,MAIA_ANC_SURFACEMONITOR_PM_2.5_SPECIES_USA-LosAngeles_20250320T000000Z_F01_V2026p06p10.nc,-9999.0,0.0017,0.524
20250320,PM_2.5,Elemental_Carbon,0.725,USA-LosAngeles-0001-34.0666N_118.2269W_1805,"Los Angeles-Long Beach-Anaheim, CA 5",34.06659,-118.22688,government,AQS,SPECIES_USA-LosAngeles-0001_,,,,US,Los Angeles,,,,,,,,,,,,,MAIA_ANC_SURFACEMONITOR_PM_2.5_SPECIES_USA-LosAngeles_20250320T000000Z_F01_V2026p06p10.nc,-9999.0,0.0034,0.5416
20250320,PM_2.5,Elemental_Carbon,0.08,USA-LosAngeles-0001-34.1939N_116.9141W_1801,"Riverside-San Bernardino-Ontario, CA 1",34.193925,-116.914063,government,AQS,SPECIES_USA-LosAngeles-0001_,,,,US,Not in a City,,,,,,,,,,,,,MAIA_ANC_SURFACEMONITOR_PM_2.5_SPECIES_USA-LosAngeles_20250320T000000Z_F01_V2026p06p10.nc,-9999.0,0.0005,0.096
20250320,PM_2.5,Elemental_Carbon,0.08,USA-LosAngeles-0001-34.8219N_118.8876W_1801,"Bakersfield, CA 1",34.821922,-118.887598,government,AQS,SPECIES_USA-LosAngeles-0001_,,,,US,Lebec,,,,,,,,,,,,,MAIA_ANC_SURFACEMONITOR_PM_2.5_SPECIES_USA-LosAngeles_20250320T000000Z_F01_V2026p06p10.nc,-9999.0,0.0004,0.0814
20250320,PM_2.5,Elemental_Carbon,0.323,USA-LosAngeles-0001-35.3566N_119.0626W_1805,"Bakersfield, CA 5",35.356615,-119.062613,government,AQS,SPECIES_USA-LosAngeles-0001_,,,,US,Bakersfield,,,,,,,,,,,,,MAIA_ANC_SURFACEMONITOR_PM_2.5_SPECIES_USA-LosAngeles_20250320T000000Z_F01_V2026p06p10.nc,-9999.0,0.0015,0.2925
20250320,PM_2.5,Elemental_Carbon,0.314,USA-LosAngeles-0001-35.3566N_119.0626W_1806,"Bakersfield, CA 6",35.356615,-119.062613,government,AQS,SPECIES_USA-LosAngeles-0001_,,,,US,Bakersfield,,,,,,,,,,,,,MAIA_ANC_SURFACEMONITOR_PM_2.5_SPECIES_USA-LosAngeles_20250320T000000Z_F01_V2026p06p10.nc,-9999.0,0.0013,0.391
20250320,PM_2.5,Elemental_Carbon,0.16,USA-LosAngeles-0001-36.4988N_118.8248W_1801,"Visalia-Porterville, CA 1",36.498835,-118.824821,government,AQS,SPECIES_USA-LosAngeles-0001_,,,,US,Sequoia National Park,,,,,,,,,,,,,MAIA_ANC_SURFACEMONITOR_PM_2.5_SPECIES_USA-LosAngeles_20250320T000000Z_F01_V2026p06p10.nc,-9999.0,0.0007,0.1219
20250320,PM_2.5,Elemental_Carbon,0.09,USA-LosAngeles-0001-36.7854N_119.7732W_1801,"Fresno, CA 1",36.78538,-119.77321,government,AQS,SPECIES_USA-LosAngeles-0001_,,,,US,Fresno,,,,,,,,,,,,,MAIA_ANC_SURFACEMONITOR_PM_2.5_SPECIES_USA-LosAngeles_20250320T000000Z_F01_V2026p06p10.nc,-9999.0,0.0017,0.3156
20250320,PM_2.5,Elemental_Carbon,0.143,USA-LosAngeles-0001-36.7854N_119.7732W_1805,"Fresno, CA 5",36.78538,-119.77321,government,AQS,SPECIES_USA-LosAngeles-0001_,,,,US,Fresno,,,,,,,,,,,,,MAIA_ANC_SURFACEMONITOR_PM_2.5_SPECIES_USA-LosAngeles_20250320T000000Z_F01_V2026p06p10.nc,-9999.0,0.002,0.4223
20250320,PM_2.5,Elemental_Carbon,0.03,USA-LosAngeles-0001-37.3607N_118.3308W_1801,"Bishop, CA 1",37.360684,-118.330783,government,AQS,SPECIES_USA-LosAngeles-0001_,,,,US,Not in a City,,,,,,,,,,,,,MAIA_ANC_SURFACEMONITOR_PM_2.5_SPECIES_USA-LosAngeles_20250320T000000Z_F01_V2026p06p10.nc,-9999.0,0.0003,0.0561
20250320,PM_2.5,Elemental_Carbon,0.13,USA-LosAngeles-0001-37.7133N_119.7062W_1801, 1,37.71325,-119.7062,government,AQS,SPECIES_USA-LosAngeles-0001_,,,,US,Not in a City,,,,,,,,,,,,,MAIA_ANC_SURFACEMONITOR_PM_2.5_SPECIES_USA-LosAngeles_20250320T000000Z_F01_V2026p06p10.nc,-9999.0,0.0002,0.0712
20250320,PM_2.5,Nitrate,0.332,USA-LosAngeles-0001-33.4636N_116.9715W_1801,"Riverside-San Bernardino-Ontario, CA 1",33.463644,-116.971457,government,AQS,SPECIES_USA-LosAngeles-0001_,,,,US,Not in a City,,,,,,,,,,,,,MAIA_ANC_SURFACEMONITOR_PM_2.5_SPECIES_USA-LosAngeles_20250320T000000Z_F01_V2026p06p10.nc,-9999.0,0.0007,0.2897
20250320,PM_2.5,Nitrate,1.54,USA-LosAngeles-0001-33.8306N_117.9385W_1811,"Los Angeles-Long Beach-Anaheim, CA 11",33.83062,-117.93845,government,AQS,SPECIES_USA-LosAngeles-0001_,,,,US,Anaheim,,,,,,,,,,,,,MAIA_ANC_SURFACEMONITOR_PM_2.5_SPECIES_USA-LosAngeles_20250320T000000Z_F01_V2026p06p10.nc,-9999.0,0.0,
20250320,PM_2.5,Nitrate,1.5,USA-LosAngeles-0001-33.9996N_117.4160W_1805,"Riverside-San Bernardino-Ontario, CA 5",33.99958,-117.41601,government,AQS,SPECIES_USA-LosAngeles-0001_,,,,US,Rubidoux,,,,,,,,,,,,,MAIA_ANC_SURFACEMONITOR_PM_2.5_SPECIES_USA-LosAngeles_20250320T000000Z_F01_V2026p06p10.nc,-9999.0,0.0125,2.2091
20250320,PM_2.5,Nitrate,1.56,USA-LosAngeles-0001-33.9996N_117.4160W_1806,"Riverside-San Bernardino-Ontario, CA 6",33.99958,-117.41601,government,AQS,SPECIES_USA-LosAngeles-0001_,,,,US,Rubidoux,,,,,,,,,,,,,MAIA_ANC_SURFACEMONITOR_PM_2.5_SPECIES_USA-LosAngeles_20250320T000000Z_F01_V2026p06p10.nc,-9999.0,0.0049,1.836
20250320,PM_2.5,Nitrate,1.58,USA-LosAngeles-0001-33.9996N_117.4160W_1811,"Riverside-San Bernardino-Ontario, CA 11",33.99958,-117.41601,government,AQS,SPECIES_USA-LosAngeles-0001_,,,,US,Rubidoux,,,,,,,,,,,,,MAIA_ANC_SURFACEMONITOR_PM_2.5_SPECIES_USA-LosAngeles_20250320T000000Z_F01_V2026p06p10.nc,-9999.0,0.0,
20250320,PM_2.5,Nitrate,3.96,USA-LosAngeles-0001-34.0666N_118.2269W_1805,"Los Angeles-Long Beach-Anaheim, CA 5",34.06659,-118.22688,government,AQS,SPECIES_USA-LosAngeles-0001_,,,,US,Los Angeles,,,,,,,,,,,,,MAIA_ANC_SURFACEMONITOR_PM_2.5_SPECIES_USA-LosAngeles_20250320T000000Z_F01_V2026p06p10.nc,-9999.0,0.0138,3.0363
20250320,PM_2.5,Nitrate,2.53,USA-LosAngeles-0001-34.0666N_118.2269W_1811,"Los Angeles-Long Beach-Anaheim, CA 11",34.06659,-118.22688,government,AQS,SPECIES_USA-LosAngeles-0001_,,,,US,Los Angeles,,,,,,,,,,,,,MAIA_ANC_SURFACEMONITOR_PM_2.5_SPECIES_USA-LosAngeles_20250320T000000Z_F01_V2026p06p10.nc,-9999.0,0.0,
20250320,PM_2.5,Nitrate,2.65,USA-LosAngeles-0001-34.0666N_118.2269W_1812,"Los Angeles-Long Beach-Anaheim, CA 12",34.06659,-118.22688,government,AQS,SPECIES_USA-LosAngeles-0001_,,,,US,Los Angeles,,,,,,,,,,,,,MAIA_ANC_SURFACEMONITOR_PM_2.5_SPECIES_USA-LosAngeles_20250320T000000Z_F01_V2026p06p10.nc,-9999.0,0.0,
20250320,PM_2.5,Nitrate,1.67,USA-LosAngeles-0001-34.1000N_117.4920W_1811,"Riverside-San Bernardino-Ontario, CA 11",34.10002,-117.49201,government,AQS,SPECIES_USA-LosAngeles-0001_,,,,US,Fontana,,,,,,,,,,,,,MAIA_ANC_SURFACEMONITOR_PM_2.5_SPECIES_USA-LosAngeles_20250320T000000Z_F01_V2026p06p10.nc,-9999.0,0.0,
20250320,PM_2.5,Nitrate,0.757,USA-LosAngeles-0001-34.1939N_116.9141W_1801,"Riverside-San Bernardino-Ontario, CA 1",34.193925,-116.914063,government,AQS,SPECIES_USA-LosAngeles-0001_,,,,US,Not in a City,,,,,,,,,,,,,MAIA_ANC_SURFACEMONITOR_PM_2.5_SPECIES_USA-LosAngeles_20250320T000000Z_F01_V2026p06p10.nc,-9999.0,0.0041,0.9537
20250320,PM_2.5,Nitrate,0.765,USA-LosAngeles-0001-34.8219N_118.8876W_1801,"Bakersfield, CA 1",34.821922,-118.887598,government,AQS,SPECIES_USA-LosAngeles-0001_,,,,US,Lebec,,,,,,,,,,,,,MAIA_ANC_SURFACEMONITOR_PM_2.5_SPECIES_USA-LosAngeles_20250320T000000Z_F01_V2026p06p10.nc,-9999.0,0.0014,0.2604
20250320,PM_2.5,Nitrate,1.78,USA-LosAngeles-0001-35.3566N_119.0626W_1805,"Bakersfield, CA 5",35.356615,-119.062613,government,AQS,SPECIES_USA-LosAngeles-0001_,,,,US,Bakersfield,,,,,,,,,,,,,MAIA_ANC_SURFACEMONITOR_PM_2.5_SPECIES_USA-LosAngeles_20250320T000000Z_F01_V2026p06p10.nc,-9999.0,0.0062,1.3003
20250320,PM_2.5,Nitrate,1.8,USA-LosAngeles-0001-35.3566N_119.0626W_1806,"Bakersfield, CA 6",35.356615,-119.062613,government,AQS,SPECIES_USA-LosAngeles-0001_,,,,US,Bakersfield,,,,,,,,,,,,,MAIA_ANC_SURFACEMONITOR_PM_2.5_SPECIES_USA-LosAngeles_20250320T000000Z_F01_V2026p06p10.nc,-9999.0,0.0043,1.3481
20250320,PM_2.5,Nitrate,1.18,USA-LosAngeles-0001-36.3081N_119.3129W_1805,N/A,36.30815,-119.3129,government,AQS,SPECIES_USA-LosAngeles-0001_,,,,US,N/A,,,,,,,,,,,,,MAIA_ANC_SURFACEMONITOR_PM_2.5_SPECIES_USA-LosAngeles_20250320T000000Z_F01_V2026p06p10.nc,-9999.0,0.004,1.3384
20250320,PM_2.5,Nitrate,0.735,USA-LosAngeles-0001-36.4988N_118.8248W_1801,"Visalia-Porterville, CA 1",36.498835,-118.824821,government,AQS,SPECIES_USA-LosAngeles-0001_,,,,US,Sequoia National Park,,,,,,,,,,,,,MAIA_ANC_SURFACEMONITOR_PM_2.5_SPECIES_USA-LosAngeles_20250320T000000Z_F01_V2026p06p10.nc,-9999.0,0.002,0.3739
20250320,PM_2.5,Nitrate,0.471,USA-LosAngeles-0001-36.7854N_119.7732W_1801,"Fresno, CA 1",36.78538,-119.77321,government,AQS,SPECIES_USA-LosAngeles-0001_,,,,US,Fresno,,,,,,,,,,,,,MAIA_ANC_SURFACEMONITOR_PM_2.5_SPECIES_USA-LosAngeles_20250320T000000Z_F01_V2026p06p10.nc,-9999.0,0.0049,0.9618
20250320,PM_2.5,Nitrate,0.57,USA-LosAngeles-0001-36.7854N_119.7732W_1805,"Fresno, CA 5",36.78538,-119.77321,government,AQS,SPECIES_USA-LosAngeles-0001_,,,,US,Fresno,,,,,,,,,,,,,MAIA_ANC_SURFACEMONITOR_PM_2.5_SPECIES_USA-LosAngeles_20250320T000000Z_F01_V2026p06p10.nc,-9999.0,0.0057,1.0247
20250320,PM_2.5,Nitrate,0.064,USA-LosAngeles-0001-37.3607N_118.3308W_1801,"Bishop, CA 1",37.360684,-118.330783,government,AQS,SPECIES_USA-LosAngeles-0001_,,,,US,Not in a City,,,,,,,,,,,,,MAIA_ANC_SURFACEMONITOR_PM_2.5_SPECIES_USA-LosAngeles_20250320T000000Z_F01_V2026p06p10.nc,-9999.0,0.0004,0.0728
20250320,PM_2.5,Nitrate,0.132,USA-LosAngeles-0001-37.7133N_119.7062W_1801, 1,37.71325,-119.7062,government,AQS,SPECIES_USA-LosAngeles-0001_,,,,US,Not in a City,,,,,,,,,,,,,MAIA_ANC_SURFACEMONITOR_PM_2.5_SPECIES_USA-LosAngeles_20250320T000000Z_F01_V2026p06p10.nc,-9999.0,0.0004,0.1745
20250320,PM_2.5,Organic_Carbon,0.35,USA-LosAngeles-0001-33.4636N_116.9715W_1801,"Riverside-San Bernardino-Ontario, CA 1",33.463644,-116.971457,government,AQS,SPECIES_USA-LosAngeles-0001_,,,,US,Not in a City,,,,,,,,,,,,,MAIA_ANC_SURFACEMONITOR_PM_2.5_SPECIES_USA-LosAngeles_20250320T000000Z_F01_V2026p06p10.nc,-9999.0,0.0021,0.7914
20250320,PM_2.5,Organic_Carbon,2.048,USA-LosAngeles-0001-33.9996N_117.4160W_1805,"Riverside-San Bernardino-Ontario, CA 5",33.99958,-117.41601,government,AQS,SPECIES_USA-LosAngeles-0001_,,,,US,Rubidoux,,,,,,,,,,,,,MAIA_ANC_SURFACEMONITOR_PM_2.5_SPECIES_USA-LosAngeles_20250320T000000Z_F01_V2026p06p10.nc,-9999.0,0.0103,1.8322
20250320,PM_2.5,Organic_Carbon,1.965,USA-LosAngeles-0001-33.9996N_117.4160W_1806,"Riverside-San Bernardino-Ontario, CA 6",33.99958,-117.41601,government,AQS,SPECIES_USA-LosAngeles-0001_,,,,US,Rubidoux,,,,,,,,,,,,,MAIA_ANC_SURFACEMONITOR_PM_2.5_SPECIES_USA-LosAngeles_20250320T000000Z_F01_V2026p06p10.nc,-9999.0,0.0052,1.5036
20250320,PM_2.5,Organic_Carbon,2.147,USA-LosAngeles-0001-34.0666N_118.2269W_1805,"Los Angeles-Long Beach-Anaheim, CA 5",34.06659,-118.22688,government,AQS,SPECIES_USA-LosAngeles-0001_,,,,US,Los Angeles,,,,,,,,,,,,,MAIA_ANC_SURFACEMONITOR_PM_2.5_SPECIES_USA-LosAngeles_20250320T000000Z_F01_V2026p06p10.nc,-9999.0,0.0115,1.8456
20250320,PM_2.5,Organic_Carbon,0.31,USA-LosAngeles-0001-34.1939N_116.9141W_1801,"Riverside-San Bernardino-Ontario, CA 1",34.193925,-116.914063,government,AQS,SPECIES_USA-LosAngeles-0001_,,,,US,Not in a City,,,,,,,,,,,,,MAIA_ANC_SURFACEMONITOR_PM_2.5_SPECIES_USA-LosAngeles_20250320T000000Z_F01_V2026p06p10.nc,-9999.0,0.0023,0.4653
20250320,PM_2.5,Organic_Carbon,0.55,USA-LosAngeles-0001-34.8219N_118.8876W_1801,"Bakersfield, CA 1",34.821922,-118.887598,government,AQS,SPECIES_USA-LosAngeles-0001_,,,,US,Lebec,,,,,,,,,,,,,MAIA_ANC_SURFACEMONITOR_PM_2.5_SPECIES_USA-LosAngeles_20250320T000000Z_F01_V2026p06p10.nc,-9999.0,0.0027,0.4975
20250320,PM_2.5,Organic_Carbon,1.059,USA-LosAngeles-0001-35.3566N_119.0626W_1805,"Bakersfield, CA 5",35.356615,-119.062613,government,AQS,SPECIES_USA-LosAngeles-0001_,,,,US,Bakersfield,,,,,,,,,,,,,MAIA_ANC_SURFACEMONITOR_PM_2.5_SPECIES_USA-LosAngeles_20250320T000000Z_F01_V2026p06p10.nc,-9999.0,0.0069,1.3239
20250320,PM_2.5,Organic_Carbon,1.375,USA-LosAngeles-0001-35.3566N_119.0626W_1806,"Bakersfield, CA 6",35.356615,-119.062613,government,AQS,SPECIES_USA-LosAngeles-0001_,,,,US,Bakersfield,,,,,,,,,,,,,MAIA_ANC_SURFACEMONITOR_PM_2.5_SPECIES_USA-LosAngeles_20250320T000000Z_F01_V2026p06p10.nc,-9999.0,0.0051,1.4568
20250320,PM_2.5,Organic_Carbon,0.83,USA-LosAngeles-0001-36.4988N_118.8248W_1801,"Visalia-Porterville, CA 1",36.498835,-118.824821,government,AQS,SPECIES_USA-LosAngeles-0001_,,,,US,Sequoia National Park,,,,,,,,,,,,,MAIA_ANC_SURFACEMONITOR_PM_2.5_SPECIES_USA-LosAngeles_20250320T000000Z_F01_V2026p06p10.nc,-9999.0,0.0054,0.8966
20250320,PM_2.5,Organic_Carbon,0.57,USA-LosAngeles-0001-36.7854N_119.7732W_1801,"Fresno, CA 1",36.78538,-119.77321,government,AQS,SPECIES_USA-LosAngeles-0001_,,,,US,Fresno,,,,,,,,,,,,,MAIA_ANC_SURFACEMONITOR_PM_2.5_SPECIES_USA-LosAngeles_20250320T000000Z_F01_V2026p06p10.nc,-9999.0,0.0088,1.6743
20250320,PM_2.5,Organic_Carbon,0.595,USA-LosAngeles-0001-36.7854N_119.7732W_1805,"Fresno, CA 5",36.78538,-119.77321,government,AQS,SPECIES_USA-LosAngeles-0001_,,,,US,Fresno,,,,,,,,,,,,,MAIA_ANC_SURFACEMONITOR_PM_2.5_SPECIES_USA-LosAngeles_20250320T000000Z_F01_V2026p06p10.nc,-9999.0,0.0081,1.6579
20250320,PM_2.5,Organic_Carbon,0.21,USA-LosAngeles-0001-37.3607N_118.3308W_1801,"Bishop, CA 1",37.360684,-118.330783,government,AQS,SPECIES_USA-LosAngeles-0001_,,,,US,Not in a City,,,,,,,,,,,,,MAIA_ANC_SURFACEMONITOR_PM_2.5_SPECIES_USA-LosAngeles_20250320T000000Z_F01_V2026p06p10.nc,-9999.0,0.0016,0.2826
20250320,PM_2.5,Organic_Carbon,0.45,USA-LosAngeles-0001-37.7133N_119.7062W_1801, 1,37.71325,-119.7062,government,AQS,SPECIES_USA-LosAngeles-0001_,,,,US,Not in a City,,,,,,,,,,,,,MAIA_ANC_SURFACEMONITOR_PM_2.5_SPECIES_USA-LosAngeles_20250320T000000Z_F01_V2026p06p10.nc,-9999.0,0.001,0.3683
20250320,PM_2.5,Sulfate,0.277,USA-LosAngeles-0001-33.4636N_116.9715W_1801,"Riverside-San Bernardino-Ontario, CA 1",33.463644,-116.971457,government,AQS,SPECIES_USA-LosAngeles-0001_,,,,US,Not in a City,,,,,,,,,,,,,MAIA_ANC_SURFACEMONITOR_PM_2.5_SPECIES_USA-LosAngeles_20250320T000000Z_F01_V2026p06p10.nc,-9999.0,0.0008,0.3135
20250320,PM_2.5,Sulfate,0.57,USA-LosAngeles-0001-33.8306N_117.9385W_1811,"Los Angeles-Long Beach-Anaheim, CA 11",33.83062,-117.93845,government,AQS,SPECIES_USA-LosAngeles-0001_,,,,US,Anaheim,,,,,,,,,,,,,MAIA_ANC_SURFACEMONITOR_PM_2.5_SPECIES_USA-LosAngeles_20250320T000000Z_F01_V2026p06p10.nc,-9999.0,0.0,
20250320,PM_2.5,Sulfate,0.42,USA-LosAngeles-0001-33.9996N_117.4160W_1805,"Riverside-San Bernardino-Ontario, CA 5",33.99958,-117.41601,government,AQS,SPECIES_USA-LosAngeles-0001_,,,,US,Rubidoux,,,,,,,,,,,,,MAIA_ANC_SURFACEMONITOR_PM_2.5_SPECIES_USA-LosAngeles_20250320T000000Z_F01_V2026p06p10.nc,-9999.0,0.0037,0.6688
20250320,PM_2.5,Sulfate,0.47,USA-LosAngeles-0001-33.9996N_117.4160W_1806,"Riverside-San Bernardino-Ontario, CA 6",33.99958,-117.41601,government,AQS,SPECIES_USA-LosAngeles-0001_,,,,US,Rubidoux,,,,,,,,,,,,,MAIA_ANC_SURFACEMONITOR_PM_2.5_SPECIES_USA-LosAngeles_20250320T000000Z_F01_V2026p06p10.nc,-9999.0,0.0014,0.5199
20250320,PM_2.5,Sulfate,0.43,USA-LosAngeles-0001-33.9996N_117.4160W_1811,"Riverside-San Bernardino-Ontario, CA 11",33.99958,-117.41601,government,AQS,SPECIES_USA-LosAngeles-0001_,,,,US,Rubidoux,,,,,,,,,,,,,MAIA_ANC_SURFACEMONITOR_PM_2.5_SPECIES_USA-LosAngeles_20250320T000000Z_F01_V2026p06p10.nc,-9999.0,0.0,
20250320,PM_2.5,Sulfate,2.02,USA-LosAngeles-0001-34.0666N_118.2269W_1805,"Los Angeles-Long Beach-Anaheim, CA 5",34.06659,-118.22688,government,AQS,SPECIES_USA-LosAngeles-0001_,,,,US,Los Angeles,,,,,,,,,,,,,MAIA_ANC_SURFACEMONITOR_PM_2.5_SPECIES_USA-LosAngeles_20250320T000000Z_F01_V2026p06p10.nc,-9999.0,0.0049,1.0656
20250320,PM_2.5,Sulfate,0.88,USA-LosAngeles-0001-34.0666N_118.2269W_1811,"Los Angeles-Long Beach-Anaheim, CA 11",34.06659,-118.22688,government,AQS,SPECIES_USA-LosAngeles-0001_,,,,US,Los Angeles,,,,,,,,,,,,,MAIA_ANC_SURFACEMONITOR_PM_2.5_SPECIES_USA-LosAngeles_20250320T000000Z_F01_V2026p06p10.nc,-9999.0,0.0,
20250320,PM_2.5,Sulfate,0.48,USA-LosAngeles-0001-34.0666N_118.2269W_1812,"Los Angeles-Long Beach-Anaheim, CA 12",34.06659,-118.22688,government,AQS,SPECIES_USA-LosAngeles-0001_,,,,US,Los Angeles,,,,,,,,,,,,,MAIA_ANC_SURFACEMONITOR_PM_2.5_SPECIES_USA-LosAngeles_20250320T000000Z_F01_V2026p06p10.nc,-9999.0,0.0,
20250320,PM_2.5,Sulfate,0.43,USA-LosAngeles-0001-34.1000N_117.4920W_1811,"Riverside-San Bernardino-Ontario, CA 11",34.10002,-117.49201,government,AQS,SPECIES_USA-LosAngeles-0001_,,,,US,Fontana,,,,,,,,,,,,,MAIA_ANC_SURFACEMONITOR_PM_2.5_SPECIES_USA-LosAngeles_20250320T000000Z_F01_V2026p06p10.nc,-9999.0,0.0,
20250320,PM_2.5,Sulfate,0.217,USA-LosAngeles-0001-34.1939N_116.9141W_1801,"Riverside-San Bernardino-Ontario, CA 1",34.193925,-116.914063,government,AQS,SPECIES_USA-LosAngeles-0001_,,,,US,Not in a City,,,,,,,,,,,,,MAIA_ANC_SURFACEMONITOR_PM_2.5_SPECIES_USA-LosAngeles_20250320T000000Z_F01_V2026p06p10.nc,-9999.0,0.0017,0.3563
20250320,PM_2.5,Sulfate,0.607,USA-LosAngeles-0001-34.8219N_118.8876W_1801,"Bakersfield, CA 1",34.821922,-118.887598,government,AQS,SPECIES_USA-LosAngeles-0001_,,,,US,Lebec,,,,,,,,,,,,,MAIA_ANC_SURFACEMONITOR_PM_2.5_SPECIES_USA-LosAngeles_20250320T000000Z_F01_V2026p06p10.nc,-9999.0,0.0021,0.3794
20250320,PM_2.5,Sulfate,0.63,USA-LosAngeles-0001-35.3566N_119.0626W_1805,"Bakersfield, CA 5",35.356615,-119.062613,government,AQS,SPECIES_USA-LosAngeles-0001_,,,,US,Bakersfield,,,,,,,,,,,,,MAIA_ANC_SURFACEMONITOR_PM_2.5_SPECIES_USA-LosAngeles_20250320T000000Z_F01_V2026p06p10.nc,-9999.0,0.0026,0.551
20250320,PM_2.5,Sulfate,0.64,USA-LosAngeles-0001-35.3566N_119.0626W_1806,"Bakersfield, CA 6",35.356615,-119.062613,government,AQS,SPECIES_USA-LosAngeles-0001_,,,,US,Bakersfield,,,,,,,,,,,,,MAIA_ANC_SURFACEMONITOR_PM_2.5_SPECIES_USA-LosAngeles_20250320T000000Z_F01_V2026p06p10.nc,-9999.0,0.0018,0.5603
20250320,PM_2.5,Sulfate,0.43,USA-LosAngeles-0001-36.3081N_119.3129W_1805,N/A,36.30815,-119.3129,government,AQS,SPECIES_USA-LosAngeles-0001_,,,,US,N/A,,,,,,,,,,,,,MAIA_ANC_SURFACEMONITOR_PM_2.5_SPECIES_USA-LosAngeles_20250320T000000Z_F01_V2026p06p10.nc,-9999.0,0.0017,0.5325
20250320,PM_2.5,Sulfate,0.486,USA-LosAngeles-0001-36.4988N_118.8248W_1801,"Visalia-Porterville, CA 1",36.498835,-118.824821,government,AQS,SPECIES_USA-LosAngeles-0001_,,,,US,Sequoia National Park,,,,,,,,,,,,,MAIA_ANC_SURFACEMONITOR_PM_2.5_SPECIES_USA-LosAngeles_20250320T000000Z_F01_V2026p06p10.nc,-9999.0,0.0025,0.4548
20250320,PM_2.5,Sulfate,0.21,USA-LosAngeles-0001-36.7854N_119.7732W_1801,"Fresno, CA 1",36.78538,-119.77321,government,AQS,SPECIES_USA-LosAngeles-0001_,,,,US,Fresno,,,,,,,,,,,,,MAIA_ANC_SURFACEMONITOR_PM_2.5_SPECIES_USA-LosAngeles_20250320T000000Z_F01_V2026p06p10.nc,-9999.0,0.0022,0.4073
20250320,PM_2.5,Sulfate,0.25,USA-LosAngeles-0001-36.7854N_119.7732W_1805,"Fresno, CA 5",36.78538,-119.77321,government,AQS,SPECIES_USA-LosAngeles-0001_,,,,US,Fresno,,,,,,,,,,,,,MAIA_ANC_SURFACEMONITOR_PM_2.5_SPECIES_USA-LosAngeles_20250320T000000Z_F01_V2026p06p10.nc,-9999.0,0.0025,0.4262
20250320,PM_2.5,Sulfate,0.224,USA-LosAngeles-0001-37.3607N_118.3308W_1801,"Bishop, CA 1",37.360684,-118.330783,government,AQS,SPECIES_USA-LosAngeles-0001_,,,,US,Not in a City,,,,,,,,,,,,,MAIA_ANC_SURFACEMONITOR_PM_2.5_SPECIES_USA-LosAngeles_20250320T000000Z_F01_V2026p06p10.nc,-9999.0,0.0017,0.302
20250320,PM_2.5,Sulfate,0.191,USA-LosAngeles-0001-37.7133N_119.7062W_1801, 1,37.71325,-119.7062,government,AQS,SPECIES_USA-LosAngeles-0001_,,,,US,Not in a City,,,,,,,,,,,,,MAIA_ANC_SURFACEMONITOR_PM_2.5_SPECIES_USA-LosAngeles_20250320T000000Z_F01_V2026p06p10.nc,-9999.0,0.0006,0.232
20250321,PM_2.5,Black_Carbon,0.0,USA-LosAngeles-0001-34.1994N_118.1732W_0800,AethLabs JPL,34.19941255,-118.1732079,research,aethalometer,SPECIES_USA-LosAngeles-0001_,,,,US,Pasadena,0.0028,900.0,0.0,0.0,0.0,720.0,0.0,0.0,898.0,900.0,0.0,2.0,MAIA_ANC_SURFACEMONITOR_PM_2.5_SPECIES_USA-LosAngeles_20250321T000000Z_F01_V2026p06p10.nc,,,
20250322,PM_2.5,Black_Carbon,0.0,USA-LosAngeles-0001-34.1994N_118.1732W_0800,AethLabs JPL,34.19941255,-118.1732079,research,aethalometer,SPECIES_USA-LosAngeles-0001_,,,,US,Pasadena,0.0028,900.0,0.0,0.0,0.0,720.0,0.0,0.0,898.0,900.0,0.0,2.0,MAIA_ANC_SURFACEMONITOR_PM_2.5_SPECIES_USA-LosAngeles_20250322T000000Z_F01_V2026p06p10.nc,,,
20250323,PM_2.5,Black_Carbon,0.0,USA-LosAngeles-0001-34.1994N_118.1732W_0800,AethLabs JPL,34.19941255,-118.1732079,research,aethalometer,SPECIES_USA-LosAngeles-0001_,,,,US,Pasadena,0.0028,900.0,0.0,0.0,0.0,720.0,0.0,0.0,898.0,900.0,0.0,2.0,MAIA_ANC_SURFACEMONITOR_PM_2.5_SPECIES_USA-LosAngeles_20250323T000000Z_F01_V2026p06p10.nc,,,
20250323,PM_2.5,Dust,0.5139,USA-LosAngeles-0001-33.4636N_116.9715W_1801,"Riverside-San Bernardino-Ontario, CA 1",33.463644,-116.971457,government,AQS,SPECIES_USA-LosAngeles-0001_,,,,US,Not in a City,,,,,,,,,,,,,MAIA_ANC_SURFACEMONITOR_PM_2.5_SPECIES_USA-LosAngeles_20250323T000000Z_F01_V2026p06p10.nc,1.0,0.26837,0.17711607617604905
20250323,PM_2.5,Dust,0.7073,USA-LosAngeles-0001-33.9996N_117.4160W_1805,"Riverside-San Bernardino-Ontario, CA 5",33.99958,-117.41601,government,AQS,SPECIES_USA-LosAngeles-0001_,,,,US,Rubidoux,,,,,,,,,,,,,MAIA_ANC_SURFACEMONITOR_PM_2.5_SPECIES_USA-LosAngeles_20250323T000000Z_F01_V2026p06p10.nc,1.0,0.5915562499999999,0.46781773475194105
20250323,PM_2.5,Dust,0.5033,USA-LosAngeles-0001-34.0666N_118.2269W_1805,"Los Angeles-Long Beach-Anaheim, CA 5",34.06659,-118.22688,government,AQS,SPECIES_USA-LosAngeles-0001_,,,,US,Los Angeles,,,,,,,,,,,,,MAIA_ANC_SURFACEMONITOR_PM_2.5_SPECIES_USA-LosAngeles_20250323T000000Z_F01_V2026p06p10.nc,1.0,0.6086975000000001,0.16954684173923737
20250323,PM_2.5,Dust,0.2956,USA-LosAngeles-0001-34.1939N_116.9141W_1801,"Riverside-San Bernardino-Ontario, CA 1",34.193925,-116.914063,government,AQS,SPECIES_USA-LosAngeles-0001_,,,,US,Not in a City,,,,,,,,,,,,,MAIA_ANC_SURFACEMONITOR_PM_2.5_SPECIES_USA-LosAngeles_20250323T000000Z_F01_V2026p06p10.nc,1.0,0.4093644444444444,0.23511156137322986
20250323,PM_2.5,Dust,0.2047,USA-LosAngeles-0001-34.8219N_118.8876W_1801,"Bakersfield, CA 1",34.821922,-118.887598,government,AQS,SPECIES_USA-LosAngeles-0001_,,,,US,Lebec,,,,,,,,,,,,,MAIA_ANC_SURFACEMONITOR_PM_2.5_SPECIES_USA-LosAngeles_20250323T000000Z_F01_V2026p06p10.nc,1.0,0.25581300000000007,0.17291968101115618
20250323,PM_2.5,Dust,0.417,USA-LosAngeles-0001-35.3566N_119.0626W_1805,"Bakersfield, CA 5",35.356615,-119.062613,government,AQS,SPECIES_USA-LosAngeles-0001_,,,,US,Bakersfield,,,,,,,,,,,,,MAIA_ANC_SURFACEMONITOR_PM_2.5_SPECIES_USA-LosAngeles_20250323T000000Z_F01_V2026p06p10.nc,1.0,0.9938344444444446,1.158178369846479
20250323,PM_2.5,Dust,0.2352,USA-LosAngeles-0001-36.4988N_118.8248W_1801,"Visalia-Porterville, CA 1",36.498835,-118.824821,government,AQS,SPECIES_USA-LosAngeles-0001_,,,,US,Sequoia National Park,,,,,,,,,,,,,MAIA_ANC_SURFACEMONITOR_PM_2.5_SPECIES_USA-LosAngeles_20250323T000000Z_F01_V2026p06p10.nc,1.0,0.23684272727272726,0.17193270650254203
20250323,PM_2.5,Dust,0.4529,USA-LosAngeles-0001-36.7854N_119.7732W_1801,"Fresno, CA 1",36.78538,-119.77321,government,AQS,SPECIES_USA-LosAngeles-0001_,,,,US,Fresno,,,,,,,,,,,,,MAIA_ANC_SURFACEMONITOR_PM_2.5_SPECIES_USA-LosAngeles_20250323T000000Z_F01_V2026p06p10.nc,1.0,0.45894,0.3561421747560937
20250323,PM_2.5,Dust,0.3295,USA-LosAngeles-0001-36.7854N_119.7732W_1805,"Fresno, CA 5",36.78538,-119.77321,government,AQS,SPECIES_USA-LosAngeles-0001_,,,,US,Fresno,,,,,,,,,,,,,MAIA_ANC_SURFACEMONITOR_PM_2.5_SPECIES_USA-LosAngeles_20250323T000000Z_F01_V2026p06p10.nc,1.0,0.28003272727272727,0.24095082029670054
20250323,PM_2.5,Dust,1.0627,USA-LosAngeles-0001-37.3607N_118.3308W_1801,"Bishop, CA 1",37.360684,-118.330783,government,AQS,SPECIES_USA-LosAngeles-0001_,,,,US,Not in a City,,,,,,,,,,,,,MAIA_ANC_SURFACEMONITOR_PM_2.5_SPECIES_USA-LosAngeles_20250323T000000Z_F01_V2026p06p10.nc,1.0,0.5847877777777778,0.3990076377374744
20250323,PM_2.5,Dust,0.0757,USA-LosAngeles-0001-37.7133N_119.7062W_1801, 1,37.71325,-119.7062,government,AQS,SPECIES_USA-LosAngeles-0001_,,,,US,Not in a City,,,,,,,,,,,,,MAIA_ANC_SURFACEMONITOR_PM_2.5_SPECIES_USA-LosAngeles_20250323T000000Z_F01_V2026p06p10.nc,1.0,0.18311666666666668,0.17832051692263445
20250323,PM_2.5,Dust,0.0776,USA-LosAngeles-0001-37.7133N_119.7062W_1802, 2,37.71325,-119.7062,government,AQS,SPECIES_USA-LosAngeles-0001_,,,,US,Not in a City,,,,,,,,,,,,,MAIA_ANC_SURFACEMONITOR_PM_2.5_SPECIES_USA-LosAngeles_20250323T000000Z_F01_V2026p06p10.nc,1.0,0.196715,0.16870589090188878
20250323,PM_2.5,Elemental_Carbon,0.33,USA-LosAngeles-0001-33.4636N_116.9715W_1801,"Riverside-San Bernardino-Ontario, CA 1",33.463644,-116.971457,government,AQS,SPECIES_USA-LosAngeles-0001_,,,,US,Not in a City,,,,,,,,,,,,,MAIA_ANC_SURFACEMONITOR_PM_2.5_SPECIES_USA-LosAngeles_20250323T000000Z_F01_V2026p06p10.nc,-9999.0,0.0004,0.181
20250323,PM_2.5,Elemental_Carbon,0.856,USA-LosAngeles-0001-33.9996N_117.4160W_1805,"Riverside-San Bernardino-Ontario, CA 5",33.99958,-117.41601,government,AQS,SPECIES_USA-LosAngeles-0001_,,,,US,Rubidoux,,,,,,,,,,,,,MAIA_ANC_SURFACEMONITOR_PM_2.5_SPECIES_USA-LosAngeles_20250323T000000Z_F01_V2026p06p10.nc,-9999.0,0.0032,0.6185
20250323,PM_2.5,Elemental_Carbon,0.823,USA-LosAngeles-0001-34.0666N_118.2269W_1805,"Los Angeles-Long Beach-Anaheim, CA 5",34.06659,-118.22688,government,AQS,SPECIES_USA-LosAngeles-0001_,,,,US,Los Angeles,,,,,,,,,,,,,MAIA_ANC_SURFACEMONITOR_PM_2.5_SPECIES_USA-LosAngeles_20250323T000000Z_F01_V2026p06p10.nc,-9999.0,0.0034,0.5416
20250323,PM_2.5,Elemental_Carbon,0.08,USA-LosAngeles-0001-34.1939N_116.9141W_1801,"Riverside-San Bernardino-Ontario, CA 1",34.193925,-116.914063,government,AQS,SPECIES_USA-LosAngeles-0001_,,,,US,Not in a City,,,,,,,,,,,,,MAIA_ANC_SURFACEMONITOR_PM_2.5_SPECIES_USA-LosAngeles_20250323T000000Z_F01_V2026p06p10.nc,-9999.0,0.0005,0.096
20250323,PM_2.5,Elemental_Carbon,0.13,USA-LosAngeles-0001-34.8219N_118.8876W_1801,"Bakersfield, CA 1",34.821922,-118.887598,government,AQS,SPECIES_USA-LosAngeles-0001_,,,,US,Lebec,,,,,,,,,,,,,MAIA_ANC_SURFACEMONITOR_PM_2.5_SPECIES_USA-LosAngeles_20250323T000000Z_F01_V2026p06p10.nc,-9999.0,0.0004,0.0814
20250323,PM_2.5,Elemental_Carbon,0.579,USA-LosAngeles-0001-35.3566N_119.0626W_1805,"Bakersfield, CA 5",35.356615,-119.062613,government,AQS,SPECIES_USA-LosAngeles-0001_,,,,US,Bakersfield,,,,,,,,,,,,,MAIA_ANC_SURFACEMONITOR_PM_2.5_SPECIES_USA-LosAngeles_20250323T000000Z_F01_V2026p06p10.nc,-9999.0,0.0015,0.2925
20250323,PM_2.5,Elemental_Carbon,0.28,USA-LosAngeles-0001-36.4988N_118.8248W_1801,"Visalia-Porterville, CA 1",36.498835,-118.824821,government,AQS,SPECIES_USA-LosAngeles-0001_,,,,US,Sequoia National Park,,,,,,,,,,,,,MAIA_ANC_SURFACEMONITOR_PM_2.5_SPECIES_USA-LosAngeles_20250323T000000Z_F01_V2026p06p10.nc,-9999.0,0.0007,0.1219
20250323,PM_2.5,Elemental_Carbon,0.46,USA-LosAngeles-0001-36.7854N_119.7732W_1801,"Fresno, CA 1",36.78538,-119.77321,government,AQS,SPECIES_USA-LosAngeles-0001_,,,,US,Fresno,,,,,,,,,,,,,MAIA_ANC_SURFACEMONITOR_PM_2.5_SPECIES_USA-LosAngeles_20250323T000000Z_F01_V2026p06p10.nc,-9999.0,0.0017,0.3156
20250323,PM_2.5,Elemental_Carbon,0.45,USA-LosAngeles-0001-36.7854N_119.7732W_1805,"Fresno, CA 5",36.78538,-119.77321,government,AQS,SPECIES_USA-LosAngeles-0001_,,,,US,Fresno,,,,,,,,,,,,,MAIA_ANC_SURFACEMONITOR_PM_2.5_SPECIES_USA-LosAngeles_20250323T000000Z_F01_V2026p06p10.nc,-9999.0,0.002,0.4223
20250323,PM_2.5,Elemental_Carbon,0.04,USA-LosAngeles-0001-37.3607N_118.3308W_1801,"Bishop, CA 1",37.360684,-118.330783,government,AQS,SPECIES_USA-LosAngeles-0001_,,,,US,Not in a City,,,,,,,,,,,,,MAIA_ANC_SURFACEMONITOR_PM_2.5_SPECIES_USA-LosAngeles_20250323T000000Z_F01_V2026p06p10.nc,-9999.0,0.0003,0.0561
20250323,PM_2.5,Elemental_Carbon,0.08,USA-LosAngeles-0001-37.7133N_119.7062W_1801, 1,37.71325,-119.7062,government,AQS,SPECIES_USA-LosAngeles-0001_,,,,US,Not in a City,,,,,,,,,,,,,MAIA_ANC_SURFACEMONITOR_PM_2.5_SPECIES_USA-LosAngeles_20250323T000000Z_F01_V2026p06p10.nc,-9999.0,0.0002,0.0712
20250323,PM_2.5,Nitrate,0.983,USA-LosAngeles-0001-33.4636N_116.9715W_1801,"Riverside-San Bernardino-Ontario, CA 1",33.463644,-116.971457,government,AQS,SPECIES_USA-LosAngeles-0001_,,,,US,Not in a City,,,,,,,,,,,,,MAIA_ANC_SURFACEMONITOR_PM_2.5_SPECIES_USA-LosAngeles_20250323T000000Z_F01_V2026p06p10.nc,-9999.0,0.0007,0.2897
20250323,PM_2.5,Nitrate,4.52,USA-LosAngeles-0001-33.9996N_117.4160W_1805,"Riverside-San Bernardino-Ontario, CA 5",33.99958,-117.41601,government,AQS,SPECIES_USA-LosAngeles-0001_,,,,US,Rubidoux,,,,,,,,,,,,,MAIA_ANC_SURFACEMONITOR_PM_2.5_SPECIES_USA-LosAngeles_20250323T000000Z_F01_V2026p06p10.nc,-9999.0,0.0125,2.2091
20250323,PM_2.5,Nitrate,2.43,USA-LosAngeles-0001-34.0666N_118.2269W_1805,"Los Angeles-Long Beach-Anaheim, CA 5",34.06659,-118.22688,government,AQS,SPECIES_USA-LosAngeles-0001_,,,,US,Los Angeles,,,,,,,,,,,,,MAIA_ANC_SURFACEMONITOR_PM_2.5_SPECIES_USA-LosAngeles_20250323T000000Z_F01_V2026p06p10.nc,-9999.0,0.0138,3.0363
20250323,PM_2.5,Nitrate,0.281,USA-LosAngeles-0001-34.1939N_116.9141W_1801,"Riverside-San Bernardino-Ontario, CA 1",34.193925,-116.914063,government,AQS,SPECIES_USA-LosAngeles-0001_,,,,US,Not in a City,,,,,,,,,,,,,MAIA_ANC_SURFACEMONITOR_PM_2.5_SPECIES_USA-LosAngeles_20250323T000000Z_F01_V2026p06p10.nc,-9999.0,0.0041,0.9537
20250323,PM_2.5,Nitrate,0.369,USA-LosAngeles-0001-34.8219N_118.8876W_1801,"Bakersfield, CA 1",34.821922,-118.887598,government,AQS,SPECIES_USA-LosAngeles-0001_,,,,US,Lebec,,,,,,,,,,,,,MAIA_ANC_SURFACEMONITOR_PM_2.5_SPECIES_USA-LosAngeles_20250323T000000Z_F01_V2026p06p10.nc,-9999.0,0.0014,0.2604
20250323,PM_2.5,Nitrate,3.24,USA-LosAngeles-0001-35.3566N_119.0626W_1805,"Bakersfield, CA 5",35.356615,-119.062613,government,AQS,SPECIES_USA-LosAngeles-0001_,,,,US,Bakersfield,,,,,,,,,,,,,MAIA_ANC_SURFACEMONITOR_PM_2.5_SPECIES_USA-LosAngeles_20250323T000000Z_F01_V2026p06p10.nc,-9999.0,0.0062,1.3003
20250323,PM_2.5,Nitrate,0.683,USA-LosAngeles-0001-36.4988N_118.8248W_1801,"Visalia-Porterville, CA 1",36.498835,-118.824821,government,AQS,SPECIES_USA-LosAngeles-0001_,,,,US,Sequoia National Park,,,,,,,,,,,,,MAIA_ANC_SURFACEMONITOR_PM_2.5_SPECIES_USA-LosAngeles_20250323T000000Z_F01_V2026p06p10.nc,-9999.0,0.002,0.3739
20250323,PM_2.5,Nitrate,1.17,USA-LosAngeles-0001-36.7854N_119.7732W_1801,"Fresno, CA 1",36.78538,-119.77321,government,AQS,SPECIES_USA-LosAngeles-0001_,,,,US,Fresno,,,,,,,,,,,,,MAIA_ANC_SURFACEMONITOR_PM_2.5_SPECIES_USA-LosAngeles_20250323T000000Z_F01_V2026p06p10.nc,-9999.0,0.0049,0.9618
20250323,PM_2.5,Nitrate,1.2,USA-LosAngeles-0001-36.7854N_119.7732W_1805,"Fresno, CA 5",36.78538,-119.77321,government,AQS,SPECIES_USA-LosAngeles-0001_,,,,US,Fresno,,,,,,,,,,,,,MAIA_ANC_SURFACEMONITOR_PM_2.5_SPECIES_USA-LosAngeles_20250323T000000Z_F01_V2026p06p10.nc,-9999.0,0.0057,1.0247
20250323,PM_2.5,Nitrate,0.032,USA-LosAngeles-0001-37.3607N_118.3308W_1801,"Bishop, CA 1",37.360684,-118.330783,government,AQS,SPECIES_USA-LosAngeles-0001_,,,,US,Not in a City,,,,,,,,,,,,,MAIA_ANC_SURFACEMONITOR_PM_2.5_SPECIES_USA-LosAngeles_20250323T000000Z_F01_V2026p06p10.nc,-9999.0,0.0004,0.0728
20250323,PM_2.5,Nitrate,0.067,USA-LosAngeles-0001-37.7133N_119.7062W_1801, 1,37.71325,-119.7062,government,AQS,SPECIES_USA-LosAngeles-0001_,,,,US,Not in a City,,,,,,,,,,,,,MAIA_ANC_SURFACEMONITOR_PM_2.5_SPECIES_USA-LosAngeles_20250323T000000Z_F01_V2026p06p10.nc,-9999.0,0.0004,0.1745
20250323,PM_2.5,Organic_Carbon,1.32,USA-LosAngeles-0001-33.4636N_116.9715W_1801,"Riverside-San Bernardino-Ontario, CA 1",33.463644,-116.971457,government,AQS,SPECIES_USA-LosAngeles-0001_,,,,US,Not in a City,,,,,,,,,,,,,MAIA_ANC_SURFACEMONITOR_PM_2.5_SPECIES_USA-LosAngeles_20250323T000000Z_F01_V2026p06p10.nc,-9999.0,0.0021,0.7914
20250323,PM_2.5,Organic_Carbon,3.543,USA-LosAngeles-0001-33.9996N_117.4160W_1805,"Riverside-San Bernardino-Ontario, CA 5",33.99958,-117.41601,government,AQS,SPECIES_USA-LosAngeles-0001_,,,,US,Rubidoux,,,,,,,,,,,,,MAIA_ANC_SURFACEMONITOR_PM_2.5_SPECIES_USA-LosAngeles_20250323T000000Z_F01_V2026p06p10.nc,-9999.0,0.0103,1.8322
20250323,PM_2.5,Organic_Carbon,1.933,USA-LosAngeles-0001-34.0666N_118.2269W_1805,"Los Angeles-Long Beach-Anaheim, CA 5",34.06659,-118.22688,government,AQS,SPECIES_USA-LosAngeles-0001_,,,,US,Los Angeles,,,,,,,,,,,,,MAIA_ANC_SURFACEMONITOR_PM_2.5_SPECIES_USA-LosAngeles_20250323T000000Z_F01_V2026p06p10.nc,-9999.0,0.0115,1.8456
20250323,PM_2.5,Organic_Carbon,0.47,USA-LosAngeles-0001-34.1939N_116.9141W_1801,"Riverside-San Bernardino-Ontario, CA 1",34.193925,-116.914063,government,AQS,SPECIES_USA-LosAngeles-0001_,,,,US,Not in a City,,,,,,,,,,,,,MAIA_ANC_SURFACEMONITOR_PM_2.5_SPECIES_USA-LosAngeles_20250323T000000Z_F01_V2026p06p10.nc,-9999.0,0.0023,0.4653
20250323,PM_2.5,Organic_Carbon,0.71,USA-LosAngeles-0001-34.8219N_118.8876W_1801,"Bakersfield, CA 1",34.821922,-118.887598,government,AQS,SPECIES_USA-LosAngeles-0001_,,,,US,Lebec,,,,,,,,,,,,,MAIA_ANC_SURFACEMONITOR_PM_2.5_SPECIES_USA-LosAngeles_20250323T000000Z_F01_V2026p06p10.nc,-9999.0,0.0027,0.4975
20250323,PM_2.5,Organic_Carbon,2.16,USA-LosAngeles-0001-35.3566N_119.0626W_1805,"Bakersfield, CA 5",35.356615,-119.062613,government,AQS,SPECIES_USA-LosAngeles-0001_,,,,US,Bakersfield,,,,,,,,,,,,,MAIA_ANC_SURFACEMONITOR_PM_2.5_SPECIES_USA-LosAngeles_20250323T000000Z_F01_V2026p06p10.nc,-9999.0,0.0069,1.3239
20250323,PM_2.5,Organic_Carbon,1.4,USA-LosAngeles-0001-36.4988N_118.8248W_1801,"Visalia-Porterville, CA 1",36.498835,-118.824821,government,AQS,SPECIES_USA-LosAngeles-0001_,,,,US,Sequoia National Park,,,,,,,,,,,,,MAIA_ANC_SURFACEMONITOR_PM_2.5_SPECIES_USA-LosAngeles_20250323T000000Z_F01_V2026p06p10.nc,-9999.0,0.0054,0.8966
20250323,PM_2.5,Organic_Carbon,1.74,USA-LosAngeles-0001-36.7854N_119.7732W_1801,"Fresno, CA 1",36.78538,-119.77321,government,AQS,SPECIES_USA-LosAngeles-0001_,,,,US,Fresno,,,,,,,,,,,,,MAIA_ANC_SURFACEMONITOR_PM_2.5_SPECIES_USA-LosAngeles_20250323T000000Z_F01_V2026p06p10.nc,-9999.0,0.0088,1.6743
20250323,PM_2.5,Organic_Carbon,1.709,USA-LosAngeles-0001-36.7854N_119.7732W_1805,"Fresno, CA 5",36.78538,-119.77321,government,AQS,SPECIES_USA-LosAngeles-0001_,,,,US,Fresno,,,,,,,,,,,,,MAIA_ANC_SURFACEMONITOR_PM_2.5_SPECIES_USA-LosAngeles_20250323T000000Z_F01_V2026p06p10.nc,-9999.0,0.0081,1.6579
20250323,PM_2.5,Organic_Carbon,0.3,USA-LosAngeles-0001-37.3607N_118.3308W_1801,"Bishop, CA 1",37.360684,-118.330783,government,AQS,SPECIES_USA-LosAngeles-0001_,,,,US,Not in a City,,,,,,,,,,,,,MAIA_ANC_SURFACEMONITOR_PM_2.5_SPECIES_USA-LosAngeles_20250323T000000Z_F01_V2026p06p10.nc,-9999.0,0.0016,0.2826
20250323,PM_2.5,Organic_Carbon,0.71,USA-LosAngeles-0001-37.7133N_119.7062W_1801, 1,37.71325,-119.7062,government,AQS,SPECIES_USA-LosAngeles-0001_,,,,US,Not in a City,,,,,,,,,,,,,MAIA_ANC_SURFACEMONITOR_PM_2.5_SPECIES_USA-LosAngeles_20250323T000000Z_F01_V2026p06p10.nc,-9999.0,0.001,0.3683
20250323,PM_2.5,Sulfate,0.829,USA-LosAngeles-0001-33.4636N_116.9715W_1801,"Riverside-San Bernardino-Ontario, CA 1",33.463644,-116.971457,government,AQS,SPECIES_USA-LosAngeles-0001_,,,,US,Not in a City,,,,,,,,,,,,,MAIA_ANC_SURFACEMONITOR_PM_2.5_SPECIES_USA-LosAngeles_20250323T000000Z_F01_V2026p06p10.nc,-9999.0,0.0008,0.3135
20250323,PM_2.5,Sulfate,1.35,USA-LosAngeles-0001-33.9996N_117.4160W_1805,"Riverside-San Bernardino-Ontario, CA 5",33.99958,-117.41601,government,AQS,SPECIES_USA-LosAngeles-0001_,,,,US,Rubidoux,,,,,,,,,,,,,MAIA_ANC_SURFACEMONITOR_PM_2.5_SPECIES_USA-LosAngeles_20250323T000000Z_F01_V2026p06p10.nc,-9999.0,0.0037,0.6688
20250323,PM_2.5,Sulfate,0.45,USA-LosAngeles-0001-34.0666N_118.2269W_1805,"Los Angeles-Long Beach-Anaheim, CA 5",34.06659,-118.22688,government,AQS,SPECIES_USA-LosAngeles-0001_,,,,US,Los Angeles,,,,,,,,,,,,,MAIA_ANC_SURFACEMONITOR_PM_2.5_SPECIES_USA-LosAngeles_20250323T000000Z_F01_V2026p06p10.nc,-9999.0,0.0049,1.0656
20250323,PM_2.5,Sulfate,0.275,USA-LosAngeles-0001-34.1939N_116.9141W_1801,"Riverside-San Bernardino-Ontario, CA 1",34.193925,-116.914063,government,AQS,SPECIES_USA-LosAngeles-0001_,,,,US,Not in a City,,,,,,,,,,,,,MAIA_ANC_SURFACEMONITOR_PM_2.5_SPECIES_USA-LosAngeles_20250323T000000Z_F01_V2026p06p10.nc,-9999.0,0.0017,0.3563
20250323,PM_2.5,Sulfate,0.441,USA-LosAngeles-0001-34.8219N_118.8876W_1801,"Bakersfield, CA 1",34.821922,-118.887598,government,AQS,SPECIES_USA-LosAngeles-0001_,,,,US,Lebec,,,,,,,,,,,,,MAIA_ANC_SURFACEMONITOR_PM_2.5_SPECIES_USA-LosAngeles_20250323T000000Z_F01_V2026p06p10.nc,-9999.0,0.0021,0.3794
20250323,PM_2.5,Sulfate,1.19,USA-LosAngeles-0001-35.3566N_119.0626W_1805,"Bakersfield, CA 5",35.356615,-119.062613,government,AQS,SPECIES_USA-LosAngeles-0001_,,,,US,Bakersfield,,,,,,,,,,,,,MAIA_ANC_SURFACEMONITOR_PM_2.5_SPECIES_USA-LosAngeles_20250323T000000Z_F01_V2026p06p10.nc,-9999.0,0.0026,0.551
20250323,PM_2.5,Sulfate,0.877,USA-LosAngeles-0001-36.4988N_118.8248W_1801,"Visalia-Porterville, CA 1",36.498835,-118.824821,government,AQS,SPECIES_USA-LosAngeles-0001_,,,,US,Sequoia National Park,,,,,,,,,,,,,MAIA_ANC_SURFACEMONITOR_PM_2.5_SPECIES_USA-LosAngeles_20250323T000000Z_F01_V2026p06p10.nc,-9999.0,0.0025,0.4548
20250323,PM_2.5,Sulfate,0.47,USA-LosAngeles-0001-36.7854N_119.7732W_1801,"Fresno, CA 1",36.78538,-119.77321,government,AQS,SPECIES_USA-LosAngeles-0001_,,,,US,Fresno,,,,,,,,,,,,,MAIA_ANC_SURFACEMONITOR_PM_2.5_SPECIES_USA-LosAngeles_20250323T000000Z_F01_V2026p06p10.nc,-9999.0,0.0022,0.4073
20250323,PM_2.5,Sulfate,0.5,USA-LosAngeles-0001-36.7854N_119.7732W_1805,"Fresno, CA 5",36.78538,-119.77321,government,AQS,SPECIES_USA-LosAngeles-0001_,,,,US,Fresno,,,,,,,,,,,,,MAIA_ANC_SURFACEMONITOR_PM_2.5_SPECIES_USA-LosAngeles_20250323T000000Z_F01_V2026p06p10.nc,-9999.0,0.0025,0.4262
20250323,PM_2.5,Sulfate,0.142,USA-LosAngeles-0001-37.3607N_118.3308W_1801,"Bishop, CA 1",37.360684,-118.330783,government,AQS,SPECIES_USA-LosAngeles-0001_,,,,US,Not in a City,,,,,,,,,,,,,MAIA_ANC_SURFACEMONITOR_PM_2.5_SPECIES_USA-LosAngeles_20250323T000000Z_F01_V2026p06p10.nc,-9999.0,0.0017,0.302
20250323,PM_2.5,Sulfate,0.13,USA-LosAngeles-0001-37.7133N_119.7062W_1801, 1,37.71325,-119.7062,government,AQS,SPECIES_USA-LosAngeles-0001_,,,,US,Not in a City,,,,,,,,,,,,,MAIA_ANC_SURFACEMONITOR_PM_2.5_SPECIES_USA-LosAngeles_20250323T000000Z_F01_V2026p06p10.nc,-9999.0,0.0006,0.232
20250324,PM_2.5,Black_Carbon,0.0,USA-LosAngeles-0001-34.1994N_118.1732W_0800,AethLabs JPL,34.19941255,-118.1732079,research,aethalometer,SPECIES_USA-LosAngeles-0001_,,,,US,Pasadena,0.0028,900.0,0.0,0.0,0.0,720.0,0.0,0.0,898.0,900.0,0.0,2.0,MAIA_ANC_SURFACEMONITOR_PM_2.5_SPECIES_USA-LosAngeles_20250324T000000Z_F01_V2026p06p10.nc,,,
20250325,PM_2.5,Black_Carbon,0.0,USA-LosAngeles-0001-34.1994N_118.1732W_0800,AethLabs JPL,34.19941255,-118.1732079,research,aethalometer,SPECIES_USA-LosAngeles-0001_,,,,US,Pasadena,0.0028,900.0,0.0,0.0,0.0,720.0,0.0,0.0,898.0,900.0,0.0,2.0,MAIA_ANC_SURFACEMONITOR_PM_2.5_SPECIES_USA-LosAngeles_20250325T000000Z_F01_V2026p06p10.nc,,,
20250326,PM_2.5,Black_Carbon,0.0,USA-LosAngeles-0001-34.1994N_118.1732W_0800,AethLabs JPL,34.19941255,-118.1732079,research,aethalometer,SPECIES_USA-LosAngeles-0001_,,,,US,Pasadena,0.0028,900.0,0.0,0.0,0.0,720.0,0.0,0.0,898.0,900.0,0.0,2.0,MAIA_ANC_SURFACEMONITOR_PM_2.5_SPECIES_USA-LosAngeles_20250326T000000Z_F01_V2026p06p10.nc,,,
20250326,PM_2.5,Dust,0.4764,USA-LosAngeles-0001-33.8306N_117.9385W_1811,"Los Angeles-Long Beach-Anaheim, CA 11",33.83062,-117.93845,government,AQS,SPECIES_USA-LosAngeles-0001_,,,,US,Anaheim,,,,,,,,,,,,,MAIA_ANC_SURFACEMONITOR_PM_2.5_SPECIES_USA-LosAngeles_20250326T000000Z_F01_V2026p06p10.nc,-9999.0,-9999.0,-9999.0
20250326,PM_2.5,Dust,0.2159,USA-LosAngeles-0001-33.9996N_117.4160W_1805,"Riverside-San Bernardino-Ontario, CA 5",33.99958,-117.41601,government,AQS,SPECIES_USA-LosAngeles-0001_,,,,US,Rubidoux,,,,,,,,,,,,,MAIA_ANC_SURFACEMONITOR_PM_2.5_SPECIES_USA-LosAngeles_20250326T000000Z_F01_V2026p06p10.nc,1.0,0.5915562499999999,0.46781773475194105
20250326,PM_2.5,Dust,0.2038,USA-LosAngeles-0001-33.9996N_117.4160W_1806,"Riverside-San Bernardino-Ontario, CA 6",33.99958,-117.41601,government,AQS,SPECIES_USA-LosAngeles-0001_,,,,US,Rubidoux,,,,,,,,,,,,,MAIA_ANC_SURFACEMONITOR_PM_2.5_SPECIES_USA-LosAngeles_20250326T000000Z_F01_V2026p06p10.nc,1.0,0.507874,0.2775461098700539
20250326,PM_2.5,Dust,0.4976,USA-LosAngeles-0001-33.9996N_117.4160W_1811,"Riverside-San Bernardino-Ontario, CA 11",33.99958,-117.41601,government,AQS,SPECIES_USA-LosAngeles-0001_,,,,US,Rubidoux,,,,,,,,,,,,,MAIA_ANC_SURFACEMONITOR_PM_2.5_SPECIES_USA-LosAngeles_20250326T000000Z_F01_V2026p06p10.nc,-9999.0,-9999.0,-9999.0
20250326,PM_2.5,Dust,0.3805,USA-LosAngeles-0001-34.0666N_118.2269W_1805,"Los Angeles-Long Beach-Anaheim, CA 5",34.06659,-118.22688,government,AQS,SPECIES_USA-LosAngeles-0001_,,,,US,Los Angeles,,,,,,,,,,,,,MAIA_ANC_SURFACEMONITOR_PM_2.5_SPECIES_USA-LosAngeles_20250326T000000Z_F01_V2026p06p10.nc,1.0,0.6086975000000001,0.16954684173923737
20250326,PM_2.5,Dust,0.5949,USA-LosAngeles-0001-34.0666N_118.2269W_1811,"Los Angeles-Long Beach-Anaheim, CA 11",34.06659,-118.22688,government,AQS,SPECIES_USA-LosAngeles-0001_,,,,US,Los Angeles,,,,,,,,,,,,,MAIA_ANC_SURFACEMONITOR_PM_2.5_SPECIES_USA-LosAngeles_20250326T000000Z_F01_V2026p06p10.nc,-9999.0,-9999.0,-9999.0
20250326,PM_2.5,Dust,0.5837,USA-LosAngeles-0001-34.0666N_118.2269W_1812,"Los Angeles-Long Beach-Anaheim, CA 12",34.06659,-118.22688,government,AQS,SPECIES_USA-LosAngeles-0001_,,,,US,Los Angeles,,,,,,,,,,,,,MAIA_ANC_SURFACEMONITOR_PM_2.5_SPECIES_USA-LosAngeles_20250326T000000Z_F01_V2026p06p10.nc,-9999.0,-9999.0,-9999.0
20250326,PM_2.5,Dust,0.7991,USA-LosAngeles-0001-34.1000N_117.4920W_1811,"Riverside-San Bernardino-Ontario, CA 11",34.10002,-117.49201,government,AQS,SPECIES_USA-LosAngeles-0001_,,,,US,Fontana,,,,,,,,,,,,,MAIA_ANC_SURFACEMONITOR_PM_2.5_SPECIES_USA-LosAngeles_20250326T000000Z_F01_V2026p06p10.nc,-9999.0,-9999.0,-9999.0
20250326,PM_2.5,Dust,0.4484,USA-LosAngeles-0001-34.1939N_116.9141W_1801,"Riverside-San Bernardino-Ontario, CA 1",34.193925,-116.914063,government,AQS,SPECIES_USA-LosAngeles-0001_,,,,US,Not in a City,,,,,,,,,,,,,MAIA_ANC_SURFACEMONITOR_PM_2.5_SPECIES_USA-LosAngeles_20250326T000000Z_F01_V2026p06p10.nc,1.0,0.4093644444444444,0.23511156137322986
20250326,PM_2.5,Dust,0.5512,USA-LosAngeles-0001-34.8219N_118.8876W_1801,"Bakersfield, CA 1",34.821922,-118.887598,government,AQS,SPECIES_USA-LosAngeles-0001_,,,,US,Lebec,,,,,,,,,,,,,MAIA_ANC_SURFACEMONITOR_PM_2.5_SPECIES_USA-LosAngeles_20250326T000000Z_F01_V2026p06p10.nc,1.0,0.25581300000000007,0.17291968101115618
20250326,PM_2.5,Dust,0.9891,USA-LosAngeles-0001-35.3566N_119.0626W_1805,"Bakersfield, CA 5",35.356615,-119.062613,government,AQS,SPECIES_USA-LosAngeles-0001_,,,,US,Bakersfield,,,,,,,,,,,,,MAIA_ANC_SURFACEMONITOR_PM_2.5_SPECIES_USA-LosAngeles_20250326T000000Z_F01_V2026p06p10.nc,1.0,0.9938344444444446,1.158178369846479
20250326,PM_2.5,Dust,0.9066,USA-LosAngeles-0001-35.3566N_119.0626W_1806,"Bakersfield, CA 6",35.356615,-119.062613,government,AQS,SPECIES_USA-LosAngeles-0001_,,,,US,Bakersfield,,,,,,,,,,,,,MAIA_ANC_SURFACEMONITOR_PM_2.5_SPECIES_USA-LosAngeles_20250326T000000Z_F01_V2026p06p10.nc,1.0,0.8610200000000002,0.6792222214415544
20250326,PM_2.5,Dust,0.739,USA-LosAngeles-0001-36.3081N_119.3129W_1805,N/A,36.30815,-119.3129,government,AQS,SPECIES_USA-LosAngeles-0001_,,,,US,N/A,,,,,,,,,,,,,MAIA_ANC_SURFACEMONITOR_PM_2.5_SPECIES_USA-LosAngeles_20250326T000000Z_F01_V2026p06p10.nc,1.0,0.6459833333333334,0.320807823037753
20250326,PM_2.5,Dust,0.5077,USA-LosAngeles-0001-36.4988N_118.8248W_1801,"Visalia-Porterville, CA 1",36.498835,-118.824821,government,AQS,SPECIES_USA-LosAngeles-0001_,,,,US,Sequoia National Park,,,,,,,,,,,,,MAIA_ANC_SURFACEMONITOR_PM_2.5_SPECIES_USA-LosAngeles_20250326T000000Z_F01_V2026p06p10.nc,1.0,0.23684272727272726,0.17193270650254203
20250326,PM_2.5,Dust,0.6948,USA-LosAngeles-0001-36.7854N_119.7732W_1801,"Fresno, CA 1",36.78538,-119.77321,government,AQS,SPECIES_USA-LosAngeles-0001_,,,,US,Fresno,,,,,,,,,,,,,MAIA_ANC_SURFACEMONITOR_PM_2.5_SPECIES_USA-LosAngeles_20250326T000000Z_F01_V2026p06p10.nc,1.0,0.45894,0.3561421747560937
20250326,PM_2.5,Dust,0.5392,USA-LosAngeles-0001-36.7854N_119.7732W_1805,"Fresno, CA 5",36.78538,-119.77321,government,AQS,SPECIES_USA-LosAngeles-0001_,,,,US,Fresno,,,,,,,,,,,,,MAIA_ANC_SURFACEMONITOR_PM_2.5_SPECIES_USA-LosAngeles_20250326T000000Z_F01_V2026p06p10.nc,1.0,0.28003272727272727,0.24095082029670054
20250326,PM_2.5,Dust,1.3634,USA-LosAngeles-0001-37.3607N_118.3308W_1801,"Bishop, CA 1",37.360684,-118.330783,government,AQS,SPECIES_USA-LosAngeles-0001_,,,,US,Not in a City,,,,,,,,,,,,,MAIA_ANC_SURFACEMONITOR_PM_2.5_SPECIES_USA-LosAngeles_20250326T000000Z_F01_V2026p06p10.nc,1.0,0.5847877777777778,0.3990076377374744
20250326,PM_2.5,Dust,0.3061,USA-LosAngeles-0001-37.7133N_119.7062W_1801, 1,37.71325,-119.7062,government,AQS,SPECIES_USA-LosAngeles-0001_,,,,US,Not in a City,,,,,,,,,,,,,MAIA_ANC_SURFACEMONITOR_PM_2.5_SPECIES_USA-LosAngeles_20250326T000000Z_F01_V2026p06p10.nc,1.0,0.18311666666666668,0.17832051692263445
20250326,PM_2.5,Dust,0.2916,USA-LosAngeles-0001-37.7133N_119.7062W_1802, 2,37.71325,-119.7062,government,AQS,SPECIES_USA-LosAngeles-0001_,,,,US,Not in a City,,,,,,,,,,,,,MAIA_ANC_SURFACEMONITOR_PM_2.5_SPECIES_USA-LosAngeles_20250326T000000Z_F01_V2026p06p10.nc,1.0,0.196715,0.16870589090188878
20250326,PM_2.5,Elemental_Carbon,0.391,USA-LosAngeles-0001-33.9996N_117.4160W_1805,"Riverside-San Bernardino-Ontario, CA 5",33.99958,-117.41601,government,AQS,SPECIES_USA-LosAngeles-0001_,,,,US,Rubidoux,,,,,,,,,,,,,MAIA_ANC_SURFACEMONITOR_PM_2.5_SPECIES_USA-LosAngeles_20250326T000000Z_F01_V2026p06p10.nc,-9999.0,0.0032,0.6185
20250326,PM_2.5,Elemental_Carbon,0.347,USA-LosAngeles-0001-33.9996N_117.4160W_1806,"Riverside-San Bernardino-Ontario, CA 6",33.99958,-117.41601,government,AQS,SPECIES_USA-LosAngeles-0001_,,,,US,Rubidoux,,,,,,,,,,,,,MAIA_ANC_SURFACEMONITOR_PM_2.5_SPECIES_USA-LosAngeles_20250326T000000Z_F01_V2026p06p10.nc,-9999.0,0.0017,0.524
20250326,PM_2.5,Elemental_Carbon,0.319,USA-LosAngeles-0001-34.0666N_118.2269W_1805,"Los Angeles-Long Beach-Anaheim, CA 5",34.06659,-118.22688,government,AQS,SPECIES_USA-LosAngeles-0001_,,,,US,Los Angeles,,,,,,,,,,,,,MAIA_ANC_SURFACEMONITOR_PM_2.5_SPECIES_USA-LosAngeles_20250326T000000Z_F01_V2026p06p10.nc,-9999.0,0.0034,0.5416
20250326,PM_2.5,Elemental_Carbon,0.08,USA-LosAngeles-0001-34.1939N_116.9141W_1801,"Riverside-San Bernardino-Ontario, CA 1",34.193925,-116.914063,government,AQS,SPECIES_USA-LosAngeles-0001_,,,,US,Not in a City,,,,,,,,,,,,,MAIA_ANC_SURFACEMONITOR_PM_2.5_SPECIES_USA-LosAngeles_20250326T000000Z_F01_V2026p06p10.nc,-9999.0,0.0005,0.096
20250326,PM_2.5,Elemental_Carbon,0.13,USA-LosAngeles-0001-34.8219N_118.8876W_1801,"Bakersfield, CA 1",34.821922,-118.887598,government,AQS,SPECIES_USA-LosAngeles-0001_,,,,US,Lebec,,,,,,,,,,,,,MAIA_ANC_SURFACEMONITOR_PM_2.5_SPECIES_USA-LosAngeles_20250326T000000Z_F01_V2026p06p10.nc,-9999.0,0.0004,0.0814
20250326,PM_2.5,Elemental_Carbon,0.457,USA-LosAngeles-0001-35.3566N_119.0626W_1805,"Bakersfield, CA 5",35.356615,-119.062613,government,AQS,SPECIES_USA-LosAngeles-0001_,,,,US,Bakersfield,,,,,,,,,,,,,MAIA_ANC_SURFACEMONITOR_PM_2.5_SPECIES_USA-LosAngeles_20250326T000000Z_F01_V2026p06p10.nc,-9999.0,0.0015,0.2925
20250326,PM_2.5,Elemental_Carbon,0.417,USA-LosAngeles-0001-35.3566N_119.0626W_1806,"Bakersfield, CA 6",35.356615,-119.062613,government,AQS,SPECIES_USA-LosAngeles-0001_,,,,US,Bakersfield,,,,,,,,,,,,,MAIA_ANC_SURFACEMONITOR_PM_2.5_SPECIES_USA-LosAngeles_20250326T000000Z_F01_V2026p06p10.nc,-9999.0,0.0013,0.391
20250326,PM_2.5,Elemental_Carbon,0.14,USA-LosAngeles-0001-36.4988N_118.8248W_1801,"Visalia-Porterville, CA 1",36.498835,-118.824821,government,AQS,SPECIES_USA-LosAngeles-0001_,,,,US,Sequoia National Park,,,,,,,,,,,,,MAIA_ANC_SURFACEMONITOR_PM_2.5_SPECIES_USA-LosAngeles_20250326T000000Z_F01_V2026p06p10.nc,-9999.0,0.0007,0.1219
20250326,PM_2.5,Elemental_Carbon,0.36,USA-LosAngeles-0001-36.7854N_119.7732W_1801,"Fresno, CA 1",36.78538,-119.77321,government,AQS,SPECIES_USA-LosAngeles-0001_,,,,US,Fresno,,,,,,,,,,,,,MAIA_ANC_SURFACEMONITOR_PM_2.5_SPECIES_USA-LosAngeles_20250326T000000Z_F01_V2026p06p10.nc,-9999.0,0.0017,0.3156
20250326,PM_2.5,Elemental_Carbon,0.406,USA-LosAngeles-0001-36.7854N_119.7732W_1805,"Fresno, CA 5",36.78538,-119.77321,government,AQS,SPECIES_USA-LosAngeles-0001_,,,,US,Fresno,,,,,,,,,,,,,MAIA_ANC_SURFACEMONITOR_PM_2.5_SPECIES_USA-LosAngeles_20250326T000000Z_F01_V2026p06p10.nc,-9999.0,0.002,0.4223
20250326,PM_2.5,Elemental_Carbon,0.08,USA-LosAngeles-0001-37.3607N_118.3308W_1801,"Bishop, CA 1",37.360684,-118.330783,government,AQS,SPECIES_USA-LosAngeles-0001_,,,,US,Not in a City,,,,,,,,,,,,,MAIA_ANC_SURFACEMONITOR_PM_2.5_SPECIES_USA-LosAngeles_20250326T000000Z_F01_V2026p06p10.nc,-9999.0,0.0003,0.0561
20250326,PM_2.5,Elemental_Carbon,0.13,USA-LosAngeles-0001-37.7133N_119.7062W_1801, 1,37.71325,-119.7062,government,AQS,SPECIES_USA-LosAngeles-0001_,,,,US,Not in a City,,,,,,,,,,,,,MAIA_ANC_SURFACEMONITOR_PM_2.5_SPECIES_USA-LosAngeles_20250326T000000Z_F01_V2026p06p10.nc,-9999.0,0.0002,0.0712
20250326,PM_2.5,Nitrate,1.62,USA-LosAngeles-0001-33.8306N_117.9385W_1811,"Los Angeles-Long Beach-Anaheim, CA 11",33.83062,-117.93845,government,AQS,SPECIES_USA-LosAngeles-0001_,,,,US,Anaheim,,,,,,,,,,,,,MAIA_ANC_SURFACEMONITOR_PM_2.5_SPECIES_USA-LosAngeles_20250326T000000Z_F01_V2026p06p10.nc,-9999.0,0.0,
20250326,PM_2.5,Nitrate,5.2,USA-LosAngeles-0001-33.9996N_117.4160W_1805,"Riverside-San Bernardino-Ontario, CA 5",33.99958,-117.41601,government,AQS,SPECIES_USA-LosAngeles-0001_,,,,US,Rubidoux,,,,,,,,,,,,,MAIA_ANC_SURFACEMONITOR_PM_2.5_SPECIES_USA-LosAngeles_20250326T000000Z_F01_V2026p06p10.nc,-9999.0,0.0125,2.2091
20250326,PM_2.5,Nitrate,5.14,USA-LosAngeles-0001-33.9996N_117.4160W_1806,"Riverside-San Bernardino-Ontario, CA 6",33.99958,-117.41601,government,AQS,SPECIES_USA-LosAngeles-0001_,,,,US,Rubidoux,,,,,,,,,,,,,MAIA_ANC_SURFACEMONITOR_PM_2.5_SPECIES_USA-LosAngeles_20250326T000000Z_F01_V2026p06p10.nc,-9999.0,0.0049,1.836
20250326,PM_2.5,Nitrate,5.06,USA-LosAngeles-0001-33.9996N_117.4160W_1811,"Riverside-San Bernardino-Ontario, CA 11",33.99958,-117.41601,government,AQS,SPECIES_USA-LosAngeles-0001_,,,,US,Rubidoux,,,,,,,,,,,,,MAIA_ANC_SURFACEMONITOR_PM_2.5_SPECIES_USA-LosAngeles_20250326T000000Z_F01_V2026p06p10.nc,-9999.0,0.0,
20250326,PM_2.5,Nitrate,3.28,USA-LosAngeles-0001-34.0666N_118.2269W_1805,"Los Angeles-Long Beach-Anaheim, CA 5",34.06659,-118.22688,government,AQS,SPECIES_USA-LosAngeles-0001_,,,,US,Los Angeles,,,,,,,,,,,,,MAIA_ANC_SURFACEMONITOR_PM_2.5_SPECIES_USA-LosAngeles_20250326T000000Z_F01_V2026p06p10.nc,-9999.0,0.0138,3.0363
20250326,PM_2.5,Nitrate,3.1,USA-LosAngeles-0001-34.0666N_118.2269W_1811,"Los Angeles-Long Beach-Anaheim, CA 11",34.06659,-118.22688,government,AQS,SPECIES_USA-LosAngeles-0001_,,,,US,Los Angeles,,,,,,,,,,,,,MAIA_ANC_SURFACEMONITOR_PM_2.5_SPECIES_USA-LosAngeles_20250326T000000Z_F01_V2026p06p10.nc,-9999.0,0.0,
20250326,PM_2.5,Nitrate,3.0,USA-LosAngeles-0001-34.0666N_118.2269W_1812,"Los Angeles-Long Beach-Anaheim, CA 12",34.06659,-118.22688,government,AQS,SPECIES_USA-LosAngeles-0001_,,,,US,Los Angeles,,,,,,,,,,,,,MAIA_ANC_SURFACEMONITOR_PM_2.5_SPECIES_USA-LosAngeles_20250326T000000Z_F01_V2026p06p10.nc,-9999.0,0.0,
20250326,PM_2.5,Nitrate,8.1,USA-LosAngeles-0001-34.1000N_117.4920W_1811,"Riverside-San Bernardino-Ontario, CA 11",34.10002,-117.49201,government,AQS,SPECIES_USA-LosAngeles-0001_,,,,US,Fontana,,,,,,,,,,,,,MAIA_ANC_SURFACEMONITOR_PM_2.5_SPECIES_USA-LosAngeles_20250326T000000Z_F01_V2026p06p10.nc,-9999.0,0.0,
20250326,PM_2.5,Nitrate,0.502,USA-LosAngeles-0001-34.1939N_116.9141W_1801,"Riverside-San Bernardino-Ontario, CA 1",34.193925,-116.914063,government,AQS,SPECIES_USA-LosAngeles-0001_,,,,US,Not in a City,,,,,,,,,,,,,MAIA_ANC_SURFACEMONITOR_PM_2.5_SPECIES_USA-LosAngeles_20250326T000000Z_F01_V2026p06p10.nc,-9999.0,0.0041,0.9537
20250326,PM_2.5,Nitrate,0.151,USA-LosAngeles-0001-34.8219N_118.8876W_1801,"Bakersfield, CA 1",34.821922,-118.887598,government,AQS,SPECIES_USA-LosAngeles-0001_,,,,US,Lebec,,,,,,,,,,,,,MAIA_ANC_SURFACEMONITOR_PM_2.5_SPECIES_USA-LosAngeles_20250326T000000Z_F01_V2026p06p10.nc,-9999.0,0.0014,0.2604
20250326,PM_2.5,Nitrate,0.85,USA-LosAngeles-0001-35.3566N_119.0626W_1805,"Bakersfield, CA 5",35.356615,-119.062613,government,AQS,SPECIES_USA-LosAngeles-0001_,,,,US,Bakersfield,,,,,,,,,,,,,MAIA_ANC_SURFACEMONITOR_PM_2.5_SPECIES_USA-LosAngeles_20250326T000000Z_F01_V2026p06p10.nc,-9999.0,0.0062,1.3003
20250326,PM_2.5,Nitrate,0.76,USA-LosAngeles-0001-35.3566N_119.0626W_1806,"Bakersfield, CA 6",35.356615,-119.062613,government,AQS,SPECIES_USA-LosAngeles-0001_,,,,US,Bakersfield,,,,,,,,,,,,,MAIA_ANC_SURFACEMONITOR_PM_2.5_SPECIES_USA-LosAngeles_20250326T000000Z_F01_V2026p06p10.nc,-9999.0,0.0043,1.3481
20250326,PM_2.5,Nitrate,1.33,USA-LosAngeles-0001-36.3081N_119.3129W_1805,N/A,36.30815,-119.3129,government,AQS,SPECIES_USA-LosAngeles-0001_,,,,US,N/A,,,,,,,,,,,,,MAIA_ANC_SURFACEMONITOR_PM_2.5_SPECIES_USA-LosAngeles_20250326T000000Z_F01_V2026p06p10.nc,-9999.0,0.004,1.3384
20250326,PM_2.5,Nitrate,0.178,USA-LosAngeles-0001-36.4988N_118.8248W_1801,"Visalia-Porterville, CA 1",36.498835,-118.824821,government,AQS,SPECIES_USA-LosAngeles-0001_,,,,US,Sequoia National Park,,,,,,,,,,,,,MAIA_ANC_SURFACEMONITOR_PM_2.5_SPECIES_USA-LosAngeles_20250326T000000Z_F01_V2026p06p10.nc,-9999.0,0.002,0.3739
20250326,PM_2.5,Nitrate,1.541,USA-LosAngeles-0001-36.7854N_119.7732W_1801,"Fresno, CA 1",36.78538,-119.77321,government,AQS,SPECIES_USA-LosAngeles-0001_,,,,US,Fresno,,,,,,,,,,,,,MAIA_ANC_SURFACEMONITOR_PM_2.5_SPECIES_USA-LosAngeles_20250326T000000Z_F01_V2026p06p10.nc,-9999.0,0.0049,0.9618
20250326,PM_2.5,Nitrate,1.83,USA-LosAngeles-0001-36.7854N_119.7732W_1805,"Fresno, CA 5",36.78538,-119.77321,government,AQS,SPECIES_USA-LosAngeles-0001_,,,,US,Fresno,,,,,,,,,,,,,MAIA_ANC_SURFACEMONITOR_PM_2.5_SPECIES_USA-LosAngeles_20250326T000000Z_F01_V2026p06p10.nc,-9999.0,0.0057,1.0247
20250326,PM_2.5,Nitrate,0.071,USA-LosAngeles-0001-37.3607N_118.3308W_1801,"Bishop, CA 1",37.360684,-118.330783,government,AQS,SPECIES_USA-LosAngeles-0001_,,,,US,Not in a City,,,,,,,,,,,,,MAIA_ANC_SURFACEMONITOR_PM_2.5_SPECIES_USA-LosAngeles_20250326T000000Z_F01_V2026p06p10.nc,-9999.0,0.0004,0.0728
20250326,PM_2.5,Nitrate,0.401,USA-LosAngeles-0001-37.7133N_119.7062W_1801, 1,37.71325,-119.7062,government,AQS,SPECIES_USA-LosAngeles-0001_,,,,US,Not in a City,,,,,,,,,,,,,MAIA_ANC_SURFACEMONITOR_PM_2.5_SPECIES_USA-LosAngeles_20250326T000000Z_F01_V2026p06p10.nc,-9999.0,0.0004,0.1745
20250326,PM_2.5,Organic_Carbon,1.369,USA-LosAngeles-0001-33.9996N_117.4160W_1805,"Riverside-San Bernardino-Ontario, CA 5",33.99958,-117.41601,government,AQS,SPECIES_USA-LosAngeles-0001_,,,,US,Rubidoux,,,,,,,,,,,,,MAIA_ANC_SURFACEMONITOR_PM_2.5_SPECIES_USA-LosAngeles_20250326T000000Z_F01_V2026p06p10.nc,-9999.0,0.0103,1.8322
20250326,PM_2.5,Organic_Carbon,1.114,USA-LosAngeles-0001-33.9996N_117.4160W_1806,"Riverside-San Bernardino-Ontario, CA 6",33.99958,-117.41601,government,AQS,SPECIES_USA-LosAngeles-0001_,,,,US,Rubidoux,,,,,,,,,,,,,MAIA_ANC_SURFACEMONITOR_PM_2.5_SPECIES_USA-LosAngeles_20250326T000000Z_F01_V2026p06p10.nc,-9999.0,0.0052,1.5036
20250326,PM_2.5,Organic_Carbon,0.807,USA-LosAngeles-0001-34.0666N_118.2269W_1805,"Los Angeles-Long Beach-Anaheim, CA 5",34.06659,-118.22688,government,AQS,SPECIES_USA-LosAngeles-0001_,,,,US,Los Angeles,,,,,,,,,,,,,MAIA_ANC_SURFACEMONITOR_PM_2.5_SPECIES_USA-LosAngeles_20250326T000000Z_F01_V2026p06p10.nc,-9999.0,0.0115,1.8456
20250326,PM_2.5,Organic_Carbon,0.55,USA-LosAngeles-0001-34.1939N_116.9141W_1801,"Riverside-San Bernardino-Ontario, CA 1",34.193925,-116.914063,government,AQS,SPECIES_USA-LosAngeles-0001_,,,,US,Not in a City,,,,,,,,,,,,,MAIA_ANC_SURFACEMONITOR_PM_2.5_SPECIES_USA-LosAngeles_20250326T000000Z_F01_V2026p06p10.nc,-9999.0,0.0023,0.4653
20250326,PM_2.5,Organic_Carbon,0.82,USA-LosAngeles-0001-34.8219N_118.8876W_1801,"Bakersfield, CA 1",34.821922,-118.887598,government,AQS,SPECIES_USA-LosAngeles-0001_,,,,US,Lebec,,,,,,,,,,,,,MAIA_ANC_SURFACEMONITOR_PM_2.5_SPECIES_USA-LosAngeles_20250326T000000Z_F01_V2026p06p10.nc,-9999.0,0.0027,0.4975
20250326,PM_2.5,Organic_Carbon,2.48,USA-LosAngeles-0001-35.3566N_119.0626W_1805,"Bakersfield, CA 5",35.356615,-119.062613,government,AQS,SPECIES_USA-LosAngeles-0001_,,,,US,Bakersfield,,,,,,,,,,,,,MAIA_ANC_SURFACEMONITOR_PM_2.5_SPECIES_USA-LosAngeles_20250326T000000Z_F01_V2026p06p10.nc,-9999.0,0.0069,1.3239
20250326,PM_2.5,Organic_Carbon,2.442,USA-LosAngeles-0001-35.3566N_119.0626W_1806,"Bakersfield, CA 6",35.356615,-119.062613,government,AQS,SPECIES_USA-LosAngeles-0001_,,,,US,Bakersfield,,,,,,,,,,,,,MAIA_ANC_SURFACEMONITOR_PM_2.5_SPECIES_USA-LosAngeles_20250326T000000Z_F01_V2026p06p10.nc,-9999.0,0.0051,1.4568
20250326,PM_2.5,Organic_Carbon,0.97,USA-LosAngeles-0001-36.4988N_118.8248W_1801,"Visalia-Porterville, CA 1",36.498835,-118.824821,government,AQS,SPECIES_USA-LosAngeles-0001_,,,,US,Sequoia National Park,,,,,,,,,,,,,MAIA_ANC_SURFACEMONITOR_PM_2.5_SPECIES_USA-LosAngeles_20250326T000000Z_F01_V2026p06p10.nc,-9999.0,0.0054,0.8966
20250326,PM_2.5,Organic_Carbon,2.13,USA-LosAngeles-0001-36.7854N_119.7732W_1801,"Fresno, CA 1",36.78538,-119.77321,government,AQS,SPECIES_USA-LosAngeles-0001_,,,,US,Fresno,,,,,,,,,,,,,MAIA_ANC_SURFACEMONITOR_PM_2.5_SPECIES_USA-LosAngeles_20250326T000000Z_F01_V2026p06p10.nc,-9999.0,0.0088,1.6743
20250326,PM_2.5,Organic_Carbon,1.924,USA-LosAngeles-0001-36.7854N_119.7732W_1805,"Fresno, CA 5",36.78538,-119.77321,government,AQS,SPECIES_USA-LosAngeles-0001_,,,,US,Fresno,,,,,,,,,,,,,MAIA_ANC_SURFACEMONITOR_PM_2.5_SPECIES_USA-LosAngeles_20250326T000000Z_F01_V2026p06p10.nc,-9999.0,0.0081,1.6579
20250326,PM_2.5,Organic_Carbon,0.45,USA-LosAngeles-0001-37.3607N_118.3308W_1801,"Bishop, CA 1",37.360684,-118.330783,government,AQS,SPECIES_USA-LosAngeles-0001_,,,,US,Not in a City,,,,,,,,,,,,,MAIA_ANC_SURFACEMONITOR_PM_2.5_SPECIES_USA-LosAngeles_20250326T000000Z_F01_V2026p06p10.nc,-9999.0,0.0016,0.2826
20250326,PM_2.5,Organic_Carbon,0.83,USA-LosAngeles-0001-37.7133N_119.7062W_1801, 1,37.71325,-119.7062,government,AQS,SPECIES_USA-LosAngeles-0001_,,,,US,Not in a City,,,,,,,,,,,,,MAIA_ANC_SURFACEMONITOR_PM_2.5_SPECIES_USA-LosAngeles_20250326T000000Z_F01_V2026p06p10.nc,-9999.0,0.001,0.3683
20250326,PM_2.5,Sulfate,0.95,USA-LosAngeles-0001-33.8306N_117.9385W_1811,"Los Angeles-Long Beach-Anaheim, CA 11",33.83062,-117.93845,government,AQS,SPECIES_USA-LosAngeles-0001_,,,,US,Anaheim,,,,,,,,,,,,,MAIA_ANC_SURFACEMONITOR_PM_2.5_SPECIES_USA-LosAngeles_20250326T000000Z_F01_V2026p06p10.nc,-9999.0,0.0,
20250326,PM_2.5,Sulfate,1.15,USA-LosAngeles-0001-33.9996N_117.4160W_1805,"Riverside-San Bernardino-Ontario, CA 5",33.99958,-117.41601,government,AQS,SPECIES_USA-LosAngeles-0001_,,,,US,Rubidoux,,,,,,,,,,,,,MAIA_ANC_SURFACEMONITOR_PM_2.5_SPECIES_USA-LosAngeles_20250326T000000Z_F01_V2026p06p10.nc,-9999.0,0.0037,0.6688
20250326,PM_2.5,Sulfate,1.14,USA-LosAngeles-0001-33.9996N_117.4160W_1806,"Riverside-San Bernardino-Ontario, CA 6",33.99958,-117.41601,government,AQS,SPECIES_USA-LosAngeles-0001_,,,,US,Rubidoux,,,,,,,,,,,,,MAIA_ANC_SURFACEMONITOR_PM_2.5_SPECIES_USA-LosAngeles_20250326T000000Z_F01_V2026p06p10.nc,-9999.0,0.0014,0.5199
20250326,PM_2.5,Sulfate,0.98,USA-LosAngeles-0001-33.9996N_117.4160W_1811,"Riverside-San Bernardino-Ontario, CA 11",33.99958,-117.41601,government,AQS,SPECIES_USA-LosAngeles-0001_,,,,US,Rubidoux,,,,,,,,,,,,,MAIA_ANC_SURFACEMONITOR_PM_2.5_SPECIES_USA-LosAngeles_20250326T000000Z_F01_V2026p06p10.nc,-9999.0,0.0,
20250326,PM_2.5,Sulfate,2.06,USA-LosAngeles-0001-34.0666N_118.2269W_1805,"Los Angeles-Long Beach-Anaheim, CA 5",34.06659,-118.22688,government,AQS,SPECIES_USA-LosAngeles-0001_,,,,US,Los Angeles,,,,,,,,,,,,,MAIA_ANC_SURFACEMONITOR_PM_2.5_SPECIES_USA-LosAngeles_20250326T000000Z_F01_V2026p06p10.nc,-9999.0,0.0049,1.0656
20250326,PM_2.5,Sulfate,1.87,USA-LosAngeles-0001-34.0666N_118.2269W_1811,"Los Angeles-Long Beach-Anaheim, CA 11",34.06659,-118.22688,government,AQS,SPECIES_USA-LosAngeles-0001_,,,,US,Los Angeles,,,,,,,,,,,,,MAIA_ANC_SURFACEMONITOR_PM_2.5_SPECIES_USA-LosAngeles_20250326T000000Z_F01_V2026p06p10.nc,-9999.0,0.0,
20250326,PM_2.5,Sulfate,1.86,USA-LosAngeles-0001-34.0666N_118.2269W_1812,"Los Angeles-Long Beach-Anaheim, CA 12",34.06659,-118.22688,government,AQS,SPECIES_USA-LosAngeles-0001_,,,,US,Los Angeles,,,,,,,,,,,,,MAIA_ANC_SURFACEMONITOR_PM_2.5_SPECIES_USA-LosAngeles_20250326T000000Z_F01_V2026p06p10.nc,-9999.0,0.0,
20250326,PM_2.5,Sulfate,1.53,USA-LosAngeles-0001-34.1000N_117.4920W_1811,"Riverside-San Bernardino-Ontario, CA 11",34.10002,-117.49201,government,AQS,SPECIES_USA-LosAngeles-0001_,,,,US,Fontana,,,,,,,,,,,,,MAIA_ANC_SURFACEMONITOR_PM_2.5_SPECIES_USA-LosAngeles_20250326T000000Z_F01_V2026p06p10.nc,-9999.0,0.0,
20250326,PM_2.5,Sulfate,0.481,USA-LosAngeles-0001-34.1939N_116.9141W_1801,"Riverside-San Bernardino-Ontario, CA 1",34.193925,-116.914063,government,AQS,SPECIES_USA-LosAngeles-0001_,,,,US,Not in a City,,,,,,,,,,,,,MAIA_ANC_SURFACEMONITOR_PM_2.5_SPECIES_USA-LosAngeles_20250326T000000Z_F01_V2026p06p10.nc,-9999.0,0.0017,0.3563
20250326,PM_2.5,Sulfate,0.412,USA-LosAngeles-0001-34.8219N_118.8876W_1801,"Bakersfield, CA 1",34.821922,-118.887598,government,AQS,SPECIES_USA-LosAngeles-0001_,,,,US,Lebec,,,,,,,,,,,,,MAIA_ANC_SURFACEMONITOR_PM_2.5_SPECIES_USA-LosAngeles_20250326T000000Z_F01_V2026p06p10.nc,-9999.0,0.0021,0.3794
20250326,PM_2.5,Sulfate,0.78,USA-LosAngeles-0001-35.3566N_119.0626W_1805,"Bakersfield, CA 5",35.356615,-119.062613,government,AQS,SPECIES_USA-LosAngeles-0001_,,,,US,Bakersfield,,,,,,,,,,,,,MAIA_ANC_SURFACEMONITOR_PM_2.5_SPECIES_USA-LosAngeles_20250326T000000Z_F01_V2026p06p10.nc,-9999.0,0.0026,0.551
20250326,PM_2.5,Sulfate,0.67,USA-LosAngeles-0001-35.3566N_119.0626W_1806,"Bakersfield, CA 6",35.356615,-119.062613,government,AQS,SPECIES_USA-LosAngeles-0001_,,,,US,Bakersfield,,,,,,,,,,,,,MAIA_ANC_SURFACEMONITOR_PM_2.5_SPECIES_USA-LosAngeles_20250326T000000Z_F01_V2026p06p10.nc,-9999.0,0.0018,0.5603
20250326,PM_2.5,Sulfate,0.63,USA-LosAngeles-0001-36.3081N_119.3129W_1805,N/A,36.30815,-119.3129,government,AQS,SPECIES_USA-LosAngeles-0001_,,,,US,N/A,,,,,,,,,,,,,MAIA_ANC_SURFACEMONITOR_PM_2.5_SPECIES_USA-LosAngeles_20250326T000000Z_F01_V2026p06p10.nc,-9999.0,0.0017,0.5325
20250326,PM_2.5,Sulfate,0.408,USA-LosAngeles-0001-36.4988N_118.8248W_1801,"Visalia-Porterville, CA 1",36.498835,-118.824821,government,AQS,SPECIES_USA-LosAngeles-0001_,,,,US,Sequoia National Park,,,,,,,,,,,,,MAIA_ANC_SURFACEMONITOR_PM_2.5_SPECIES_USA-LosAngeles_20250326T000000Z_F01_V2026p06p10.nc,-9999.0,0.0025,0.4548
20250326,PM_2.5,Sulfate,0.757,USA-LosAngeles-0001-36.7854N_119.7732W_1801,"Fresno, CA 1",36.78538,-119.77321,government,AQS,SPECIES_USA-LosAngeles-0001_,,,,US,Fresno,,,,,,,,,,,,,MAIA_ANC_SURFACEMONITOR_PM_2.5_SPECIES_USA-LosAngeles_20250326T000000Z_F01_V2026p06p10.nc,-9999.0,0.0022,0.4073
20250326,PM_2.5,Sulfate,0.8,USA-LosAngeles-0001-36.7854N_119.7732W_1805,"Fresno, CA 5",36.78538,-119.77321,government,AQS,SPECIES_USA-LosAngeles-0001_,,,,US,Fresno,,,,,,,,,,,,,MAIA_ANC_SURFACEMONITOR_PM_2.5_SPECIES_USA-LosAngeles_20250326T000000Z_F01_V2026p06p10.nc,-9999.0,0.0025,0.4262
20250326,PM_2.5,Sulfate,0.449,USA-LosAngeles-0001-37.3607N_118.3308W_1801,"Bishop, CA 1",37.360684,-118.330783,government,AQS,SPECIES_USA-LosAngeles-0001_,,,,US,Not in a City,,,,,,,,,,,,,MAIA_ANC_SURFACEMONITOR_PM_2.5_SPECIES_USA-LosAngeles_20250326T000000Z_F01_V2026p06p10.nc,-9999.0,0.0017,0.302
20250326,PM_2.5,Sulfate,0.451,USA-LosAngeles-0001-37.7133N_119.7062W_1801, 1,37.71325,-119.7062,government,AQS,SPECIES_USA-LosAngeles-0001_,,,,US,Not in a City,,,,,,,,,,,,,MAIA_ANC_SURFACEMONITOR_PM_2.5_SPECIES_USA-LosAngeles_20250326T000000Z_F01_V2026p06p10.nc,-9999.0,0.0006,0.232
20250327,PM_2.5,Black_Carbon,0.0,USA-LosAngeles-0001-34.1994N_118.1732W_0800,AethLabs JPL,34.19941255,-118.1732079,research,aethalometer,SPECIES_USA-LosAngeles-0001_,,,,US,Pasadena,0.0028,900.0,0.0,0.0,0.0,720.0,0.0,0.0,898.0,900.0,0.0,2.0,MAIA_ANC_SURFACEMONITOR_PM_2.5_SPECIES_USA-LosAngeles_20250327T000000Z_F01_V2026p06p10.nc,,,
20250328,PM_2.5,Black_Carbon,0.0,USA-LosAngeles-0001-34.1994N_118.1732W_0800,AethLabs JPL,34.19941255,-118.1732079,research,aethalometer,SPECIES_USA-LosAngeles-0001_,,,,US,Pasadena,0.0028,900.0,0.0,0.0,0.0,720.0,0.0,0.0,898.0,900.0,0.0,2.0,MAIA_ANC_SURFACEMONITOR_PM_2.5_SPECIES_USA-LosAngeles_20250328T000000Z_F01_V2026p06p10.nc,,,
20250329,PM_2.5,Black_Carbon,0.0,USA-LosAngeles-0001-34.1994N_118.1732W_0800,AethLabs JPL,34.19941255,-118.1732079,research,aethalometer,SPECIES_USA-LosAngeles-0001_,,,,US,Pasadena,0.0028,900.0,0.0,0.0,0.0,720.0,0.0,0.0,898.0,900.0,0.0,2.0,MAIA_ANC_SURFACEMONITOR_PM_2.5_SPECIES_USA-LosAngeles_20250329T000000Z_F01_V2026p06p10.nc,,,
20250329,PM_2.5,Dust,0.2507,USA-LosAngeles-0001-33.4636N_116.9715W_1801,"Riverside-San Bernardino-Ontario, CA 1",33.463644,-116.971457,government,AQS,SPECIES_USA-LosAngeles-0001_,,,,US,Not in a City,,,,,,,,,,,,,MAIA_ANC_SURFACEMONITOR_PM_2.5_SPECIES_USA-LosAngeles_20250329T000000Z_F01_V2026p06p10.nc,1.0,0.26837,0.17711607617604905
20250329,PM_2.5,Dust,0.335,USA-LosAngeles-0001-33.9996N_117.4160W_1805,"Riverside-San Bernardino-Ontario, CA 5",33.99958,-117.41601,government,AQS,SPECIES_USA-LosAngeles-0001_,,,,US,Rubidoux,,,,,,,,,,,,,MAIA_ANC_SURFACEMONITOR_PM_2.5_SPECIES_USA-LosAngeles_20250329T000000Z_F01_V2026p06p10.nc,1.0,0.5915562499999999,0.46781773475194105
20250329,PM_2.5,Dust,0.3851,USA-LosAngeles-0001-34.0666N_118.2269W_1805,"Los Angeles-Long Beach-Anaheim, CA 5",34.06659,-118.22688,government,AQS,SPECIES_USA-LosAngeles-0001_,,,,US,Los Angeles,,,,,,,,,,,,,MAIA_ANC_SURFACEMONITOR_PM_2.5_SPECIES_USA-LosAngeles_20250329T000000Z_F01_V2026p06p10.nc,1.0,0.6086975000000001,0.16954684173923737
20250329,PM_2.5,Dust,1.0673,USA-LosAngeles-0001-34.1939N_116.9141W_1801,"Riverside-San Bernardino-Ontario, CA 1",34.193925,-116.914063,government,AQS,SPECIES_USA-LosAngeles-0001_,,,,US,Not in a City,,,,,,,,,,,,,MAIA_ANC_SURFACEMONITOR_PM_2.5_SPECIES_USA-LosAngeles_20250329T000000Z_F01_V2026p06p10.nc,1.0,0.4093644444444444,0.23511156137322986
20250329,PM_2.5,Dust,0.8309,USA-LosAngeles-0001-34.8219N_118.8876W_1801,"Bakersfield, CA 1",34.821922,-118.887598,government,AQS,SPECIES_USA-LosAngeles-0001_,,,,US,Lebec,,,,,,,,,,,,,MAIA_ANC_SURFACEMONITOR_PM_2.5_SPECIES_USA-LosAngeles_20250329T000000Z_F01_V2026p06p10.nc,0.0,0.25581300000000007,0.17291968101115618
20250329,PM_2.5,Dust,1.2295,USA-LosAngeles-0001-35.3566N_119.0626W_1805,"Bakersfield, CA 5",35.356615,-119.062613,government,AQS,SPECIES_USA-LosAngeles-0001_,,,,US,Bakersfield,,,,,,,,,,,,,MAIA_ANC_SURFACEMONITOR_PM_2.5_SPECIES_USA-LosAngeles_20250329T000000Z_F01_V2026p06p10.nc,1.0,0.9938344444444446,1.158178369846479
20250329,PM_2.5,Dust,0.1778,USA-LosAngeles-0001-36.4988N_118.8248W_1801,"Visalia-Porterville, CA 1",36.498835,-118.824821,government,AQS,SPECIES_USA-LosAngeles-0001_,,,,US,Sequoia National Park,,,,,,,,,,,,,MAIA_ANC_SURFACEMONITOR_PM_2.5_SPECIES_USA-LosAngeles_20250329T000000Z_F01_V2026p06p10.nc,1.0,0.23684272727272726,0.17193270650254203
20250329,PM_2.5,Dust,0.2614,USA-LosAngeles-0001-36.7854N_119.7732W_1801,"Fresno, CA 1",36.78538,-119.77321,government,AQS,SPECIES_USA-LosAngeles-0001_,,,,US,Fresno,,,,,,,,,,,,,MAIA_ANC_SURFACEMONITOR_PM_2.5_SPECIES_USA-LosAngeles_20250329T000000Z_F01_V2026p06p10.nc,1.0,0.45894,0.3561421747560937
20250329,PM_2.5,Dust,0.2968,USA-LosAngeles-0001-36.7854N_119.7732W_1805,"Fresno, CA 5",36.78538,-119.77321,government,AQS,SPECIES_USA-LosAngeles-0001_,,,,US,Fresno,,,,,,,,,,,,,MAIA_ANC_SURFACEMONITOR_PM_2.5_SPECIES_USA-LosAngeles_20250329T000000Z_F01_V2026p06p10.nc,1.0,0.28003272727272727,0.24095082029670054
20250329,PM_2.5,Dust,2.7368,USA-LosAngeles-0001-37.3607N_118.3308W_1801,"Bishop, CA 1",37.360684,-118.330783,government,AQS,SPECIES_USA-LosAngeles-0001_,,,,US,Not in a City,,,,,,,,,,,,,MAIA_ANC_SURFACEMONITOR_PM_2.5_SPECIES_USA-LosAngeles_20250329T000000Z_F01_V2026p06p10.nc,0.0,0.5847877777777778,0.3990076377374744
20250329,PM_2.5,Dust,0.3847,USA-LosAngeles-0001-37.7133N_119.7062W_1801, 1,37.71325,-119.7062,government,AQS,SPECIES_USA-LosAngeles-0001_,,,,US,Not in a City,,,,,,,,,,,,,MAIA_ANC_SURFACEMONITOR_PM_2.5_SPECIES_USA-LosAngeles_20250329T000000Z_F01_V2026p06p10.nc,1.0,0.18311666666666668,0.17832051692263445
20250329,PM_2.5,Dust,0.3913,USA-LosAngeles-0001-37.7133N_119.7062W_1802, 2,37.71325,-119.7062,government,AQS,SPECIES_USA-LosAngeles-0001_,,,,US,Not in a City,,,,,,,,,,,,,MAIA_ANC_SURFACEMONITOR_PM_2.5_SPECIES_USA-LosAngeles_20250329T000000Z_F01_V2026p06p10.nc,1.0,0.196715,0.16870589090188878
20250329,PM_2.5,Elemental_Carbon,0.18,USA-LosAngeles-0001-33.4636N_116.9715W_1801,"Riverside-San Bernardino-Ontario, CA 1",33.463644,-116.971457,government,AQS,SPECIES_USA-LosAngeles-0001_,,,,US,Not in a City,,,,,,,,,,,,,MAIA_ANC_SURFACEMONITOR_PM_2.5_SPECIES_USA-LosAngeles_20250329T000000Z_F01_V2026p06p10.nc,-9999.0,0.0004,0.181
20250329,PM_2.5,Elemental_Carbon,0.171,USA-LosAngeles-0001-33.9996N_117.4160W_1805,"Riverside-San Bernardino-Ontario, CA 5",33.99958,-117.41601,government,AQS,SPECIES_USA-LosAngeles-0001_,,,,US,Rubidoux,,,,,,,,,,,,,MAIA_ANC_SURFACEMONITOR_PM_2.5_SPECIES_USA-LosAngeles_20250329T000000Z_F01_V2026p06p10.nc,-9999.0,0.0032,0.6185
20250329,PM_2.5,Elemental_Carbon,0.377,USA-LosAngeles-0001-34.0666N_118.2269W_1805,"Los Angeles-Long Beach-Anaheim, CA 5",34.06659,-118.22688,government,AQS,SPECIES_USA-LosAngeles-0001_,,,,US,Los Angeles,,,,,,,,,,,,,MAIA_ANC_SURFACEMONITOR_PM_2.5_SPECIES_USA-LosAngeles_20250329T000000Z_F01_V2026p06p10.nc,-9999.0,0.0034,0.5416
20250329,PM_2.5,Elemental_Carbon,0.11,USA-LosAngeles-0001-34.1939N_116.9141W_1801,"Riverside-San Bernardino-Ontario, CA 1",34.193925,-116.914063,government,AQS,SPECIES_USA-LosAngeles-0001_,,,,US,Not in a City,,,,,,,,,,,,,MAIA_ANC_SURFACEMONITOR_PM_2.5_SPECIES_USA-LosAngeles_20250329T000000Z_F01_V2026p06p10.nc,-9999.0,0.0005,0.096
20250329,PM_2.5,Elemental_Carbon,0.06,USA-LosAngeles-0001-34.8219N_118.8876W_1801,"Bakersfield, CA 1",34.821922,-118.887598,government,AQS,SPECIES_USA-LosAngeles-0001_,,,,US,Lebec,,,,,,,,,,,,,MAIA_ANC_SURFACEMONITOR_PM_2.5_SPECIES_USA-LosAngeles_20250329T000000Z_F01_V2026p06p10.nc,-9999.0,0.0004,0.0814
20250329,PM_2.5,Elemental_Carbon,0.149,USA-LosAngeles-0001-35.3566N_119.0626W_1805,"Bakersfield, CA 5",35.356615,-119.062613,government,AQS,SPECIES_USA-LosAngeles-0001_,,,,US,Bakersfield,,,,,,,,,,,,,MAIA_ANC_SURFACEMONITOR_PM_2.5_SPECIES_USA-LosAngeles_20250329T000000Z_F01_V2026p06p10.nc,-9999.0,0.0015,0.2925
20250329,PM_2.5,Elemental_Carbon,0.09,USA-LosAngeles-0001-36.4988N_118.8248W_1801,"Visalia-Porterville, CA 1",36.498835,-118.824821,government,AQS,SPECIES_USA-LosAngeles-0001_,,,,US,Sequoia National Park,,,,,,,,,,,,,MAIA_ANC_SURFACEMONITOR_PM_2.5_SPECIES_USA-LosAngeles_20250329T000000Z_F01_V2026p06p10.nc,-9999.0,0.0007,0.1219
20250329,PM_2.5,Elemental_Carbon,0.13,USA-LosAngeles-0001-36.7854N_119.7732W_1801,"Fresno, CA 1",36.78538,-119.77321,government,AQS,SPECIES_USA-LosAngeles-0001_,,,,US,Fresno,,,,,,,,,,,,,MAIA_ANC_SURFACEMONITOR_PM_2.5_SPECIES_USA-LosAngeles_20250329T000000Z_F01_V2026p06p10.nc,-9999.0,0.0017,0.3156
20250329,PM_2.5,Elemental_Carbon,0.174,USA-LosAngeles-0001-36.7854N_119.7732W_1805,"Fresno, CA 5",36.78538,-119.77321,government,AQS,SPECIES_USA-LosAngeles-0001_,,,,US,Fresno,,,,,,,,,,,,,MAIA_ANC_SURFACEMONITOR_PM_2.5_SPECIES_USA-LosAngeles_20250329T000000Z_F01_V2026p06p10.nc,-9999.0,0.002,0.4223
20250329,PM_2.5,Elemental_Carbon,0.06,USA-LosAngeles-0001-37.3607N_118.3308W_1801,"Bishop, CA 1",37.360684,-118.330783,government,AQS,SPECIES_USA-LosAngeles-0001_,,,,US,Not in a City,,,,,,,,,,,,,MAIA_ANC_SURFACEMONITOR_PM_2.5_SPECIES_USA-LosAngeles_20250329T000000Z_F01_V2026p06p10.nc,-9999.0,0.0003,0.0561
20250329,PM_2.5,Elemental_Carbon,0.01,USA-LosAngeles-0001-37.7133N_119.7062W_1801, 1,37.71325,-119.7062,government,AQS,SPECIES_USA-LosAngeles-0001_,,,,US,Not in a City,,,,,,,,,,,,,MAIA_ANC_SURFACEMONITOR_PM_2.5_SPECIES_USA-LosAngeles_20250329T000000Z_F01_V2026p06p10.nc,-9999.0,0.0002,0.0712
20250329,PM_2.5,Nitrate,0.962,USA-LosAngeles-0001-33.4636N_116.9715W_1801,"Riverside-San Bernardino-Ontario, CA 1",33.463644,-116.971457,government,AQS,SPECIES_USA-LosAngeles-0001_,,,,US,Not in a City,,,,,,,,,,,,,MAIA_ANC_SURFACEMONITOR_PM_2.5_SPECIES_USA-LosAngeles_20250329T000000Z_F01_V2026p06p10.nc,-9999.0,0.0007,0.2897
20250329,PM_2.5,Nitrate,1.54,USA-LosAngeles-0001-33.9996N_117.4160W_1805,"Riverside-San Bernardino-Ontario, CA 5",33.99958,-117.41601,government,AQS,SPECIES_USA-LosAngeles-0001_,,,,US,Rubidoux,,,,,,,,,,,,,MAIA_ANC_SURFACEMONITOR_PM_2.5_SPECIES_USA-LosAngeles_20250329T000000Z_F01_V2026p06p10.nc,-9999.0,0.0125,2.2091
20250329,PM_2.5,Nitrate,1.43,USA-LosAngeles-0001-34.0666N_118.2269W_1805,"Los Angeles-Long Beach-Anaheim, CA 5",34.06659,-118.22688,government,AQS,SPECIES_USA-LosAngeles-0001_,,,,US,Los Angeles,,,,,,,,,,,,,MAIA_ANC_SURFACEMONITOR_PM_2.5_SPECIES_USA-LosAngeles_20250329T000000Z_F01_V2026p06p10.nc,-9999.0,0.0138,3.0363
20250329,PM_2.5,Nitrate,2.025,USA-LosAngeles-0001-34.1939N_116.9141W_1801,"Riverside-San Bernardino-Ontario, CA 1",34.193925,-116.914063,government,AQS,SPECIES_USA-LosAngeles-0001_,,,,US,Not in a City,,,,,,,,,,,,,MAIA_ANC_SURFACEMONITOR_PM_2.5_SPECIES_USA-LosAngeles_20250329T000000Z_F01_V2026p06p10.nc,-9999.0,0.0041,0.9537
20250329,PM_2.5,Nitrate,0.45,USA-LosAngeles-0001-34.8219N_118.8876W_1801,"Bakersfield, CA 1",34.821922,-118.887598,government,AQS,SPECIES_USA-LosAngeles-0001_,,,,US,Lebec,,,,,,,,,,,,,MAIA_ANC_SURFACEMONITOR_PM_2.5_SPECIES_USA-LosAngeles_20250329T000000Z_F01_V2026p06p10.nc,-9999.0,0.0014,0.2604
20250329,PM_2.5,Nitrate,1.12,USA-LosAngeles-0001-35.3566N_119.0626W_1805,"Bakersfield, CA 5",35.356615,-119.062613,government,AQS,SPECIES_USA-LosAngeles-0001_,,,,US,Bakersfield,,,,,,,,,,,,,MAIA_ANC_SURFACEMONITOR_PM_2.5_SPECIES_USA-LosAngeles_20250329T000000Z_F01_V2026p06p10.nc,-9999.0,0.0062,1.3003
20250329,PM_2.5,Nitrate,0.497,USA-LosAngeles-0001-36.4988N_118.8248W_1801,"Visalia-Porterville, CA 1",36.498835,-118.824821,government,AQS,SPECIES_USA-LosAngeles-0001_,,,,US,Sequoia National Park,,,,,,,,,,,,,MAIA_ANC_SURFACEMONITOR_PM_2.5_SPECIES_USA-LosAngeles_20250329T000000Z_F01_V2026p06p10.nc,-9999.0,0.002,0.3739
20250329,PM_2.5,Nitrate,0.633,USA-LosAngeles-0001-36.7854N_119.7732W_1801,"Fresno, CA 1",36.78538,-119.77321,government,AQS,SPECIES_USA-LosAngeles-0001_,,,,US,Fresno,,,,,,,,,,,,,MAIA_ANC_SURFACEMONITOR_PM_2.5_SPECIES_USA-LosAngeles_20250329T000000Z_F01_V2026p06p10.nc,-9999.0,0.0049,0.9618
20250329,PM_2.5,Nitrate,0.61,USA-LosAngeles-0001-36.7854N_119.7732W_1805,"Fresno, CA 5",36.78538,-119.77321,government,AQS,SPECIES_USA-LosAngeles-0001_,,,,US,Fresno,,,,,,,,,,,,,MAIA_ANC_SURFACEMONITOR_PM_2.5_SPECIES_USA-LosAngeles_20250329T000000Z_F01_V2026p06p10.nc,-9999.0,0.0057,1.0247
20250329,PM_2.5,Nitrate,0.316,USA-LosAngeles-0001-37.3607N_118.3308W_1801,"Bishop, CA 1",37.360684,-118.330783,government,AQS,SPECIES_USA-LosAngeles-0001_,,,,US,Not in a City,,,,,,,,,,,,,MAIA_ANC_SURFACEMONITOR_PM_2.5_SPECIES_USA-LosAngeles_20250329T000000Z_F01_V2026p06p10.nc,-9999.0,0.0004,0.0728
20250329,PM_2.5,Nitrate,0.256,USA-LosAngeles-0001-37.7133N_119.7062W_1801, 1,37.71325,-119.7062,government,AQS,SPECIES_USA-LosAngeles-0001_,,,,US,Not in a City,,,,,,,,,,,,,MAIA_ANC_SURFACEMONITOR_PM_2.5_SPECIES_USA-LosAngeles_20250329T000000Z_F01_V2026p06p10.nc,-9999.0,0.0004,0.1745
20250329,PM_2.5,Organic_Carbon,0.82,USA-LosAngeles-0001-33.4636N_116.9715W_1801,"Riverside-San Bernardino-Ontario, CA 1",33.463644,-116.971457,government,AQS,SPECIES_USA-LosAngeles-0001_,,,,US,Not in a City,,,,,,,,,,,,,MAIA_ANC_SURFACEMONITOR_PM_2.5_SPECIES_USA-LosAngeles_20250329T000000Z_F01_V2026p06p10.nc,-9999.0,0.0021,0.7914
20250329,PM_2.5,Organic_Carbon,0.894,USA-LosAngeles-0001-33.9996N_117.4160W_1805,"Riverside-San Bernardino-Ontario, CA 5",33.99958,-117.41601,government,AQS,SPECIES_USA-LosAngeles-0001_,,,,US,Rubidoux,,,,,,,,,,,,,MAIA_ANC_SURFACEMONITOR_PM_2.5_SPECIES_USA-LosAngeles_20250329T000000Z_F01_V2026p06p10.nc,-9999.0,0.0103,1.8322
20250329,PM_2.5,Organic_Carbon,1.048,USA-LosAngeles-0001-34.0666N_118.2269W_1805,"Los Angeles-Long Beach-Anaheim, CA 5",34.06659,-118.22688,government,AQS,SPECIES_USA-LosAngeles-0001_,,,,US,Los Angeles,,,,,,,,,,,,,MAIA_ANC_SURFACEMONITOR_PM_2.5_SPECIES_USA-LosAngeles_20250329T000000Z_F01_V2026p06p10.nc,-9999.0,0.0115,1.8456
20250329,PM_2.5,Organic_Carbon,0.74,USA-LosAngeles-0001-34.1939N_116.9141W_1801,"Riverside-San Bernardino-Ontario, CA 1",34.193925,-116.914063,government,AQS,SPECIES_USA-LosAngeles-0001_,,,,US,Not in a City,,,,,,,,,,,,,MAIA_ANC_SURFACEMONITOR_PM_2.5_SPECIES_USA-LosAngeles_20250329T000000Z_F01_V2026p06p10.nc,-9999.0,0.0023,0.4653
20250329,PM_2.5,Organic_Carbon,0.41,USA-LosAngeles-0001-34.8219N_118.8876W_1801,"Bakersfield, CA 1",34.821922,-118.887598,government,AQS,SPECIES_USA-LosAngeles-0001_,,,,US,Lebec,,,,,,,,,,,,,MAIA_ANC_SURFACEMONITOR_PM_2.5_SPECIES_USA-LosAngeles_20250329T000000Z_F01_V2026p06p10.nc,-9999.0,0.0027,0.4975
20250329,PM_2.5,Organic_Carbon,0.792,USA-LosAngeles-0001-35.3566N_119.0626W_1805,"Bakersfield, CA 5",35.356615,-119.062613,government,AQS,SPECIES_USA-LosAngeles-0001_,,,,US,Bakersfield,,,,,,,,,,,,,MAIA_ANC_SURFACEMONITOR_PM_2.5_SPECIES_USA-LosAngeles_20250329T000000Z_F01_V2026p06p10.nc,-9999.0,0.0069,1.3239
20250329,PM_2.5,Organic_Carbon,0.84,USA-LosAngeles-0001-36.4988N_118.8248W_1801,"Visalia-Porterville, CA 1",36.498835,-118.824821,government,AQS,SPECIES_USA-LosAngeles-0001_,,,,US,Sequoia National Park,,,,,,,,,,,,,MAIA_ANC_SURFACEMONITOR_PM_2.5_SPECIES_USA-LosAngeles_20250329T000000Z_F01_V2026p06p10.nc,-9999.0,0.0054,0.8966
20250329,PM_2.5,Organic_Carbon,0.75,USA-LosAngeles-0001-36.7854N_119.7732W_1801,"Fresno, CA 1",36.78538,-119.77321,government,AQS,SPECIES_USA-LosAngeles-0001_,,,,US,Fresno,,,,,,,,,,,,,MAIA_ANC_SURFACEMONITOR_PM_2.5_SPECIES_USA-LosAngeles_20250329T000000Z_F01_V2026p06p10.nc,-9999.0,0.0088,1.6743
20250329,PM_2.5,Organic_Carbon,0.811,USA-LosAngeles-0001-36.7854N_119.7732W_1805,"Fresno, CA 5",36.78538,-119.77321,government,AQS,SPECIES_USA-LosAngeles-0001_,,,,US,Fresno,,,,,,,,,,,,,MAIA_ANC_SURFACEMONITOR_PM_2.5_SPECIES_USA-LosAngeles_20250329T000000Z_F01_V2026p06p10.nc,-9999.0,0.0081,1.6579
20250329,PM_2.5,Organic_Carbon,0.42,USA-LosAngeles-0001-37.3607N_118.3308W_1801,"Bishop, CA 1",37.360684,-118.330783,government,AQS,SPECIES_USA-LosAngeles-0001_,,,,US,Not in a City,,,,,,,,,,,,,MAIA_ANC_SURFACEMONITOR_PM_2.5_SPECIES_USA-LosAngeles_20250329T000000Z_F01_V2026p06p10.nc,-9999.0,0.0016,0.2826
20250329,PM_2.5,Organic_Carbon,0.35,USA-LosAngeles-0001-37.7133N_119.7062W_1801, 1,37.71325,-119.7062,government,AQS,SPECIES_USA-LosAngeles-0001_,,,,US,Not in a City,,,,,,,,,,,,,MAIA_ANC_SURFACEMONITOR_PM_2.5_SPECIES_USA-LosAngeles_20250329T000000Z_F01_V2026p06p10.nc,-9999.0,0.001,0.3683
20250329,PM_2.5,Sulfate,0.941,USA-LosAngeles-0001-33.4636N_116.9715W_1801,"Riverside-San Bernardino-Ontario, CA 1",33.463644,-116.971457,government,AQS,SPECIES_USA-LosAngeles-0001_,,,,US,Not in a City,,,,,,,,,,,,,MAIA_ANC_SURFACEMONITOR_PM_2.5_SPECIES_USA-LosAngeles_20250329T000000Z_F01_V2026p06p10.nc,-9999.0,0.0008,0.3135
20250329,PM_2.5,Sulfate,1.0,USA-LosAngeles-0001-33.9996N_117.4160W_1805,"Riverside-San Bernardino-Ontario, CA 5",33.99958,-117.41601,government,AQS,SPECIES_USA-LosAngeles-0001_,,,,US,Rubidoux,,,,,,,,,,,,,MAIA_ANC_SURFACEMONITOR_PM_2.5_SPECIES_USA-LosAngeles_20250329T000000Z_F01_V2026p06p10.nc,-9999.0,0.0037,0.6688
20250329,PM_2.5,Sulfate,0.87,USA-LosAngeles-0001-34.0666N_118.2269W_1805,"Los Angeles-Long Beach-Anaheim, CA 5",34.06659,-118.22688,government,AQS,SPECIES_USA-LosAngeles-0001_,,,,US,Los Angeles,,,,,,,,,,,,,MAIA_ANC_SURFACEMONITOR_PM_2.5_SPECIES_USA-LosAngeles_20250329T000000Z_F01_V2026p06p10.nc,-9999.0,0.0049,1.0656
20250329,PM_2.5,Sulfate,0.919,USA-LosAngeles-0001-34.1939N_116.9141W_1801,"Riverside-San Bernardino-Ontario, CA 1",34.193925,-116.914063,government,AQS,SPECIES_USA-LosAngeles-0001_,,,,US,Not in a City,,,,,,,,,,,,,MAIA_ANC_SURFACEMONITOR_PM_2.5_SPECIES_USA-LosAngeles_20250329T000000Z_F01_V2026p06p10.nc,-9999.0,0.0017,0.3563
20250329,PM_2.5,Sulfate,0.598,USA-LosAngeles-0001-34.8219N_118.8876W_1801,"Bakersfield, CA 1",34.821922,-118.887598,government,AQS,SPECIES_USA-LosAngeles-0001_,,,,US,Lebec,,,,,,,,,,,,,MAIA_ANC_SURFACEMONITOR_PM_2.5_SPECIES_USA-LosAngeles_20250329T000000Z_F01_V2026p06p10.nc,-9999.0,0.0021,0.3794
20250329,PM_2.5,Sulfate,0.97,USA-LosAngeles-0001-35.3566N_119.0626W_1805,"Bakersfield, CA 5",35.356615,-119.062613,government,AQS,SPECIES_USA-LosAngeles-0001_,,,,US,Bakersfield,,,,,,,,,,,,,MAIA_ANC_SURFACEMONITOR_PM_2.5_SPECIES_USA-LosAngeles_20250329T000000Z_F01_V2026p06p10.nc,-9999.0,0.0026,0.551
20250329,PM_2.5,Sulfate,0.451,USA-LosAngeles-0001-36.4988N_118.8248W_1801,"Visalia-Porterville, CA 1",36.498835,-118.824821,government,AQS,SPECIES_USA-LosAngeles-0001_,,,,US,Sequoia National Park,,,,,,,,,,,,,MAIA_ANC_SURFACEMONITOR_PM_2.5_SPECIES_USA-LosAngeles_20250329T000000Z_F01_V2026p06p10.nc,-9999.0,0.0025,0.4548
20250329,PM_2.5,Sulfate,0.342,USA-LosAngeles-0001-36.7854N_119.7732W_1801,"Fresno, CA 1",36.78538,-119.77321,government,AQS,SPECIES_USA-LosAngeles-0001_,,,,US,Fresno,,,,,,,,,,,,,MAIA_ANC_SURFACEMONITOR_PM_2.5_SPECIES_USA-LosAngeles_20250329T000000Z_F01_V2026p06p10.nc,-9999.0,0.0022,0.4073
20250329,PM_2.5,Sulfate,0.45,USA-LosAngeles-0001-36.7854N_119.7732W_1805,"Fresno, CA 5",36.78538,-119.77321,government,AQS,SPECIES_USA-LosAngeles-0001_,,,,US,Fresno,,,,,,,,,,,,,MAIA_ANC_SURFACEMONITOR_PM_2.5_SPECIES_USA-LosAngeles_20250329T000000Z_F01_V2026p06p10.nc,-9999.0,0.0025,0.4262
20250329,PM_2.5,Sulfate,0.778,USA-LosAngeles-0001-37.3607N_118.3308W_1801,"Bishop, CA 1",37.360684,-118.330783,government,AQS,SPECIES_USA-LosAngeles-0001_,,,,US,Not in a City,,,,,,,,,,,,,MAIA_ANC_SURFACEMONITOR_PM_2.5_SPECIES_USA-LosAngeles_20250329T000000Z_F01_V2026p06p10.nc,-9999.0,0.0017,0.302
20250329,PM_2.5,Sulfate,0.354,USA-LosAngeles-0001-37.7133N_119.7062W_1801, 1,37.71325,-119.7062,government,AQS,SPECIES_USA-LosAngeles-0001_,,,,US,Not in a City,,,,,,,,,,,,,MAIA_ANC_SURFACEMONITOR_PM_2.5_SPECIES_USA-LosAngeles_20250329T000000Z_F01_V2026p06p10.nc,-9999.0,0.0006,0.232
20250330,PM_2.5,Black_Carbon,0.0,USA-LosAngeles-0001-34.1994N_118.1732W_0800,AethLabs JPL,34.19941255,-118.1732079,research,aethalometer,SPECIES_USA-LosAngeles-0001_,,,,US,Pasadena,0.0028,900.0,0.0,0.0,0.0,720.0,0.0,0.0,898.0,900.0,0.0,2.0,MAIA_ANC_SURFACEMONITOR_PM_2.5_SPECIES_USA-LosAngeles_20250330T000000Z_F01_V2026p06p10.nc,,,
20250331,PM_2.5,Black_Carbon,0.0,USA-LosAngeles-0001-34.1994N_118.1732W_0800,AethLabs JPL,34.19941255,-118.1732079,research,aethalometer,SPECIES_USA-LosAngeles-0001_,,,,US,Pasadena,0.0028,900.0,0.0,0.0,0.0,720.0,0.0,0.0,898.0,900.0,0.0,2.0,MAIA_ANC_SURFACEMONITOR_PM_2.5_SPECIES_USA-LosAngeles_20250331T000000Z_F01_V2026p06p10.nc,,,
